2026-09-22T15:45:24.280Z BIND thresh={"soft":0.3,"firm":0.4,"hard":0.7}
2026-09-22T15:46:28.305Z WF-START name=gvs-solve id=9ae7496c-8e4a-4715-af78-d1bf0cea8e58
2026-09-22T15:46:28.412Z START meta=gvs-solve label=predominant_manager phase=plan childId=9cc8cc63-1988-4510-86f0-3f59f6b6081c
2026-09-22T15:46:28.412Z GOT agent=true status=running label=predominant_manager
2026-09-22T15:47:18.182Z WF-END meta=gvs-solve childId=9cc8cc63-1988-4510-86f0-3f59f6b6081c outcome=completed
2026-09-22T15:47:18.237Z START meta=gvs-solve label=idea_worker phase=ideate childId=e737c7db-759e-415c-bf41-ea64565efbc1
2026-09-22T15:47:18.237Z GOT agent=true status=running label=idea_worker
2026-09-22T15:49:01.144Z WF-END meta=gvs-solve childId=e737c7db-759e-415c-bf41-ea64565efbc1 outcome=completed
2026-09-22T15:49:01.198Z START meta=gvs-solve label=decision_manager phase=solve childId=d97b9563-c1c6-4778-b513-64190862c3e3
2026-09-22T15:49:01.198Z GOT agent=true status=running label=decision_manager
2026-09-22T15:49:45.328Z WF-END meta=gvs-solve childId=d97b9563-c1c6-4778-b513-64190862c3e3 outcome=completed
2026-09-22T15:49:45.399Z START meta=gvs-solve label=laborer_worker phase=solve childId=bb7344aa-315e-4f1e-93e7-7ea42731bd13
2026-09-22T15:49:45.399Z GOT agent=true status=running label=laborer_worker
2026-09-22T15:49:45.400Z CTX label=laborer_worker tok=0 window=0 pct=0.0000 peak=none
2026-09-22T15:49:46.401Z CTX label=laborer_worker tok=14392 window=215040 pct=0.0669 peak=none
2026-09-22T15:49:47.402Z CTX label=laborer_worker tok=14392 window=215040 pct=0.0669 peak=none
2026-09-22T15:49:48.404Z CTX label=laborer_worker tok=14392 window=215040 pct=0.0669 peak=none
2026-09-22T15:49:49.404Z CTX label=laborer_worker tok=14392 window=215040 pct=0.0669 peak=none
2026-09-22T15:49:50.403Z CTX label=laborer_worker tok=14392 window=215040 pct=0.0669 peak=none
2026-09-22T15:49:51.404Z CTX label=laborer_worker tok=14405 window=215040 pct=0.0670 peak=none
2026-09-22T15:49:52.405Z CTX label=laborer_worker tok=16775 window=215040 pct=0.0780 peak=none
2026-09-22T15:49:53.406Z CTX label=laborer_worker tok=16853 window=215040 pct=0.0784 peak=none
2026-09-22T15:49:54.407Z CTX label=laborer_worker tok=17294 window=215040 pct=0.0804 peak=none
2026-09-22T15:49:55.407Z CTX label=laborer_worker tok=19142 window=215040 pct=0.0890 peak=none
2026-09-22T15:49:56.408Z CTX label=laborer_worker tok=19142 window=215040 pct=0.0890 peak=none
2026-09-22T15:49:57.408Z CTX label=laborer_worker tok=19142 window=215040 pct=0.0890 peak=none
2026-09-22T15:49:58.409Z CTX label=laborer_worker tok=19215 window=215040 pct=0.0894 peak=none
2026-09-22T15:49:59.410Z CTX label=laborer_worker tok=19344 window=215040 pct=0.0900 peak=none
2026-09-22T15:50:00.410Z CTX label=laborer_worker tok=19478 window=215040 pct=0.0906 peak=none
2026-09-22T15:50:01.410Z CTX label=laborer_worker tok=19577 window=215040 pct=0.0910 peak=none
2026-09-22T15:50:02.411Z CTX label=laborer_worker tok=19661 window=215040 pct=0.0914 peak=none
2026-09-22T15:50:03.411Z CTX label=laborer_worker tok=19761 window=215040 pct=0.0919 peak=none
2026-09-22T15:50:04.412Z CTX label=laborer_worker tok=19847 window=215040 pct=0.0923 peak=none
2026-09-22T15:50:05.413Z CTX label=laborer_worker tok=19937 window=215040 pct=0.0927 peak=none
2026-09-22T15:50:06.413Z CTX label=laborer_worker tok=20009 window=215040 pct=0.0930 peak=none
2026-09-22T15:50:07.415Z CTX label=laborer_worker tok=20105 window=215040 pct=0.0935 peak=none
2026-09-22T15:50:08.415Z CTX label=laborer_worker tok=20200 window=215040 pct=0.0939 peak=none
2026-09-22T15:50:09.417Z CTX label=laborer_worker tok=20292 window=215040 pct=0.0944 peak=none
2026-09-22T15:50:10.418Z CTX label=laborer_worker tok=20371 window=215040 pct=0.0947 peak=none
2026-09-22T15:50:11.418Z CTX label=laborer_worker tok=20483 window=215040 pct=0.0953 peak=none
2026-09-22T15:50:12.417Z CTX label=laborer_worker tok=20588 window=215040 pct=0.0957 peak=none
2026-09-22T15:50:13.418Z CTX label=laborer_worker tok=20678 window=215040 pct=0.0962 peak=none
2026-09-22T15:50:14.419Z CTX label=laborer_worker tok=20765 window=215040 pct=0.0966 peak=none
2026-09-22T15:50:15.420Z CTX label=laborer_worker tok=20853 window=215040 pct=0.0970 peak=none
2026-09-22T15:50:16.421Z CTX label=laborer_worker tok=20937 window=215040 pct=0.0974 peak=none
2026-09-22T15:50:17.420Z CTX label=laborer_worker tok=21038 window=215040 pct=0.0978 peak=none
2026-09-22T15:50:18.421Z CTX label=laborer_worker tok=21118 window=215040 pct=0.0982 peak=none
2026-09-22T15:50:19.422Z CTX label=laborer_worker tok=21212 window=215040 pct=0.0986 peak=none
2026-09-22T15:50:20.424Z CTX label=laborer_worker tok=21289 window=215040 pct=0.0990 peak=none
2026-09-22T15:50:21.425Z CTX label=laborer_worker tok=21351 window=215040 pct=0.0993 peak=none
2026-09-22T15:50:22.426Z CTX label=laborer_worker tok=21408 window=215040 pct=0.0996 peak=none
2026-09-22T15:50:23.427Z CTX label=laborer_worker tok=21490 window=215040 pct=0.0999 peak=none
2026-09-22T15:50:24.427Z CTX label=laborer_worker tok=21582 window=215040 pct=0.1004 peak=none
2026-09-22T15:50:25.427Z CTX label=laborer_worker tok=21677 window=215040 pct=0.1008 peak=none
2026-09-22T15:50:26.428Z CTX label=laborer_worker tok=21784 window=215040 pct=0.1013 peak=none
2026-09-22T15:50:27.429Z CTX label=laborer_worker tok=21873 window=215040 pct=0.1017 peak=none
2026-09-22T15:50:28.428Z CTX label=laborer_worker tok=21972 window=215040 pct=0.1022 peak=none
2026-09-22T15:50:29.429Z CTX label=laborer_worker tok=22073 window=215040 pct=0.1026 peak=none
2026-09-22T15:50:30.430Z CTX label=laborer_worker tok=22162 window=215040 pct=0.1031 peak=none
2026-09-22T15:50:31.432Z CTX label=laborer_worker tok=24152 window=215040 pct=0.1123 peak=none
2026-09-22T15:50:32.432Z CTX label=laborer_worker tok=24266 window=215040 pct=0.1128 peak=none
2026-09-22T15:50:33.433Z CTX label=laborer_worker tok=24385 window=215040 pct=0.1134 peak=none
2026-09-22T15:50:34.432Z CTX label=laborer_worker tok=24505 window=215040 pct=0.1140 peak=none
2026-09-22T15:50:35.434Z CTX label=laborer_worker tok=24605 window=215040 pct=0.1144 peak=none
2026-09-22T15:50:36.434Z CTX label=laborer_worker tok=24696 window=215040 pct=0.1148 peak=none
2026-09-22T15:50:37.434Z CTX label=laborer_worker tok=24779 window=215040 pct=0.1152 peak=none
2026-09-22T15:50:38.436Z CTX label=laborer_worker tok=24865 window=215040 pct=0.1156 peak=none
2026-09-22T15:50:39.437Z CTX label=laborer_worker tok=24965 window=215040 pct=0.1161 peak=none
2026-09-22T15:50:40.436Z CTX label=laborer_worker tok=25053 window=215040 pct=0.1165 peak=none
2026-09-22T15:50:41.437Z CTX label=laborer_worker tok=25140 window=215040 pct=0.1169 peak=none
2026-09-22T15:50:42.437Z CTX label=laborer_worker tok=25235 window=215040 pct=0.1174 peak=none
2026-09-22T15:50:43.437Z CTX label=laborer_worker tok=25353 window=215040 pct=0.1179 peak=none
2026-09-22T15:50:44.439Z CTX label=laborer_worker tok=25441 window=215040 pct=0.1183 peak=none
2026-09-22T15:50:45.440Z CTX label=laborer_worker tok=25537 window=215040 pct=0.1188 peak=none
2026-09-22T15:50:46.441Z CTX label=laborer_worker tok=25620 window=215040 pct=0.1191 peak=none
2026-09-22T15:50:47.441Z CTX label=laborer_worker tok=25693 window=215040 pct=0.1195 peak=none
2026-09-22T15:50:48.442Z CTX label=laborer_worker tok=25766 window=215040 pct=0.1198 peak=none
2026-09-22T15:50:49.442Z CTX label=laborer_worker tok=25886 window=215040 pct=0.1204 peak=none
2026-09-22T15:50:50.443Z CTX label=laborer_worker tok=26006 window=215040 pct=0.1209 peak=none
2026-09-22T15:50:51.443Z CTX label=laborer_worker tok=26106 window=215040 pct=0.1214 peak=none
2026-09-22T15:50:52.445Z CTX label=laborer_worker tok=26225 window=215040 pct=0.1220 peak=none
2026-09-22T15:50:53.445Z CTX label=laborer_worker tok=26317 window=215040 pct=0.1224 peak=none
2026-09-22T15:50:54.446Z CTX label=laborer_worker tok=26366 window=215040 pct=0.1226 peak=none
2026-09-22T15:50:55.445Z CTX label=laborer_worker tok=26426 window=215040 pct=0.1229 peak=none
2026-09-22T15:50:56.447Z CTX label=laborer_worker tok=26495 window=215040 pct=0.1232 peak=none
2026-09-22T15:50:57.447Z CTX label=laborer_worker tok=26563 window=215040 pct=0.1235 peak=none
2026-09-22T15:50:58.447Z CTX label=laborer_worker tok=26642 window=215040 pct=0.1239 peak=none
2026-09-22T15:50:59.447Z CTX label=laborer_worker tok=26702 window=215040 pct=0.1242 peak=none
2026-09-22T15:51:00.446Z CTX label=laborer_worker tok=26783 window=215040 pct=0.1245 peak=none
2026-09-22T15:51:01.447Z CTX label=laborer_worker tok=26850 window=215040 pct=0.1249 peak=none
2026-09-22T15:51:02.447Z CTX label=laborer_worker tok=26938 window=215040 pct=0.1253 peak=none
2026-09-22T15:51:03.447Z CTX label=laborer_worker tok=27043 window=215040 pct=0.1258 peak=none
2026-09-22T15:51:04.447Z CTX label=laborer_worker tok=27131 window=215040 pct=0.1262 peak=none
2026-09-22T15:51:05.448Z CTX label=laborer_worker tok=27204 window=215040 pct=0.1265 peak=none
2026-09-22T15:51:06.448Z CTX label=laborer_worker tok=27264 window=215040 pct=0.1268 peak=none
2026-09-22T15:51:07.450Z CTX label=laborer_worker tok=27343 window=215040 pct=0.1272 peak=none
2026-09-22T15:51:08.450Z CTX label=laborer_worker tok=27419 window=215040 pct=0.1275 peak=none
2026-09-22T15:51:09.451Z CTX label=laborer_worker tok=27482 window=215040 pct=0.1278 peak=none
2026-09-22T15:51:10.450Z CTX label=laborer_worker tok=27545 window=215040 pct=0.1281 peak=none
2026-09-22T15:51:11.452Z CTX label=laborer_worker tok=27608 window=215040 pct=0.1284 peak=none
2026-09-22T15:51:12.453Z CTX label=laborer_worker tok=27682 window=215040 pct=0.1287 peak=none
2026-09-22T15:51:13.454Z CTX label=laborer_worker tok=27762 window=215040 pct=0.1291 peak=none
2026-09-22T15:51:14.456Z CTX label=laborer_worker tok=27839 window=215040 pct=0.1295 peak=none
2026-09-22T15:51:15.457Z CTX label=laborer_worker tok=27893 window=215040 pct=0.1297 peak=none
2026-09-22T15:51:16.458Z CTX label=laborer_worker tok=27952 window=215040 pct=0.1300 peak=none
2026-09-22T15:51:17.458Z CTX label=laborer_worker tok=28019 window=215040 pct=0.1303 peak=none
2026-09-22T15:51:18.459Z CTX label=laborer_worker tok=28099 window=215040 pct=0.1307 peak=none
2026-09-22T15:51:19.460Z CTX label=laborer_worker tok=28150 window=215040 pct=0.1309 peak=none
2026-09-22T15:51:20.459Z CTX label=laborer_worker tok=28215 window=215040 pct=0.1312 peak=none
2026-09-22T15:51:21.462Z CTX label=laborer_worker tok=28346 window=215040 pct=0.1318 peak=none
2026-09-22T15:51:22.461Z CTX label=laborer_worker tok=28487 window=215040 pct=0.1325 peak=none
2026-09-22T15:51:23.462Z CTX label=laborer_worker tok=28600 window=215040 pct=0.1330 peak=none
2026-09-22T15:51:24.464Z CTX label=laborer_worker tok=28683 window=215040 pct=0.1334 peak=none
2026-09-22T15:51:25.464Z CTX label=laborer_worker tok=28774 window=215040 pct=0.1338 peak=none
2026-09-22T15:51:26.466Z CTX label=laborer_worker tok=28856 window=215040 pct=0.1342 peak=none
2026-09-22T15:51:27.468Z CTX label=laborer_worker tok=28922 window=215040 pct=0.1345 peak=none
2026-09-22T15:51:28.466Z CTX label=laborer_worker tok=29015 window=215040 pct=0.1349 peak=none
2026-09-22T15:51:29.468Z CTX label=laborer_worker tok=29111 window=215040 pct=0.1354 peak=none
2026-09-22T15:51:30.466Z CTX label=laborer_worker tok=29225 window=215040 pct=0.1359 peak=none
2026-09-22T15:51:31.467Z CTX label=laborer_worker tok=29286 window=215040 pct=0.1362 peak=none
2026-09-22T15:51:32.466Z CTX label=laborer_worker tok=29348 window=215040 pct=0.1365 peak=none
2026-09-22T15:51:33.466Z CTX label=laborer_worker tok=29449 window=215040 pct=0.1369 peak=none
2026-09-22T15:51:34.467Z CTX label=laborer_worker tok=29578 window=215040 pct=0.1375 peak=none
2026-09-22T15:51:35.467Z CTX label=laborer_worker tok=29719 window=215040 pct=0.1382 peak=none
2026-09-22T15:51:36.468Z CTX label=laborer_worker tok=29850 window=215040 pct=0.1388 peak=none
2026-09-22T15:51:37.469Z CTX label=laborer_worker tok=29943 window=215040 pct=0.1392 peak=none
2026-09-22T15:51:38.470Z CTX label=laborer_worker tok=30090 window=215040 pct=0.1399 peak=none
2026-09-22T15:51:39.471Z CTX label=laborer_worker tok=30215 window=215040 pct=0.1405 peak=none
2026-09-22T15:51:40.472Z CTX label=laborer_worker tok=30314 window=215040 pct=0.1410 peak=none
2026-09-22T15:51:41.473Z CTX label=laborer_worker tok=30394 window=215040 pct=0.1413 peak=none
2026-09-22T15:51:42.473Z CTX label=laborer_worker tok=30507 window=215040 pct=0.1419 peak=none
2026-09-22T15:51:43.475Z CTX label=laborer_worker tok=30615 window=215040 pct=0.1424 peak=none
2026-09-22T15:51:44.474Z CTX label=laborer_worker tok=30719 window=215040 pct=0.1429 peak=none
2026-09-22T15:51:45.475Z CTX label=laborer_worker tok=30798 window=215040 pct=0.1432 peak=none
2026-09-22T15:51:46.476Z CTX label=laborer_worker tok=30911 window=215040 pct=0.1437 peak=none
2026-09-22T15:51:47.477Z CTX label=laborer_worker tok=31036 window=215040 pct=0.1443 peak=none
2026-09-22T15:51:48.476Z CTX label=laborer_worker tok=31127 window=215040 pct=0.1447 peak=none
2026-09-22T15:51:49.478Z CTX label=laborer_worker tok=31192 window=215040 pct=0.1451 peak=none
2026-09-22T15:51:50.478Z CTX label=laborer_worker tok=31285 window=215040 pct=0.1455 peak=none
2026-09-22T15:51:51.480Z CTX label=laborer_worker tok=31285 window=215040 pct=0.1455 peak=none
2026-09-22T15:51:52.480Z CTX label=laborer_worker tok=31667 window=215040 pct=0.1473 peak=none
2026-09-22T15:51:53.482Z CTX label=laborer_worker tok=31786 window=215040 pct=0.1478 peak=none
2026-09-22T15:51:54.482Z CTX label=laborer_worker tok=31905 window=215040 pct=0.1484 peak=none
2026-09-22T15:51:55.482Z CTX label=laborer_worker tok=31905 window=215040 pct=0.1484 peak=none
2026-09-22T15:51:56.483Z CTX label=laborer_worker tok=34782 window=215040 pct=0.1617 peak=none
2026-09-22T15:51:57.485Z CTX label=laborer_worker tok=34782 window=215040 pct=0.1617 peak=none
2026-09-22T15:51:58.486Z CTX label=laborer_worker tok=34782 window=215040 pct=0.1617 peak=none
2026-09-22T15:51:59.487Z CTX label=laborer_worker tok=34782 window=215040 pct=0.1617 peak=none
2026-09-22T15:52:00.487Z CTX label=laborer_worker tok=34782 window=215040 pct=0.1617 peak=none
2026-09-22T15:52:01.487Z CTX label=laborer_worker tok=34782 window=215040 pct=0.1617 peak=none
2026-09-22T15:52:02.489Z CTX label=laborer_worker tok=35265 window=215040 pct=0.1640 peak=none
2026-09-22T15:52:03.489Z CTX label=laborer_worker tok=35265 window=215040 pct=0.1640 peak=none
2026-09-22T15:52:04.489Z CTX label=laborer_worker tok=35265 window=215040 pct=0.1640 peak=none
2026-09-22T15:52:05.491Z CTX label=laborer_worker tok=35265 window=215040 pct=0.1640 peak=none
2026-09-22T15:52:06.491Z CTX label=laborer_worker tok=35265 window=215040 pct=0.1640 peak=none
2026-09-22T15:52:07.491Z CTX label=laborer_worker tok=35901 window=215040 pct=0.1670 peak=none
2026-09-22T15:52:08.491Z CTX label=laborer_worker tok=35901 window=215040 pct=0.1670 peak=none
2026-09-22T15:52:09.492Z CTX label=laborer_worker tok=35901 window=215040 pct=0.1670 peak=none
2026-09-22T15:52:10.493Z CTX label=laborer_worker tok=36278 window=215040 pct=0.1687 peak=none
2026-09-22T15:52:11.493Z CTX label=laborer_worker tok=36278 window=215040 pct=0.1687 peak=none
2026-09-22T15:52:12.495Z CTX label=laborer_worker tok=36278 window=215040 pct=0.1687 peak=none
2026-09-22T15:52:13.494Z CTX label=laborer_worker tok=36278 window=215040 pct=0.1687 peak=none
2026-09-22T15:52:14.495Z CTX label=laborer_worker tok=36278 window=215040 pct=0.1687 peak=none
2026-09-22T15:52:15.496Z CTX label=laborer_worker tok=36278 window=215040 pct=0.1687 peak=none
2026-09-22T15:52:16.495Z CTX label=laborer_worker tok=36278 window=215040 pct=0.1687 peak=none
2026-09-22T15:52:17.497Z CTX label=laborer_worker tok=37047 window=215040 pct=0.1723 peak=none
2026-09-22T15:52:18.498Z CTX label=laborer_worker tok=37047 window=215040 pct=0.1723 peak=none
2026-09-22T15:52:19.498Z CTX label=laborer_worker tok=37047 window=215040 pct=0.1723 peak=none
2026-09-22T15:52:20.500Z CTX label=laborer_worker tok=37375 window=215040 pct=0.1738 peak=none
2026-09-22T15:52:21.500Z CTX label=laborer_worker tok=37375 window=215040 pct=0.1738 peak=none
2026-09-22T15:52:22.501Z CTX label=laborer_worker tok=37375 window=215040 pct=0.1738 peak=none
2026-09-22T15:52:23.501Z CTX label=laborer_worker tok=37375 window=215040 pct=0.1738 peak=none
2026-09-22T15:52:24.503Z CTX label=laborer_worker tok=37375 window=215040 pct=0.1738 peak=none
2026-09-22T15:52:25.503Z CTX label=laborer_worker tok=37907 window=215040 pct=0.1763 peak=none
2026-09-22T15:52:26.504Z CTX label=laborer_worker tok=37907 window=215040 pct=0.1763 peak=none
2026-09-22T15:52:27.506Z CTX label=laborer_worker tok=37907 window=215040 pct=0.1763 peak=none
2026-09-22T15:52:28.506Z CTX label=laborer_worker tok=37907 window=215040 pct=0.1763 peak=none
2026-09-22T15:52:29.507Z CTX label=laborer_worker tok=37918 window=215040 pct=0.1763 peak=none
2026-09-22T15:52:30.508Z CTX label=laborer_worker tok=38014 window=215040 pct=0.1768 peak=none
2026-09-22T15:52:31.508Z CTX label=laborer_worker tok=39590 window=215040 pct=0.1841 peak=none
2026-09-22T15:52:32.507Z CTX label=laborer_worker tok=39590 window=215040 pct=0.1841 peak=none
2026-09-22T15:52:33.508Z CTX label=laborer_worker tok=39590 window=215040 pct=0.1841 peak=none
2026-09-22T15:52:34.509Z CTX label=laborer_worker tok=39590 window=215040 pct=0.1841 peak=none
2026-09-22T15:52:35.512Z CTX label=laborer_worker tok=39590 window=215040 pct=0.1841 peak=none
2026-09-22T15:52:36.513Z CTX label=laborer_worker tok=39590 window=215040 pct=0.1841 peak=none
2026-09-22T15:52:37.513Z CTX label=laborer_worker tok=39590 window=215040 pct=0.1841 peak=none
2026-09-22T15:52:38.513Z CTX label=laborer_worker tok=39590 window=215040 pct=0.1841 peak=none
2026-09-22T15:52:39.513Z CTX label=laborer_worker tok=39590 window=215040 pct=0.1841 peak=none
2026-09-22T15:52:40.514Z CTX label=laborer_worker tok=39590 window=215040 pct=0.1841 peak=none
2026-09-22T15:52:41.515Z CTX label=laborer_worker tok=39590 window=215040 pct=0.1841 peak=none
2026-09-22T15:52:42.516Z CTX label=laborer_worker tok=39590 window=215040 pct=0.1841 peak=none
2026-09-22T15:52:43.517Z CTX label=laborer_worker tok=39590 window=215040 pct=0.1841 peak=none
2026-09-22T15:52:44.518Z CTX label=laborer_worker tok=39590 window=215040 pct=0.1841 peak=none
2026-09-22T15:52:45.517Z CTX label=laborer_worker tok=39590 window=215040 pct=0.1841 peak=none
2026-09-22T15:52:46.518Z CTX label=laborer_worker tok=39590 window=215040 pct=0.1841 peak=none
2026-09-22T15:52:47.520Z CTX label=laborer_worker tok=39668 window=215040 pct=0.1845 peak=none
2026-09-22T15:52:48.520Z CTX label=laborer_worker tok=39836 window=215040 pct=0.1852 peak=none
2026-09-22T15:52:49.520Z CTX label=laborer_worker tok=39990 window=215040 pct=0.1860 peak=none
2026-09-22T15:52:50.521Z CTX label=laborer_worker tok=40000 window=215040 pct=0.1860 peak=none
2026-09-22T15:52:51.523Z CTX label=laborer_worker tok=40163 window=215040 pct=0.1868 peak=none
2026-09-22T15:52:52.523Z CTX label=laborer_worker tok=40163 window=215040 pct=0.1868 peak=none
2026-09-22T15:52:53.524Z CTX label=laborer_worker tok=40163 window=215040 pct=0.1868 peak=none
2026-09-22T15:52:54.526Z CTX label=laborer_worker tok=40226 window=215040 pct=0.1871 peak=none
2026-09-22T15:52:55.527Z CTX label=laborer_worker tok=40323 window=215040 pct=0.1875 peak=none
2026-09-22T15:52:56.526Z CTX label=laborer_worker tok=40430 window=215040 pct=0.1880 peak=none
2026-09-22T15:52:57.526Z CTX label=laborer_worker tok=40541 window=215040 pct=0.1885 peak=none
2026-09-22T15:53:27.354Z BIND thresh={"soft":0.15,"firm":0.2,"hard":0.35}
2026-09-22T15:54:33.194Z WF-START name=gvs-solve id=02cdc9b1-8024-4061-ae17-25aa425c1f83
2026-09-22T15:54:33.311Z START meta=gvs-solve label=predominant_manager phase=plan childId=9200d3e7-b59a-4eff-b385-927b9a868dad
2026-09-22T15:54:33.311Z GOT agent=true status=running label=predominant_manager
2026-09-22T15:55:35.462Z WF-END meta=gvs-solve childId=9200d3e7-b59a-4eff-b385-927b9a868dad outcome=completed
2026-09-22T15:55:35.527Z START meta=gvs-solve label=idea_worker phase=ideate childId=98a66062-65c1-411a-b93c-726fec5f6981
2026-09-22T15:55:35.528Z GOT agent=true status=running label=idea_worker
2026-09-22T15:57:16.609Z WF-END meta=gvs-solve childId=98a66062-65c1-411a-b93c-726fec5f6981 outcome=completed
2026-09-22T15:57:16.678Z START meta=gvs-solve label=decision_manager phase=solve childId=447850f6-591e-4e03-9a11-fa7e3d910bc9
2026-09-22T15:57:16.678Z GOT agent=true status=running label=decision_manager
2026-09-22T15:57:59.268Z WF-END meta=gvs-solve childId=447850f6-591e-4e03-9a11-fa7e3d910bc9 outcome=completed
2026-09-22T15:57:59.328Z START meta=gvs-solve label=laborer_worker phase=solve childId=4d679600-87fb-410a-87be-c6b52bf21d60
2026-09-22T15:57:59.328Z GOT agent=true status=running label=laborer_worker
2026-09-22T15:57:59.328Z CTX label=laborer_worker tok=0 window=0 pct=0.0000 peak=none
2026-09-22T15:58:00.332Z CTX label=laborer_worker tok=14349 window=215040 pct=0.0667 peak=none
2026-09-22T15:58:01.333Z CTX label=laborer_worker tok=14349 window=215040 pct=0.0667 peak=none
2026-09-22T15:58:02.334Z CTX label=laborer_worker tok=14349 window=215040 pct=0.0667 peak=none
2026-09-22T15:58:03.335Z CTX label=laborer_worker tok=14349 window=215040 pct=0.0667 peak=none
2026-09-22T15:58:04.335Z CTX label=laborer_worker tok=14349 window=215040 pct=0.0667 peak=none
2026-09-22T15:58:05.333Z CTX label=laborer_worker tok=16621 window=215040 pct=0.0773 peak=none
2026-09-22T15:58:06.335Z CTX label=laborer_worker tok=16635 window=215040 pct=0.0774 peak=none
2026-09-22T15:58:07.337Z CTX label=laborer_worker tok=16774 window=215040 pct=0.0780 peak=none
2026-09-22T15:58:08.337Z CTX label=laborer_worker tok=16872 window=215040 pct=0.0785 peak=none
2026-09-22T15:58:09.338Z CTX label=laborer_worker tok=18015 window=215040 pct=0.0838 peak=none
2026-09-22T15:58:10.340Z CTX label=laborer_worker tok=18036 window=215040 pct=0.0839 peak=none
2026-09-22T15:58:11.341Z CTX label=laborer_worker tok=18095 window=215040 pct=0.0841 peak=none
2026-09-22T15:58:12.341Z CTX label=laborer_worker tok=20143 window=215040 pct=0.0937 peak=none
2026-09-22T15:58:13.343Z CTX label=laborer_worker tok=20143 window=215040 pct=0.0937 peak=none
2026-09-22T15:58:14.342Z CTX label=laborer_worker tok=20243 window=215040 pct=0.0941 peak=none
2026-09-22T15:58:15.342Z CTX label=laborer_worker tok=20375 window=215040 pct=0.0947 peak=none
2026-09-22T15:58:16.344Z CTX label=laborer_worker tok=20480 window=215040 pct=0.0952 peak=none
2026-09-22T15:58:17.344Z CTX label=laborer_worker tok=20546 window=215040 pct=0.0955 peak=none
2026-09-22T15:58:18.344Z CTX label=laborer_worker tok=20638 window=215040 pct=0.0960 peak=none
2026-09-22T15:58:19.345Z CTX label=laborer_worker tok=20760 window=215040 pct=0.0965 peak=none
2026-09-22T15:58:20.345Z CTX label=laborer_worker tok=20880 window=215040 pct=0.0971 peak=none
2026-09-22T15:58:21.345Z CTX label=laborer_worker tok=21003 window=215040 pct=0.0977 peak=none
2026-09-22T15:58:22.348Z CTX label=laborer_worker tok=21081 window=215040 pct=0.0980 peak=none
2026-09-22T15:58:23.349Z CTX label=laborer_worker tok=21161 window=215040 pct=0.0984 peak=none
2026-09-22T15:58:24.349Z CTX label=laborer_worker tok=21242 window=215040 pct=0.0988 peak=none
2026-09-22T15:58:25.349Z CTX label=laborer_worker tok=21336 window=215040 pct=0.0992 peak=none
2026-09-22T15:58:26.350Z CTX label=laborer_worker tok=21443 window=215040 pct=0.0997 peak=none
2026-09-22T15:58:27.351Z CTX label=laborer_worker tok=21518 window=215040 pct=0.1001 peak=none
2026-09-22T15:58:28.350Z CTX label=laborer_worker tok=21595 window=215040 pct=0.1004 peak=none
2026-09-22T15:58:29.350Z CTX label=laborer_worker tok=21675 window=215040 pct=0.1008 peak=none
2026-09-22T15:58:30.351Z CTX label=laborer_worker tok=21756 window=215040 pct=0.1012 peak=none
2026-09-22T15:58:31.351Z CTX label=laborer_worker tok=21891 window=215040 pct=0.1018 peak=none
2026-09-22T15:58:32.350Z CTX label=laborer_worker tok=21970 window=215040 pct=0.1022 peak=none
2026-09-22T15:58:33.352Z CTX label=laborer_worker tok=22048 window=215040 pct=0.1025 peak=none
2026-09-22T15:58:34.352Z CTX label=laborer_worker tok=22127 window=215040 pct=0.1029 peak=none
2026-09-22T15:58:35.353Z CTX label=laborer_worker tok=22218 window=215040 pct=0.1033 peak=none
2026-09-22T15:58:36.354Z CTX label=laborer_worker tok=22307 window=215040 pct=0.1037 peak=none
2026-09-22T15:58:37.356Z CTX label=laborer_worker tok=22421 window=215040 pct=0.1043 peak=none
2026-09-22T15:58:38.356Z CTX label=laborer_worker tok=22516 window=215040 pct=0.1047 peak=none
2026-09-22T15:58:39.358Z CTX label=laborer_worker tok=22608 window=215040 pct=0.1051 peak=none
2026-09-22T15:58:40.357Z CTX label=laborer_worker tok=22724 window=215040 pct=0.1057 peak=none
2026-09-22T15:58:41.357Z CTX label=laborer_worker tok=22825 window=215040 pct=0.1061 peak=none
2026-09-22T15:58:42.358Z CTX label=laborer_worker tok=22937 window=215040 pct=0.1067 peak=none
2026-09-22T15:58:43.357Z CTX label=laborer_worker tok=23038 window=215040 pct=0.1071 peak=none
2026-09-22T15:58:44.358Z CTX label=laborer_worker tok=23108 window=215040 pct=0.1075 peak=none
2026-09-22T15:58:45.361Z CTX label=laborer_worker tok=23203 window=215040 pct=0.1079 peak=none
2026-09-22T15:58:46.360Z CTX label=laborer_worker tok=23269 window=215040 pct=0.1082 peak=none
2026-09-22T15:58:47.360Z CTX label=laborer_worker tok=23324 window=215040 pct=0.1085 peak=none
2026-09-22T15:58:48.360Z CTX label=laborer_worker tok=23394 window=215040 pct=0.1088 peak=none
2026-09-22T15:58:49.360Z CTX label=laborer_worker tok=23486 window=215040 pct=0.1092 peak=none
2026-09-22T15:58:50.362Z CTX label=laborer_worker tok=23604 window=215040 pct=0.1098 peak=none
2026-09-22T15:58:51.362Z CTX label=laborer_worker tok=23727 window=215040 pct=0.1103 peak=none
2026-09-22T15:58:52.363Z CTX label=laborer_worker tok=23804 window=215040 pct=0.1107 peak=none
2026-09-22T15:58:53.365Z CTX label=laborer_worker tok=23850 window=215040 pct=0.1109 peak=none
2026-09-22T15:58:54.366Z CTX label=laborer_worker tok=23943 window=215040 pct=0.1113 peak=none
2026-09-22T15:58:55.366Z CTX label=laborer_worker tok=24018 window=215040 pct=0.1117 peak=none
2026-09-22T15:58:56.367Z CTX label=laborer_worker tok=24110 window=215040 pct=0.1121 peak=none
2026-09-22T15:58:57.367Z CTX label=laborer_worker tok=24230 window=215040 pct=0.1127 peak=none
2026-09-22T15:58:58.367Z CTX label=laborer_worker tok=24346 window=215040 pct=0.1132 peak=none
2026-09-22T15:58:59.368Z CTX label=laborer_worker tok=24404 window=215040 pct=0.1135 peak=none
2026-09-22T15:59:00.369Z CTX label=laborer_worker tok=24463 window=215040 pct=0.1138 peak=none
2026-09-22T15:59:01.369Z CTX label=laborer_worker tok=24521 window=215040 pct=0.1140 peak=none
2026-09-22T15:59:02.370Z CTX label=laborer_worker tok=24691 window=215040 pct=0.1148 peak=none
2026-09-22T15:59:03.370Z CTX label=laborer_worker tok=24811 window=215040 pct=0.1154 peak=none
2026-09-22T15:59:04.370Z CTX label=laborer_worker tok=24984 window=215040 pct=0.1162 peak=none
2026-09-22T15:59:05.373Z CTX label=laborer_worker tok=25154 window=215040 pct=0.1170 peak=none
2026-09-22T15:59:06.371Z CTX label=laborer_worker tok=25247 window=215040 pct=0.1174 peak=none
2026-09-22T15:59:07.372Z CTX label=laborer_worker tok=25346 window=215040 pct=0.1179 peak=none
2026-09-22T15:59:08.375Z CTX label=laborer_worker tok=25404 window=215040 pct=0.1181 peak=none
2026-09-22T15:59:09.375Z CTX label=laborer_worker tok=25467 window=215040 pct=0.1184 peak=none
2026-09-22T15:59:10.375Z CTX label=laborer_worker tok=25551 window=215040 pct=0.1188 peak=none
2026-09-22T15:59:11.377Z CTX label=laborer_worker tok=25644 window=215040 pct=0.1193 peak=none
2026-09-22T15:59:12.378Z CTX label=laborer_worker tok=25734 window=215040 pct=0.1197 peak=none
2026-09-22T15:59:13.377Z CTX label=laborer_worker tok=25818 window=215040 pct=0.1201 peak=none
2026-09-22T15:59:14.378Z CTX label=laborer_worker tok=25900 window=215040 pct=0.1204 peak=none
2026-09-22T15:59:15.380Z CTX label=laborer_worker tok=25984 window=215040 pct=0.1208 peak=none
2026-09-22T15:59:16.380Z CTX label=laborer_worker tok=26095 window=215040 pct=0.1213 peak=none
2026-09-22T15:59:17.381Z CTX label=laborer_worker tok=26215 window=215040 pct=0.1219 peak=none
2026-09-22T15:59:18.380Z CTX label=laborer_worker tok=26311 window=215040 pct=0.1224 peak=none
2026-09-22T15:59:19.381Z CTX label=laborer_worker tok=26447 window=215040 pct=0.1230 peak=none
2026-09-22T15:59:20.382Z CTX label=laborer_worker tok=26572 window=215040 pct=0.1236 peak=none
2026-09-22T15:59:21.381Z CTX label=laborer_worker tok=26677 window=215040 pct=0.1241 peak=none
2026-09-22T15:59:22.383Z CTX label=laborer_worker tok=26738 window=215040 pct=0.1243 peak=none
2026-09-22T15:59:23.384Z CTX label=laborer_worker tok=26891 window=215040 pct=0.1251 peak=none
2026-09-22T15:59:24.385Z CTX label=laborer_worker tok=27059 window=215040 pct=0.1258 peak=none
2026-09-22T15:59:25.385Z CTX label=laborer_worker tok=27974 window=215040 pct=0.1301 peak=none
2026-09-22T15:59:26.387Z CTX label=laborer_worker tok=27980 window=215040 pct=0.1301 peak=none
2026-09-22T15:59:27.387Z CTX label=laborer_worker tok=27980 window=215040 pct=0.1301 peak=none
2026-09-22T15:59:28.388Z CTX label=laborer_worker tok=27980 window=215040 pct=0.1301 peak=none
2026-09-22T15:59:29.389Z CTX label=laborer_worker tok=27980 window=215040 pct=0.1301 peak=none
2026-09-22T15:59:30.389Z CTX label=laborer_worker tok=28371 window=215040 pct=0.1319 peak=none
2026-09-22T15:59:31.390Z CTX label=laborer_worker tok=28371 window=215040 pct=0.1319 peak=none
2026-09-22T15:59:32.389Z CTX label=laborer_worker tok=28371 window=215040 pct=0.1319 peak=none
2026-09-22T15:59:33.390Z CTX label=laborer_worker tok=30153 window=215040 pct=0.1402 peak=none
2026-09-22T15:59:34.390Z CTX label=laborer_worker tok=30275 window=215040 pct=0.1408 peak=none
2026-09-22T15:59:35.391Z CTX label=laborer_worker tok=30378 window=215040 pct=0.1413 peak=none
2026-09-22T15:59:36.392Z CTX label=laborer_worker tok=30484 window=215040 pct=0.1418 peak=none
2026-09-22T15:59:37.393Z CTX label=laborer_worker tok=30536 window=215040 pct=0.1420 peak=none
2026-09-22T15:59:38.394Z CTX label=laborer_worker tok=30536 window=215040 pct=0.1420 peak=none
2026-09-22T15:59:39.395Z CTX label=laborer_worker tok=30536 window=215040 pct=0.1420 peak=none
2026-09-22T15:59:40.393Z CTX label=laborer_worker tok=31437 window=215040 pct=0.1462 peak=none
2026-09-22T15:59:41.396Z CTX label=laborer_worker tok=31446 window=215040 pct=0.1462 peak=none
2026-09-22T15:59:42.396Z CTX label=laborer_worker tok=31446 window=215040 pct=0.1462 peak=none
2026-09-22T15:59:43.395Z CTX label=laborer_worker tok=31446 window=215040 pct=0.1462 peak=none
2026-09-22T15:59:44.396Z CTX label=laborer_worker tok=32000 window=215040 pct=0.1488 peak=none
2026-09-22T15:59:45.397Z CTX label=laborer_worker tok=32000 window=215040 pct=0.1488 peak=none
2026-09-22T15:59:46.399Z CTX label=laborer_worker tok=32000 window=215040 pct=0.1488 peak=none
2026-09-22T15:59:47.399Z CTX label=laborer_worker tok=32000 window=215040 pct=0.1488 peak=none
2026-09-22T15:59:48.400Z CTX label=laborer_worker tok=32000 window=215040 pct=0.1488 peak=none
2026-09-22T15:59:49.399Z CTX label=laborer_worker tok=32608 window=215040 pct=0.1516 peak=none
2026-09-22T15:59:49.399Z ACT soft steer tok=32608 t=32256
2026-09-22T15:59:50.401Z CTX label=laborer_worker tok=32815 window=215040 pct=0.1526 peak=soft
2026-09-22T15:59:51.402Z CTX label=laborer_worker tok=32895 window=215040 pct=0.1530 peak=soft
2026-09-22T15:59:52.403Z CTX label=laborer_worker tok=32895 window=215040 pct=0.1530 peak=soft
2026-09-22T15:59:53.405Z CTX label=laborer_worker tok=32895 window=215040 pct=0.1530 peak=soft
2026-09-22T15:59:54.404Z CTX label=laborer_worker tok=32895 window=215040 pct=0.1530 peak=soft
2026-09-22T15:59:55.406Z CTX label=laborer_worker tok=32895 window=215040 pct=0.1530 peak=soft
2026-09-22T15:59:56.405Z CTX label=laborer_worker tok=32895 window=215040 pct=0.1530 peak=soft
2026-09-22T15:59:57.406Z CTX label=laborer_worker tok=32895 window=215040 pct=0.1530 peak=soft
2026-09-22T15:59:58.408Z CTX label=laborer_worker tok=32895 window=215040 pct=0.1530 peak=soft
2026-09-22T15:59:59.409Z CTX label=laborer_worker tok=32895 window=215040 pct=0.1530 peak=soft
2026-09-22T16:00:00.410Z CTX label=laborer_worker tok=33769 window=215040 pct=0.1570 peak=soft
2026-09-22T16:00:01.409Z CTX label=laborer_worker tok=33787 window=215040 pct=0.1571 peak=soft
2026-09-22T16:00:02.411Z CTX label=laborer_worker tok=33787 window=215040 pct=0.1571 peak=soft
2026-09-22T16:00:03.410Z CTX label=laborer_worker tok=33787 window=215040 pct=0.1571 peak=soft
2026-09-22T16:00:04.411Z CTX label=laborer_worker tok=33787 window=215040 pct=0.1571 peak=soft
2026-09-22T16:00:05.413Z CTX label=laborer_worker tok=33787 window=215040 pct=0.1571 peak=soft
2026-09-22T16:00:06.412Z CTX label=laborer_worker tok=33787 window=215040 pct=0.1571 peak=soft
2026-09-22T16:00:07.412Z CTX label=laborer_worker tok=33787 window=215040 pct=0.1571 peak=soft
2026-09-22T16:00:08.414Z CTX label=laborer_worker tok=33787 window=215040 pct=0.1571 peak=soft
2026-09-22T16:00:09.414Z CTX label=laborer_worker tok=33787 window=215040 pct=0.1571 peak=soft
2026-09-22T16:00:10.415Z CTX label=laborer_worker tok=33787 window=215040 pct=0.1571 peak=soft
2026-09-22T16:00:11.418Z CTX label=laborer_worker tok=33787 window=215040 pct=0.1571 peak=soft
2026-09-22T16:00:12.418Z CTX label=laborer_worker tok=33787 window=215040 pct=0.1571 peak=soft
2026-09-22T16:00:13.418Z CTX label=laborer_worker tok=33787 window=215040 pct=0.1571 peak=soft
2026-09-22T16:00:14.419Z CTX label=laborer_worker tok=33787 window=215040 pct=0.1571 peak=soft
2026-09-22T16:00:15.420Z CTX label=laborer_worker tok=33787 window=215040 pct=0.1571 peak=soft
2026-09-22T16:00:16.421Z CTX label=laborer_worker tok=33787 window=215040 pct=0.1571 peak=soft
2026-09-22T16:00:17.421Z CTX label=laborer_worker tok=33868 window=215040 pct=0.1575 peak=soft
2026-09-22T16:00:18.422Z CTX label=laborer_worker tok=35168 window=215040 pct=0.1635 peak=soft
2026-09-22T16:00:19.423Z CTX label=laborer_worker tok=35168 window=215040 pct=0.1635 peak=soft
2026-09-22T16:00:20.422Z CTX label=laborer_worker tok=35850 window=215040 pct=0.1667 peak=soft
2026-09-22T16:00:21.423Z CTX label=laborer_worker tok=35963 window=215040 pct=0.1672 peak=soft
2026-09-22T16:00:22.424Z CTX label=laborer_worker tok=35963 window=215040 pct=0.1672 peak=soft
2026-09-22T16:00:23.425Z CTX label=laborer_worker tok=35963 window=215040 pct=0.1672 peak=soft
2026-09-22T16:00:24.427Z CTX label=laborer_worker tok=35963 window=215040 pct=0.1672 peak=soft
2026-09-22T16:00:25.427Z CTX label=laborer_worker tok=35963 window=215040 pct=0.1672 peak=soft
2026-09-22T16:00:26.428Z CTX label=laborer_worker tok=35963 window=215040 pct=0.1672 peak=soft
2026-09-22T16:00:27.429Z CTX label=laborer_worker tok=35963 window=215040 pct=0.1672 peak=soft
2026-09-22T16:00:28.431Z CTX label=laborer_worker tok=35963 window=215040 pct=0.1672 peak=soft
2026-09-22T16:00:29.431Z CTX label=laborer_worker tok=36039 window=215040 pct=0.1676 peak=soft
2026-09-22T16:00:30.432Z CTX label=laborer_worker tok=36114 window=215040 pct=0.1679 peak=soft
2026-09-22T16:00:31.433Z CTX label=laborer_worker tok=36223 window=215040 pct=0.1684 peak=soft
2026-09-22T16:00:32.434Z CTX label=laborer_worker tok=36367 window=215040 pct=0.1691 peak=soft
2026-09-22T16:00:33.435Z CTX label=laborer_worker tok=36538 window=215040 pct=0.1699 peak=soft
2026-09-22T16:00:34.434Z CTX label=laborer_worker tok=37004 window=215040 pct=0.1721 peak=soft
2026-09-22T16:00:35.435Z CTX label=laborer_worker tok=37065 window=215040 pct=0.1724 peak=soft
2026-09-22T16:00:36.435Z CTX label=laborer_worker tok=41982 window=215040 pct=0.1952 peak=soft
2026-09-22T16:00:37.436Z CTX label=laborer_worker tok=41982 window=215040 pct=0.1952 peak=soft
2026-09-22T16:00:38.437Z CTX label=laborer_worker tok=41982 window=215040 pct=0.1952 peak=soft
2026-09-22T16:00:39.438Z CTX label=laborer_worker tok=41982 window=215040 pct=0.1952 peak=soft
2026-09-22T16:00:40.439Z CTX label=laborer_worker tok=42027 window=215040 pct=0.1954 peak=soft
2026-09-22T16:00:41.441Z CTX label=laborer_worker tok=42156 window=215040 pct=0.1960 peak=soft
2026-09-22T16:00:42.441Z CTX label=laborer_worker tok=42214 window=215040 pct=0.1963 peak=soft
2026-09-22T16:00:43.443Z CTX label=laborer_worker tok=42323 window=215040 pct=0.1968 peak=soft
2026-09-22T16:00:44.444Z CTX label=laborer_worker tok=42430 window=215040 pct=0.1973 peak=soft
2026-09-22T16:00:45.445Z CTX label=laborer_worker tok=42531 window=215040 pct=0.1978 peak=soft
2026-09-22T16:00:46.444Z CTX label=laborer_worker tok=42663 window=215040 pct=0.1984 peak=soft
2026-09-22T16:00:47.445Z CTX label=laborer_worker tok=42764 window=215040 pct=0.1989 peak=soft
2026-09-22T16:00:48.446Z CTX label=laborer_worker tok=42865 window=215040 pct=0.1993 peak=soft
2026-09-22T16:00:49.448Z CTX label=laborer_worker tok=42919 window=215040 pct=0.1996 peak=soft
2026-09-22T16:00:50.448Z CTX label=laborer_worker tok=42919 window=215040 pct=0.1996 peak=soft
2026-09-22T16:00:51.447Z CTX label=laborer_worker tok=43077 window=215040 pct=0.2003 peak=soft
2026-09-22T16:00:51.447Z ACT firm cancel+steer tok=43077 t=43008
2026-09-22T16:00:52.448Z CTX label=laborer_worker tok=43222 window=215040 pct=0.2010 peak=firm
2026-09-22T16:00:53.448Z CTX label=laborer_worker tok=43316 window=215040 pct=0.2014 peak=firm
2026-09-22T16:00:54.449Z CTX label=laborer_worker tok=43401 window=215040 pct=0.2018 peak=firm
2026-09-22T16:00:55.451Z CTX label=laborer_worker tok=43496 window=215040 pct=0.2023 peak=firm
2026-09-22T16:00:56.452Z CTX label=laborer_worker tok=43616 window=215040 pct=0.2028 peak=firm
2026-09-22T16:00:57.454Z CTX label=laborer_worker tok=43697 window=215040 pct=0.2032 peak=firm
2026-09-22T16:00:58.454Z CTX label=laborer_worker tok=43713 window=215040 pct=0.2033 peak=firm
2026-09-22T16:00:59.455Z CTX label=laborer_worker tok=43713 window=215040 pct=0.2033 peak=firm
2026-09-22T16:01:00.455Z CTX label=laborer_worker tok=43713 window=215040 pct=0.2033 peak=firm
2026-09-22T16:01:01.456Z CTX label=laborer_worker tok=43713 window=215040 pct=0.2033 peak=firm
2026-09-22T16:01:02.457Z CTX label=laborer_worker tok=43713 window=215040 pct=0.2033 peak=firm
2026-09-22T16:01:03.459Z CTX label=laborer_worker tok=43713 window=215040 pct=0.2033 peak=firm
2026-09-22T16:01:04.460Z CTX label=laborer_worker tok=43713 window=215040 pct=0.2033 peak=firm
2026-09-22T16:01:05.461Z CTX label=laborer_worker tok=43713 window=215040 pct=0.2033 peak=firm
2026-09-22T16:01:06.462Z CTX label=laborer_worker tok=43713 window=215040 pct=0.2033 peak=firm
2026-09-22T16:01:07.463Z CTX label=laborer_worker tok=43713 window=215040 pct=0.2033 peak=firm
2026-09-22T16:01:08.463Z CTX label=laborer_worker tok=43713 window=215040 pct=0.2033 peak=firm
2026-09-22T16:01:09.465Z CTX label=laborer_worker tok=43713 window=215040 pct=0.2033 peak=firm
2026-09-22T16:01:10.466Z CTX label=laborer_worker tok=43713 window=215040 pct=0.2033 peak=firm
2026-09-22T16:01:11.467Z CTX label=laborer_worker tok=43713 window=215040 pct=0.2033 peak=firm
2026-09-22T16:01:12.467Z CTX label=laborer_worker tok=43713 window=215040 pct=0.2033 peak=firm
2026-09-22T16:01:13.465Z CTX label=laborer_worker tok=44466 window=215040 pct=0.2068 peak=firm
2026-09-22T16:01:14.467Z CTX label=laborer_worker tok=44614 window=215040 pct=0.2075 peak=firm
2026-09-22T16:01:15.466Z CTX label=laborer_worker tok=44770 window=215040 pct=0.2082 peak=firm
2026-09-22T16:01:16.467Z CTX label=laborer_worker tok=44949 window=215040 pct=0.2090 peak=firm
2026-09-22T16:01:17.466Z CTX label=laborer_worker tok=45156 window=215040 pct=0.2100 peak=firm
2026-09-22T16:01:18.467Z CTX label=laborer_worker tok=45341 window=215040 pct=0.2108 peak=firm
2026-09-22T16:01:19.468Z CTX label=laborer_worker tok=45499 window=215040 pct=0.2116 peak=firm
2026-09-22T16:01:20.468Z CTX label=laborer_worker tok=45671 window=215040 pct=0.2124 peak=firm
2026-09-22T16:01:21.470Z CTX label=laborer_worker tok=45777 window=215040 pct=0.2129 peak=firm
2026-09-22T16:01:22.469Z CTX label=laborer_worker tok=45892 window=215040 pct=0.2134 peak=firm
2026-09-22T16:01:22.884Z WF-END meta=gvs-solve childId=4d679600-87fb-410a-87be-c6b52bf21d60 outcome=completed
2026-09-22T16:01:22.884Z END label=laborer_worker peak=firm
2026-09-22T16:01:22.949Z START meta=gvs-solve label=check_worker phase=solve childId=df2e5718-ce1a-4363-af2f-0ec46b6856ff
2026-09-22T16:01:22.950Z GOT agent=true status=running label=check_worker
2026-09-22T16:01:22.950Z CHECK-INJECT grade=moderate
2026-09-22T16:03:14.931Z WF-END meta=gvs-solve childId=df2e5718-ce1a-4363-af2f-0ec46b6856ff outcome=completed
2026-09-22T16:03:14.987Z START meta=gvs-solve label=decision_manager phase=solve childId=c519548e-164e-4dd4-a582-4caa4791e5fe
2026-09-22T16:03:14.987Z GOT agent=true status=running label=decision_manager
2026-09-22T16:04:00.933Z WF-END meta=gvs-solve childId=c519548e-164e-4dd4-a582-4caa4791e5fe outcome=completed
2026-09-22T16:04:00.989Z START meta=gvs-solve label=laborer_worker phase=solve childId=4ca485d9-f42f-48f4-a4d0-71cf0ec29293
2026-09-22T16:04:00.989Z GOT agent=true status=running label=laborer_worker
2026-09-22T16:04:00.990Z CTX label=laborer_worker tok=0 window=0 pct=0.0000 peak=none
2026-09-22T16:04:01.993Z CTX label=laborer_worker tok=14356 window=215040 pct=0.0668 peak=none
2026-09-22T16:04:02.994Z CTX label=laborer_worker tok=14356 window=215040 pct=0.0668 peak=none
2026-09-22T16:04:03.995Z CTX label=laborer_worker tok=14356 window=215040 pct=0.0668 peak=none
2026-09-22T16:04:04.995Z CTX label=laborer_worker tok=14356 window=215040 pct=0.0668 peak=none
2026-09-22T16:04:05.995Z CTX label=laborer_worker tok=14356 window=215040 pct=0.0668 peak=none
2026-09-22T16:04:06.995Z CTX label=laborer_worker tok=14369 window=215040 pct=0.0668 peak=none
2026-09-22T16:04:07.994Z CTX label=laborer_worker tok=16665 window=215040 pct=0.0775 peak=none
2026-09-22T16:04:08.995Z CTX label=laborer_worker tok=16793 window=215040 pct=0.0781 peak=none
2026-09-22T16:04:09.995Z CTX label=laborer_worker tok=16939 window=215040 pct=0.0788 peak=none
2026-09-22T16:04:10.996Z CTX label=laborer_worker tok=17019 window=215040 pct=0.0791 peak=none
2026-09-22T16:04:11.997Z CTX label=laborer_worker tok=18797 window=215040 pct=0.0874 peak=none
2026-09-22T16:04:12.998Z CTX label=laborer_worker tok=18797 window=215040 pct=0.0874 peak=none
2026-09-22T16:04:13.999Z CTX label=laborer_worker tok=18808 window=215040 pct=0.0875 peak=none
2026-09-22T16:04:15.000Z CTX label=laborer_worker tok=18846 window=215040 pct=0.0876 peak=none
2026-09-22T16:04:16.000Z CTX label=laborer_worker tok=21272 window=215040 pct=0.0989 peak=none
2026-09-22T16:04:17.000Z CTX label=laborer_worker tok=21383 window=215040 pct=0.0994 peak=none
2026-09-22T16:04:18.000Z CTX label=laborer_worker tok=22614 window=215040 pct=0.1052 peak=none
2026-09-22T16:04:19.002Z CTX label=laborer_worker tok=22676 window=215040 pct=0.1055 peak=none
2026-09-22T16:04:20.003Z CTX label=laborer_worker tok=22791 window=215040 pct=0.1060 peak=none
2026-09-22T16:04:21.003Z CTX label=laborer_worker tok=24650 window=215040 pct=0.1146 peak=none
2026-09-22T16:04:21.381Z WF-END meta=gvs-solve childId=4ca485d9-f42f-48f4-a4d0-71cf0ec29293 outcome=cancelled
2026-09-22T16:04:21.381Z END label=laborer_worker peak=none
2026-09-23T00:38:18.556Z BIND thresh={"soft":0.15,"firm":0.2,"hard":0.35}
2026-09-23T02:06:57.884Z BIND thresh={"soft":0.15,"firm":0.2,"hard":0.35}
2026-09-23T02:08:02.967Z WF-START name=gvs-solve id=0465ce04-572c-4ceb-9fc3-6a400842455e
2026-09-23T02:08:03.110Z START meta=gvs-solve label=predominant_manager phase=plan childId=2ffec32c-af4b-4de5-8b8c-feefb2fa87c0
2026-09-23T02:08:03.110Z GOT agent=true status=running label=predominant_manager
2026-09-23T02:08:16.352Z WF-END meta=gvs-solve childId=2ffec32c-af4b-4de5-8b8c-feefb2fa87c0 outcome=cancelled
2026-09-23T02:08:59.141Z BIND thresh={"soft":0.5,"firm":0.6,"hard":0.7}
2026-09-23T02:10:08.952Z WF-START name=gvs-solve id=f6757ccd-2f50-447c-aada-79a55b34690a
2026-09-23T02:10:09.229Z START meta=gvs-solve label=predominant_manager phase=plan childId=7685fe6d-4fa5-48e4-adcf-7b8ac0820ffc
2026-09-23T02:10:09.230Z GOT agent=true status=running label=predominant_manager
2026-09-23T02:11:27.271Z WF-END meta=gvs-solve childId=7685fe6d-4fa5-48e4-adcf-7b8ac0820ffc outcome=completed
2026-09-23T02:11:27.408Z START meta=gvs-solve label=try_worker phase=plan childId=9fff531a-0402-474e-9bf8-dc50a32c48ff
2026-09-23T02:11:27.409Z GOT agent=true status=running label=try_worker
2026-09-23T02:11:27.411Z CTX label=try_worker tok=0 window=0 pct=0.0000 peak=none
2026-09-23T02:11:28.414Z CTX label=try_worker tok=13649 window=215040 pct=0.0635 peak=none
2026-09-23T02:11:29.414Z CTX label=try_worker tok=13649 window=215040 pct=0.0635 peak=none
2026-09-23T02:11:30.414Z CTX label=try_worker tok=13649 window=215040 pct=0.0635 peak=none
2026-09-23T02:11:31.415Z CTX label=try_worker tok=13649 window=215040 pct=0.0635 peak=none
2026-09-23T02:11:32.415Z CTX label=try_worker tok=15587 window=215040 pct=0.0725 peak=none
2026-09-23T02:11:33.416Z CTX label=try_worker tok=15587 window=215040 pct=0.0725 peak=none
2026-09-23T02:11:34.417Z CTX label=try_worker tok=15710 window=215040 pct=0.0731 peak=none
2026-09-23T02:11:35.419Z CTX label=try_worker tok=15837 window=215040 pct=0.0736 peak=none
2026-09-23T02:11:36.419Z CTX label=try_worker tok=15961 window=215040 pct=0.0742 peak=none
2026-09-23T02:11:37.419Z CTX label=try_worker tok=16080 window=215040 pct=0.0748 peak=none
2026-09-23T02:11:38.419Z CTX label=try_worker tok=16207 window=215040 pct=0.0754 peak=none
2026-09-23T02:11:39.419Z CTX label=try_worker tok=16309 window=215040 pct=0.0758 peak=none
2026-09-23T02:11:40.420Z CTX label=try_worker tok=16446 window=215040 pct=0.0765 peak=none
2026-09-23T02:11:41.420Z CTX label=try_worker tok=16550 window=215040 pct=0.0770 peak=none
2026-09-23T02:11:42.420Z CTX label=try_worker tok=16655 window=215040 pct=0.0775 peak=none
2026-09-23T02:11:43.420Z CTX label=try_worker tok=16756 window=215040 pct=0.0779 peak=none
2026-09-23T02:11:44.422Z CTX label=try_worker tok=17276 window=215040 pct=0.0803 peak=none
2026-09-23T02:11:45.421Z CTX label=try_worker tok=17377 window=215040 pct=0.0808 peak=none
2026-09-23T02:11:46.423Z CTX label=try_worker tok=17548 window=215040 pct=0.0816 peak=none
2026-09-23T02:11:47.423Z CTX label=try_worker tok=17668 window=215040 pct=0.0822 peak=none
2026-09-23T02:11:48.423Z CTX label=try_worker tok=17740 window=215040 pct=0.0825 peak=none
2026-09-23T02:11:49.424Z CTX label=try_worker tok=18035 window=215040 pct=0.0839 peak=none
2026-09-23T02:11:50.424Z CTX label=try_worker tok=18141 window=215040 pct=0.0844 peak=none
2026-09-23T02:11:51.425Z CTX label=try_worker tok=18206 window=215040 pct=0.0847 peak=none
2026-09-23T02:11:52.426Z CTX label=try_worker tok=18400 window=215040 pct=0.0856 peak=none
2026-09-23T02:11:53.426Z CTX label=try_worker tok=18537 window=215040 pct=0.0862 peak=none
2026-09-23T02:11:54.428Z CTX label=try_worker tok=18730 window=215040 pct=0.0871 peak=none
2026-09-23T02:11:55.426Z CTX label=try_worker tok=18837 window=215040 pct=0.0876 peak=none
2026-09-23T02:11:56.427Z CTX label=try_worker tok=18904 window=215040 pct=0.0879 peak=none
2026-09-23T02:11:57.428Z CTX label=try_worker tok=18992 window=215040 pct=0.0883 peak=none
2026-09-23T02:11:58.436Z CTX label=try_worker tok=18992 window=215040 pct=0.0883 peak=none
2026-09-23T02:11:59.431Z CTX label=try_worker tok=18992 window=215040 pct=0.0883 peak=none
2026-09-23T02:12:00.432Z CTX label=try_worker tok=18992 window=215040 pct=0.0883 peak=none
2026-09-23T02:12:01.432Z CTX label=try_worker tok=18992 window=215040 pct=0.0883 peak=none
2026-09-23T02:12:02.433Z CTX label=try_worker tok=18992 window=215040 pct=0.0883 peak=none
2026-09-23T02:12:03.432Z CTX label=try_worker tok=18992 window=215040 pct=0.0883 peak=none
2026-09-23T02:12:04.433Z CTX label=try_worker tok=18992 window=215040 pct=0.0883 peak=none
2026-09-23T02:12:05.433Z CTX label=try_worker tok=18992 window=215040 pct=0.0883 peak=none
2026-09-23T02:12:06.434Z CTX label=try_worker tok=18992 window=215040 pct=0.0883 peak=none
2026-09-23T02:12:07.435Z CTX label=try_worker tok=19118 window=215040 pct=0.0889 peak=none
2026-09-23T02:12:08.436Z CTX label=try_worker tok=19218 window=215040 pct=0.0894 peak=none
2026-09-23T02:12:09.437Z CTX label=try_worker tok=19278 window=215040 pct=0.0896 peak=none
2026-09-23T02:12:10.437Z CTX label=try_worker tok=19484 window=215040 pct=0.0906 peak=none
2026-09-23T02:12:11.438Z CTX label=try_worker tok=19608 window=215040 pct=0.0912 peak=none
2026-09-23T02:12:12.438Z CTX label=try_worker tok=19737 window=215040 pct=0.0918 peak=none
2026-09-23T02:12:13.439Z CTX label=try_worker tok=19857 window=215040 pct=0.0923 peak=none
2026-09-23T02:12:14.439Z CTX label=try_worker tok=19909 window=215040 pct=0.0926 peak=none
2026-09-23T02:12:15.441Z CTX label=try_worker tok=20195 window=215040 pct=0.0939 peak=none
2026-09-23T02:12:16.440Z CTX label=try_worker tok=20309 window=215040 pct=0.0944 peak=none
2026-09-23T02:12:17.442Z CTX label=try_worker tok=20435 window=215040 pct=0.0950 peak=none
2026-09-23T02:12:18.443Z CTX label=try_worker tok=20510 window=215040 pct=0.0954 peak=none
2026-09-23T02:12:19.443Z CTX label=try_worker tok=20739 window=215040 pct=0.0964 peak=none
2026-09-23T02:12:20.444Z CTX label=try_worker tok=20994 window=215040 pct=0.0976 peak=none
2026-09-23T02:12:21.444Z CTX label=try_worker tok=21096 window=215040 pct=0.0981 peak=none
2026-09-23T02:12:22.445Z CTX label=try_worker tok=21207 window=215040 pct=0.0986 peak=none
2026-09-23T02:12:23.445Z CTX label=try_worker tok=21298 window=215040 pct=0.0990 peak=none
2026-09-23T02:12:24.446Z CTX label=try_worker tok=21421 window=215040 pct=0.0996 peak=none
2026-09-23T02:12:25.447Z CTX label=try_worker tok=21528 window=215040 pct=0.1001 peak=none
2026-09-23T02:12:26.447Z CTX label=try_worker tok=21632 window=215040 pct=0.1006 peak=none
2026-09-23T02:12:27.447Z CTX label=try_worker tok=21713 window=215040 pct=0.1010 peak=none
2026-09-23T02:12:28.448Z CTX label=try_worker tok=21811 window=215040 pct=0.1014 peak=none
2026-09-23T02:12:29.448Z CTX label=try_worker tok=21957 window=215040 pct=0.1021 peak=none
2026-09-23T02:12:30.450Z CTX label=try_worker tok=21957 window=215040 pct=0.1021 peak=none
2026-09-23T02:12:31.451Z CTX label=try_worker tok=21957 window=215040 pct=0.1021 peak=none
2026-09-23T02:12:32.451Z CTX label=try_worker tok=21957 window=215040 pct=0.1021 peak=none
2026-09-23T02:12:33.452Z CTX label=try_worker tok=21957 window=215040 pct=0.1021 peak=none
2026-09-23T02:12:34.453Z CTX label=try_worker tok=21957 window=215040 pct=0.1021 peak=none
2026-09-23T02:12:35.455Z CTX label=try_worker tok=21957 window=215040 pct=0.1021 peak=none
2026-09-23T02:12:36.454Z CTX label=try_worker tok=21957 window=215040 pct=0.1021 peak=none
2026-09-23T02:12:37.453Z CTX label=try_worker tok=21957 window=215040 pct=0.1021 peak=none
2026-09-23T02:12:38.454Z CTX label=try_worker tok=22026 window=215040 pct=0.1024 peak=none
2026-09-23T02:12:39.455Z CTX label=try_worker tok=22140 window=215040 pct=0.1030 peak=none
2026-09-23T02:12:40.457Z CTX label=try_worker tok=22258 window=215040 pct=0.1035 peak=none
2026-09-23T02:12:41.457Z CTX label=try_worker tok=22370 window=215040 pct=0.1040 peak=none
2026-09-23T02:12:42.458Z CTX label=try_worker tok=22509 window=215040 pct=0.1047 peak=none
2026-09-23T02:12:43.459Z CTX label=try_worker tok=22625 window=215040 pct=0.1052 peak=none
2026-09-23T02:12:44.458Z CTX label=try_worker tok=22781 window=215040 pct=0.1059 peak=none
2026-09-23T02:12:45.459Z CTX label=try_worker tok=22904 window=215040 pct=0.1065 peak=none
2026-09-23T02:12:46.461Z CTX label=try_worker tok=23008 window=215040 pct=0.1070 peak=none
2026-09-23T02:12:47.460Z CTX label=try_worker tok=23100 window=215040 pct=0.1074 peak=none
2026-09-23T02:12:48.461Z CTX label=try_worker tok=23207 window=215040 pct=0.1079 peak=none
2026-09-23T02:12:49.462Z CTX label=try_worker tok=23308 window=215040 pct=0.1084 peak=none
2026-09-23T02:12:50.462Z CTX label=try_worker tok=23308 window=215040 pct=0.1084 peak=none
2026-09-23T02:12:51.463Z CTX label=try_worker tok=23308 window=215040 pct=0.1084 peak=none
2026-09-23T02:12:52.465Z CTX label=try_worker tok=23308 window=215040 pct=0.1084 peak=none
2026-09-23T02:12:53.465Z CTX label=try_worker tok=24133 window=215040 pct=0.1122 peak=none
2026-09-23T02:12:54.465Z CTX label=try_worker tok=24438 window=215040 pct=0.1136 peak=none
2026-09-23T02:12:55.467Z CTX label=try_worker tok=24543 window=215040 pct=0.1141 peak=none
2026-09-23T02:12:56.467Z CTX label=try_worker tok=24818 window=215040 pct=0.1154 peak=none
2026-09-23T02:12:57.469Z CTX label=try_worker tok=24930 window=215040 pct=0.1159 peak=none
2026-09-23T02:12:58.469Z CTX label=try_worker tok=25026 window=215040 pct=0.1164 peak=none
2026-09-23T02:12:59.470Z CTX label=try_worker tok=25141 window=215040 pct=0.1169 peak=none
2026-09-23T02:13:00.471Z CTX label=try_worker tok=25244 window=215040 pct=0.1174 peak=none
2026-09-23T02:13:01.469Z CTX label=try_worker tok=25400 window=215040 pct=0.1181 peak=none
2026-09-23T02:13:02.471Z CTX label=try_worker tok=25594 window=215040 pct=0.1190 peak=none
2026-09-23T02:13:02.609Z WF-END meta=gvs-solve childId=9fff531a-0402-474e-9bf8-dc50a32c48ff outcome=completed
2026-09-23T02:13:02.609Z END label=try_worker peak=none
2026-09-23T02:13:02.701Z START meta=gvs-solve label=predominant_manager phase=plan childId=20a47636-59bd-48b5-acd7-b551c5a23053
2026-09-23T02:13:02.701Z GOT agent=true status=running label=predominant_manager
2026-09-23T02:14:50.596Z WF-END meta=gvs-solve childId=20a47636-59bd-48b5-acd7-b551c5a23053 outcome=completed
2026-09-23T02:14:50.683Z START meta=gvs-solve label=decision_manager phase=solve childId=9fef9962-36b5-4d32-b888-f9a1bceafba0
2026-09-23T02:14:50.683Z GOT agent=true status=running label=decision_manager
2026-09-23T02:15:28.231Z WF-END meta=gvs-solve childId=9fef9962-36b5-4d32-b888-f9a1bceafba0 outcome=completed
2026-09-23T02:15:28.317Z START meta=gvs-solve label=laborer_worker phase=solve childId=a17e6d59-f06a-43a5-ad1c-84bad940bb3c
2026-09-23T02:15:28.317Z GOT agent=true status=running label=laborer_worker
2026-09-23T02:15:28.318Z CTX label=laborer_worker tok=0 window=0 pct=0.0000 peak=none
2026-09-23T02:15:29.319Z CTX label=laborer_worker tok=14436 window=215040 pct=0.0671 peak=none
2026-09-23T02:15:30.321Z CTX label=laborer_worker tok=14436 window=215040 pct=0.0671 peak=none
2026-09-23T02:15:31.322Z CTX label=laborer_worker tok=14436 window=215040 pct=0.0671 peak=none
2026-09-23T02:15:32.323Z CTX label=laborer_worker tok=14436 window=215040 pct=0.0671 peak=none
2026-09-23T02:15:33.323Z CTX label=laborer_worker tok=14436 window=215040 pct=0.0671 peak=none
2026-09-23T02:15:34.325Z CTX label=laborer_worker tok=14474 window=215040 pct=0.0673 peak=none
2026-09-23T02:15:35.325Z CTX label=laborer_worker tok=17641 window=215040 pct=0.0820 peak=none
2026-09-23T02:15:36.327Z CTX label=laborer_worker tok=17642 window=215040 pct=0.0820 peak=none
2026-09-23T02:15:37.326Z CTX label=laborer_worker tok=17759 window=215040 pct=0.0826 peak=none
2026-09-23T02:15:38.327Z CTX label=laborer_worker tok=17839 window=215040 pct=0.0830 peak=none
2026-09-23T02:15:39.328Z CTX label=laborer_worker tok=18715 window=215040 pct=0.0870 peak=none
2026-09-23T02:15:40.327Z CTX label=laborer_worker tok=18850 window=215040 pct=0.0877 peak=none
2026-09-23T02:15:41.331Z CTX label=laborer_worker tok=20658 window=215040 pct=0.0961 peak=none
2026-09-23T02:15:42.331Z CTX label=laborer_worker tok=20658 window=215040 pct=0.0961 peak=none
2026-09-23T02:15:43.331Z CTX label=laborer_worker tok=20761 window=215040 pct=0.0965 peak=none
2026-09-23T02:15:44.332Z CTX label=laborer_worker tok=20893 window=215040 pct=0.0972 peak=none
2026-09-23T02:15:45.333Z CTX label=laborer_worker tok=20999 window=215040 pct=0.0977 peak=none
2026-09-23T02:15:46.334Z CTX label=laborer_worker tok=21104 window=215040 pct=0.0981 peak=none
2026-09-23T02:15:47.334Z CTX label=laborer_worker tok=23578 window=215040 pct=0.1096 peak=none
2026-09-23T02:15:48.336Z CTX label=laborer_worker tok=23578 window=215040 pct=0.1096 peak=none
2026-09-23T02:15:49.338Z CTX label=laborer_worker tok=23578 window=215040 pct=0.1096 peak=none
2026-09-23T02:15:50.339Z CTX label=laborer_worker tok=23598 window=215040 pct=0.1097 peak=none
2026-09-23T02:15:51.340Z CTX label=laborer_worker tok=23619 window=215040 pct=0.1098 peak=none
2026-09-23T02:15:52.339Z CTX label=laborer_worker tok=23754 window=215040 pct=0.1105 peak=none
2026-09-23T02:15:53.342Z CTX label=laborer_worker tok=23899 window=215040 pct=0.1111 peak=none
2026-09-23T02:15:54.342Z CTX label=laborer_worker tok=24046 window=215040 pct=0.1118 peak=none
2026-09-23T02:15:55.343Z CTX label=laborer_worker tok=24174 window=215040 pct=0.1124 peak=none
2026-09-23T02:15:56.344Z CTX label=laborer_worker tok=24324 window=215040 pct=0.1131 peak=none
2026-09-23T02:15:57.343Z CTX label=laborer_worker tok=24447 window=215040 pct=0.1137 peak=none
2026-09-23T02:15:58.343Z CTX label=laborer_worker tok=24595 window=215040 pct=0.1144 peak=none
2026-09-23T02:15:59.344Z CTX label=laborer_worker tok=24644 window=215040 pct=0.1146 peak=none
2026-09-23T02:16:00.345Z CTX label=laborer_worker tok=24771 window=215040 pct=0.1152 peak=none
2026-09-23T02:16:01.345Z CTX label=laborer_worker tok=25033 window=215040 pct=0.1164 peak=none
2026-09-23T02:16:02.347Z CTX label=laborer_worker tok=25033 window=215040 pct=0.1164 peak=none
2026-09-23T02:16:03.348Z CTX label=laborer_worker tok=25842 window=215040 pct=0.1202 peak=none
2026-09-23T02:16:04.348Z CTX label=laborer_worker tok=25989 window=215040 pct=0.1209 peak=none
2026-09-23T02:16:05.350Z CTX label=laborer_worker tok=26604 window=215040 pct=0.1237 peak=none
2026-09-23T02:16:06.350Z CTX label=laborer_worker tok=26604 window=215040 pct=0.1237 peak=none
2026-09-23T02:16:07.353Z CTX label=laborer_worker tok=26604 window=215040 pct=0.1237 peak=none
2026-09-23T02:16:08.353Z CTX label=laborer_worker tok=26604 window=215040 pct=0.1237 peak=none
2026-09-23T02:16:09.355Z CTX label=laborer_worker tok=26604 window=215040 pct=0.1237 peak=none
2026-09-23T02:16:10.354Z CTX label=laborer_worker tok=26604 window=215040 pct=0.1237 peak=none
2026-09-23T02:16:11.356Z CTX label=laborer_worker tok=26604 window=215040 pct=0.1237 peak=none
2026-09-23T02:16:12.359Z CTX label=laborer_worker tok=26604 window=215040 pct=0.1237 peak=none
2026-09-23T02:16:13.360Z CTX label=laborer_worker tok=26604 window=215040 pct=0.1237 peak=none
2026-09-23T02:16:14.359Z CTX label=laborer_worker tok=26604 window=215040 pct=0.1237 peak=none
2026-09-23T02:16:15.359Z CTX label=laborer_worker tok=26604 window=215040 pct=0.1237 peak=none
2026-09-23T02:16:16.360Z CTX label=laborer_worker tok=26604 window=215040 pct=0.1237 peak=none
2026-09-23T02:16:17.361Z CTX label=laborer_worker tok=26604 window=215040 pct=0.1237 peak=none
2026-09-23T02:16:18.362Z CTX label=laborer_worker tok=26604 window=215040 pct=0.1237 peak=none
2026-09-23T02:16:19.363Z CTX label=laborer_worker tok=26604 window=215040 pct=0.1237 peak=none
2026-09-23T02:16:20.364Z CTX label=laborer_worker tok=26604 window=215040 pct=0.1237 peak=none
2026-09-23T02:16:21.365Z CTX label=laborer_worker tok=26675 window=215040 pct=0.1240 peak=none
2026-09-23T02:16:22.365Z CTX label=laborer_worker tok=26817 window=215040 pct=0.1247 peak=none
2026-09-23T02:16:23.365Z CTX label=laborer_worker tok=27112 window=215040 pct=0.1261 peak=none
2026-09-23T02:16:24.366Z CTX label=laborer_worker tok=27225 window=215040 pct=0.1266 peak=none
2026-09-23T02:16:25.368Z CTX label=laborer_worker tok=27331 window=215040 pct=0.1271 peak=none
2026-09-23T02:16:26.369Z CTX label=laborer_worker tok=27331 window=215040 pct=0.1271 peak=none
2026-09-23T02:16:27.368Z CTX label=laborer_worker tok=27645 window=215040 pct=0.1286 peak=none
2026-09-23T02:16:28.370Z CTX label=laborer_worker tok=27645 window=215040 pct=0.1286 peak=none
2026-09-23T02:16:29.371Z CTX label=laborer_worker tok=27645 window=215040 pct=0.1286 peak=none
2026-09-23T02:16:30.373Z CTX label=laborer_worker tok=27814 window=215040 pct=0.1293 peak=none
2026-09-23T02:16:31.372Z CTX label=laborer_worker tok=27877 window=215040 pct=0.1296 peak=none
2026-09-23T02:16:32.371Z CTX label=laborer_worker tok=28407 window=215040 pct=0.1321 peak=none
2026-09-23T02:16:33.374Z CTX label=laborer_worker tok=28516 window=215040 pct=0.1326 peak=none
2026-09-23T02:16:34.374Z CTX label=laborer_worker tok=28767 window=215040 pct=0.1338 peak=none
2026-09-23T02:16:35.374Z CTX label=laborer_worker tok=28872 window=215040 pct=0.1343 peak=none
2026-09-23T02:16:36.375Z CTX label=laborer_worker tok=28982 window=215040 pct=0.1348 peak=none
2026-09-23T02:16:37.375Z CTX label=laborer_worker tok=29069 window=215040 pct=0.1352 peak=none
2026-09-23T02:16:38.376Z CTX label=laborer_worker tok=29134 window=215040 pct=0.1355 peak=none
2026-09-23T02:16:39.377Z CTX label=laborer_worker tok=29134 window=215040 pct=0.1355 peak=none
2026-09-23T02:16:40.378Z CTX label=laborer_worker tok=29134 window=215040 pct=0.1355 peak=none
2026-09-23T02:16:41.379Z CTX label=laborer_worker tok=29134 window=215040 pct=0.1355 peak=none
2026-09-23T02:16:42.380Z CTX label=laborer_worker tok=29134 window=215040 pct=0.1355 peak=none
2026-09-23T02:16:43.379Z CTX label=laborer_worker tok=29645 window=215040 pct=0.1379 peak=none
2026-09-23T02:16:44.381Z CTX label=laborer_worker tok=29743 window=215040 pct=0.1383 peak=none
2026-09-23T02:16:45.382Z CTX label=laborer_worker tok=29939 window=215040 pct=0.1392 peak=none
2026-09-23T02:16:46.383Z CTX label=laborer_worker tok=30180 window=215040 pct=0.1403 peak=none
2026-09-23T02:16:47.382Z CTX label=laborer_worker tok=30289 window=215040 pct=0.1409 peak=none
2026-09-23T02:16:47.451Z WF-END meta=gvs-solve childId=a17e6d59-f06a-43a5-ad1c-84bad940bb3c outcome=completed
2026-09-23T02:16:47.451Z END label=laborer_worker peak=none
2026-09-23T02:16:47.533Z START meta=gvs-solve label=check_worker phase=solve childId=c7fca31f-29e8-4de3-8ac5-6d802b6acd90
2026-09-23T02:16:47.533Z GOT agent=true status=running label=check_worker
2026-09-23T02:16:47.533Z CHECK-INJECT grade=none
2026-09-23T02:17:30.051Z WF-END meta=gvs-solve childId=c7fca31f-29e8-4de3-8ac5-6d802b6acd90 outcome=completed
2026-09-23T02:17:30.142Z START meta=gvs-solve label=decision_manager phase=solve childId=4944b007-418f-4e90-a43e-d81b0ef46ba4
2026-09-23T02:17:30.142Z GOT agent=true status=running label=decision_manager
2026-09-23T02:17:37.843Z WF-END meta=gvs-solve childId=4944b007-418f-4e90-a43e-d81b0ef46ba4 outcome=cancelled
2026-09-23T02:29:30.855Z BIND thresh={"soft":0.5,"firm":0.6,"hard":0.7}
2026-09-23T02:30:45.441Z WF-START name=gvs-solve id=40f45998-f121-4f0e-a6d1-58580e258d0f
2026-09-23T02:30:45.691Z START meta=gvs-solve label=predominant_manager phase=plan childId=88577504-12af-4bbf-95da-73529849dbe3
2026-09-23T02:30:45.691Z GOT agent=true status=running label=predominant_manager sess=88577504-12af-4bbf-95da-73529849dbe3
2026-09-23T02:32:21.960Z WF-END meta=gvs-solve childId=88577504-12af-4bbf-95da-73529849dbe3 outcome=completed
2026-09-23T02:32:22.045Z START meta=gvs-solve label=decision_manager phase=solve childId=2e7f67bc-3e7e-4620-bd96-7e9e1f6b8625
2026-09-23T02:32:22.045Z GOT agent=true status=running label=decision_manager sess=2e7f67bc-3e7e-4620-bd96-7e9e1f6b8625
2026-09-23T02:33:01.572Z WF-END meta=gvs-solve childId=2e7f67bc-3e7e-4620-bd96-7e9e1f6b8625 outcome=completed
2026-09-23T02:33:01.781Z START meta=gvs-solve label=laborer_worker phase=solve childId=5f3be11f-2eb4-47e3-9461-d19162e03344
2026-09-23T02:33:01.781Z GOT agent=true status=running label=laborer_worker sess=5f3be11f-2eb4-47e3-9461-d19162e03344
2026-09-23T02:33:01.783Z CTX label=laborer_worker childId=5f3be11f-2eb4-47e3-9461-d19162e03344 tok=0 base=0 window=0 pct=0.0000 peak=none
2026-09-23T02:33:02.784Z CTX label=laborer_worker childId=5f3be11f-2eb4-47e3-9461-d19162e03344 tok=14514 base=0 window=215040 pct=0.0675 peak=none
2026-09-23T02:33:02.785Z BASE label=laborer_worker childId=5f3be11f-2eb4-47e3-9461-d19162e03344 base=14514 window=215040
2026-09-23T02:33:03.786Z CTX label=laborer_worker childId=5f3be11f-2eb4-47e3-9461-d19162e03344 tok=14514 base=14514 window=215040 pct=0.0675 peak=none
2026-09-23T02:33:04.787Z CTX label=laborer_worker childId=5f3be11f-2eb4-47e3-9461-d19162e03344 tok=14514 base=14514 window=215040 pct=0.0675 peak=none
2026-09-23T02:33:05.789Z CTX label=laborer_worker childId=5f3be11f-2eb4-47e3-9461-d19162e03344 tok=14514 base=14514 window=215040 pct=0.0675 peak=none
2026-09-23T02:33:06.788Z CTX label=laborer_worker childId=5f3be11f-2eb4-47e3-9461-d19162e03344 tok=14514 base=14514 window=215040 pct=0.0675 peak=none
2026-09-23T02:33:07.789Z CTX label=laborer_worker childId=5f3be11f-2eb4-47e3-9461-d19162e03344 tok=14534 base=14514 window=215040 pct=0.0676 peak=none
2026-09-23T02:33:08.790Z CTX label=laborer_worker childId=5f3be11f-2eb4-47e3-9461-d19162e03344 tok=17772 base=14514 window=215040 pct=0.0826 peak=none
2026-09-23T02:33:09.790Z CTX label=laborer_worker childId=5f3be11f-2eb4-47e3-9461-d19162e03344 tok=17790 base=14514 window=215040 pct=0.0827 peak=none
2026-09-23T02:33:10.792Z CTX label=laborer_worker childId=5f3be11f-2eb4-47e3-9461-d19162e03344 tok=17902 base=14514 window=215040 pct=0.0832 peak=none
2026-09-23T02:33:11.792Z CTX label=laborer_worker childId=5f3be11f-2eb4-47e3-9461-d19162e03344 tok=18604 base=14514 window=215040 pct=0.0865 peak=none
2026-09-23T02:33:12.792Z CTX label=laborer_worker childId=5f3be11f-2eb4-47e3-9461-d19162e03344 tok=19314 base=14514 window=215040 pct=0.0898 peak=none
2026-09-23T02:33:13.793Z CTX label=laborer_worker childId=5f3be11f-2eb4-47e3-9461-d19162e03344 tok=19375 base=14514 window=215040 pct=0.0901 peak=none
2026-09-23T02:33:14.795Z CTX label=laborer_worker childId=5f3be11f-2eb4-47e3-9461-d19162e03344 tok=19517 base=14514 window=215040 pct=0.0908 peak=none
2026-09-23T02:33:15.795Z CTX label=laborer_worker childId=5f3be11f-2eb4-47e3-9461-d19162e03344 tok=19678 base=14514 window=215040 pct=0.0915 peak=none
2026-09-23T02:33:16.797Z CTX label=laborer_worker childId=5f3be11f-2eb4-47e3-9461-d19162e03344 tok=19801 base=14514 window=215040 pct=0.0921 peak=none
2026-09-23T02:33:17.797Z CTX label=laborer_worker childId=5f3be11f-2eb4-47e3-9461-d19162e03344 tok=19944 base=14514 window=215040 pct=0.0927 peak=none
2026-09-23T02:33:18.796Z CTX label=laborer_worker childId=5f3be11f-2eb4-47e3-9461-d19162e03344 tok=20031 base=14514 window=215040 pct=0.0932 peak=none
2026-09-23T02:33:19.798Z CTX label=laborer_worker childId=5f3be11f-2eb4-47e3-9461-d19162e03344 tok=20164 base=14514 window=215040 pct=0.0938 peak=none
2026-09-23T02:33:20.798Z CTX label=laborer_worker childId=5f3be11f-2eb4-47e3-9461-d19162e03344 tok=20290 base=14514 window=215040 pct=0.0944 peak=none
2026-09-23T02:33:21.800Z CTX label=laborer_worker childId=5f3be11f-2eb4-47e3-9461-d19162e03344 tok=20406 base=14514 window=215040 pct=0.0949 peak=none
2026-09-23T02:33:22.803Z CTX label=laborer_worker childId=5f3be11f-2eb4-47e3-9461-d19162e03344 tok=20506 base=14514 window=215040 pct=0.0954 peak=none
2026-09-23T02:33:23.803Z CTX label=laborer_worker childId=5f3be11f-2eb4-47e3-9461-d19162e03344 tok=20572 base=14514 window=215040 pct=0.0957 peak=none
2026-09-23T02:33:24.805Z CTX label=laborer_worker childId=5f3be11f-2eb4-47e3-9461-d19162e03344 tok=20728 base=14514 window=215040 pct=0.0964 peak=none
2026-09-23T02:33:25.806Z CTX label=laborer_worker childId=5f3be11f-2eb4-47e3-9461-d19162e03344 tok=20906 base=14514 window=215040 pct=0.0972 peak=none
2026-09-23T02:33:26.808Z CTX label=laborer_worker childId=5f3be11f-2eb4-47e3-9461-d19162e03344 tok=20938 base=14514 window=215040 pct=0.0974 peak=none
2026-09-23T02:33:27.809Z CTX label=laborer_worker childId=5f3be11f-2eb4-47e3-9461-d19162e03344 tok=20938 base=14514 window=215040 pct=0.0974 peak=none
2026-09-23T02:33:28.812Z CTX label=laborer_worker childId=5f3be11f-2eb4-47e3-9461-d19162e03344 tok=20938 base=14514 window=215040 pct=0.0974 peak=none
2026-09-23T02:33:29.810Z CTX label=laborer_worker childId=5f3be11f-2eb4-47e3-9461-d19162e03344 tok=21989 base=14514 window=215040 pct=0.1023 peak=none
2026-09-23T02:33:30.812Z CTX label=laborer_worker childId=5f3be11f-2eb4-47e3-9461-d19162e03344 tok=22102 base=14514 window=215040 pct=0.1028 peak=none
2026-09-23T02:33:31.813Z CTX label=laborer_worker childId=5f3be11f-2eb4-47e3-9461-d19162e03344 tok=22102 base=14514 window=215040 pct=0.1028 peak=none
2026-09-23T02:33:32.815Z CTX label=laborer_worker childId=5f3be11f-2eb4-47e3-9461-d19162e03344 tok=22135 base=14514 window=215040 pct=0.1029 peak=none
2026-09-23T02:33:33.814Z CTX label=laborer_worker childId=5f3be11f-2eb4-47e3-9461-d19162e03344 tok=22873 base=14514 window=215040 pct=0.1064 peak=none
2026-09-23T02:33:34.816Z CTX label=laborer_worker childId=5f3be11f-2eb4-47e3-9461-d19162e03344 tok=22873 base=14514 window=215040 pct=0.1064 peak=none
2026-09-23T02:33:35.816Z CTX label=laborer_worker childId=5f3be11f-2eb4-47e3-9461-d19162e03344 tok=22873 base=14514 window=215040 pct=0.1064 peak=none
2026-09-23T02:33:36.817Z CTX label=laborer_worker childId=5f3be11f-2eb4-47e3-9461-d19162e03344 tok=22873 base=14514 window=215040 pct=0.1064 peak=none
2026-09-23T02:33:37.818Z CTX label=laborer_worker childId=5f3be11f-2eb4-47e3-9461-d19162e03344 tok=22873 base=14514 window=215040 pct=0.1064 peak=none
2026-09-23T02:33:38.819Z CTX label=laborer_worker childId=5f3be11f-2eb4-47e3-9461-d19162e03344 tok=22873 base=14514 window=215040 pct=0.1064 peak=none
2026-09-23T02:33:39.821Z CTX label=laborer_worker childId=5f3be11f-2eb4-47e3-9461-d19162e03344 tok=22873 base=14514 window=215040 pct=0.1064 peak=none
2026-09-23T02:33:40.823Z CTX label=laborer_worker childId=5f3be11f-2eb4-47e3-9461-d19162e03344 tok=22873 base=14514 window=215040 pct=0.1064 peak=none
2026-09-23T02:33:41.822Z CTX label=laborer_worker childId=5f3be11f-2eb4-47e3-9461-d19162e03344 tok=22873 base=14514 window=215040 pct=0.1064 peak=none
2026-09-23T02:33:42.824Z CTX label=laborer_worker childId=5f3be11f-2eb4-47e3-9461-d19162e03344 tok=22918 base=14514 window=215040 pct=0.1066 peak=none
2026-09-23T02:33:43.825Z CTX label=laborer_worker childId=5f3be11f-2eb4-47e3-9461-d19162e03344 tok=23119 base=14514 window=215040 pct=0.1075 peak=none
2026-09-23T02:33:44.826Z CTX label=laborer_worker childId=5f3be11f-2eb4-47e3-9461-d19162e03344 tok=23205 base=14514 window=215040 pct=0.1079 peak=none
2026-09-23T02:33:45.828Z CTX label=laborer_worker childId=5f3be11f-2eb4-47e3-9461-d19162e03344 tok=23205 base=14514 window=215040 pct=0.1079 peak=none
2026-09-23T02:33:46.826Z CTX label=laborer_worker childId=5f3be11f-2eb4-47e3-9461-d19162e03344 tok=23205 base=14514 window=215040 pct=0.1079 peak=none
2026-09-23T02:33:47.827Z CTX label=laborer_worker childId=5f3be11f-2eb4-47e3-9461-d19162e03344 tok=23205 base=14514 window=215040 pct=0.1079 peak=none
2026-09-23T02:33:48.828Z CTX label=laborer_worker childId=5f3be11f-2eb4-47e3-9461-d19162e03344 tok=23205 base=14514 window=215040 pct=0.1079 peak=none
2026-09-23T02:33:49.829Z CTX label=laborer_worker childId=5f3be11f-2eb4-47e3-9461-d19162e03344 tok=23205 base=14514 window=215040 pct=0.1079 peak=none
2026-09-23T02:33:50.828Z CTX label=laborer_worker childId=5f3be11f-2eb4-47e3-9461-d19162e03344 tok=23205 base=14514 window=215040 pct=0.1079 peak=none
2026-09-23T02:33:51.828Z CTX label=laborer_worker childId=5f3be11f-2eb4-47e3-9461-d19162e03344 tok=23205 base=14514 window=215040 pct=0.1079 peak=none
2026-09-23T02:33:52.829Z CTX label=laborer_worker childId=5f3be11f-2eb4-47e3-9461-d19162e03344 tok=23205 base=14514 window=215040 pct=0.1079 peak=none
2026-09-23T02:33:53.830Z CTX label=laborer_worker childId=5f3be11f-2eb4-47e3-9461-d19162e03344 tok=23205 base=14514 window=215040 pct=0.1079 peak=none
2026-09-23T02:33:54.829Z CTX label=laborer_worker childId=5f3be11f-2eb4-47e3-9461-d19162e03344 tok=23205 base=14514 window=215040 pct=0.1079 peak=none
2026-09-23T02:33:55.831Z CTX label=laborer_worker childId=5f3be11f-2eb4-47e3-9461-d19162e03344 tok=23205 base=14514 window=215040 pct=0.1079 peak=none
2026-09-23T02:33:56.834Z CTX label=laborer_worker childId=5f3be11f-2eb4-47e3-9461-d19162e03344 tok=23205 base=14514 window=215040 pct=0.1079 peak=none
2026-09-23T02:33:57.833Z CTX label=laborer_worker childId=5f3be11f-2eb4-47e3-9461-d19162e03344 tok=23205 base=14514 window=215040 pct=0.1079 peak=none
2026-09-23T02:33:58.832Z CTX label=laborer_worker childId=5f3be11f-2eb4-47e3-9461-d19162e03344 tok=23205 base=14514 window=215040 pct=0.1079 peak=none
2026-09-23T02:33:59.833Z CTX label=laborer_worker childId=5f3be11f-2eb4-47e3-9461-d19162e03344 tok=23295 base=14514 window=215040 pct=0.1083 peak=none
2026-09-23T02:34:00.835Z CTX label=laborer_worker childId=5f3be11f-2eb4-47e3-9461-d19162e03344 tok=23330 base=14514 window=215040 pct=0.1085 peak=none
2026-09-23T02:34:01.834Z CTX label=laborer_worker childId=5f3be11f-2eb4-47e3-9461-d19162e03344 tok=23668 base=14514 window=215040 pct=0.1101 peak=none
2026-09-23T02:34:02.835Z CTX label=laborer_worker childId=5f3be11f-2eb4-47e3-9461-d19162e03344 tok=23898 base=14514 window=215040 pct=0.1111 peak=none
2026-09-23T02:34:03.837Z CTX label=laborer_worker childId=5f3be11f-2eb4-47e3-9461-d19162e03344 tok=24006 base=14514 window=215040 pct=0.1116 peak=none
2026-09-23T02:34:04.838Z CTX label=laborer_worker childId=5f3be11f-2eb4-47e3-9461-d19162e03344 tok=24101 base=14514 window=215040 pct=0.1121 peak=none
2026-09-23T02:34:05.839Z CTX label=laborer_worker childId=5f3be11f-2eb4-47e3-9461-d19162e03344 tok=24239 base=14514 window=215040 pct=0.1127 peak=none
2026-09-23T02:34:06.840Z CTX label=laborer_worker childId=5f3be11f-2eb4-47e3-9461-d19162e03344 tok=24291 base=14514 window=215040 pct=0.1130 peak=none
2026-09-23T02:34:07.840Z CTX label=laborer_worker childId=5f3be11f-2eb4-47e3-9461-d19162e03344 tok=24291 base=14514 window=215040 pct=0.1130 peak=none
2026-09-23T02:34:08.840Z CTX label=laborer_worker childId=5f3be11f-2eb4-47e3-9461-d19162e03344 tok=24291 base=14514 window=215040 pct=0.1130 peak=none
2026-09-23T02:34:09.840Z CTX label=laborer_worker childId=5f3be11f-2eb4-47e3-9461-d19162e03344 tok=24662 base=14514 window=215040 pct=0.1147 peak=none
2026-09-23T02:34:10.840Z CTX label=laborer_worker childId=5f3be11f-2eb4-47e3-9461-d19162e03344 tok=24777 base=14514 window=215040 pct=0.1152 peak=none
2026-09-23T02:34:11.841Z CTX label=laborer_worker childId=5f3be11f-2eb4-47e3-9461-d19162e03344 tok=25242 base=14514 window=215040 pct=0.1174 peak=none
2026-09-23T02:34:12.842Z CTX label=laborer_worker childId=5f3be11f-2eb4-47e3-9461-d19162e03344 tok=25486 base=14514 window=215040 pct=0.1185 peak=none
2026-09-23T02:34:13.843Z CTX label=laborer_worker childId=5f3be11f-2eb4-47e3-9461-d19162e03344 tok=25579 base=14514 window=215040 pct=0.1189 peak=none
2026-09-23T02:34:14.844Z CTX label=laborer_worker childId=5f3be11f-2eb4-47e3-9461-d19162e03344 tok=25763 base=14514 window=215040 pct=0.1198 peak=none
2026-09-23T02:34:15.845Z CTX label=laborer_worker childId=5f3be11f-2eb4-47e3-9461-d19162e03344 tok=25913 base=14514 window=215040 pct=0.1205 peak=none
2026-09-23T02:34:16.197Z WF-END meta=gvs-solve childId=5f3be11f-2eb4-47e3-9461-d19162e03344 outcome=completed
2026-09-23T02:34:16.197Z END label=laborer_worker childId=5f3be11f-2eb4-47e3-9461-d19162e03344 peak=none base=14514
2026-09-23T02:34:16.291Z START meta=gvs-solve label=check_worker phase=solve childId=106f688f-a9c6-4973-9a1c-77b9677b7303
2026-09-23T02:34:16.291Z GOT agent=true status=running label=check_worker sess=106f688f-a9c6-4973-9a1c-77b9677b7303
2026-09-23T02:34:16.291Z CHECK-INJECT grade=none
2026-09-23T02:35:09.869Z WF-END meta=gvs-solve childId=106f688f-a9c6-4973-9a1c-77b9677b7303 outcome=completed
2026-09-23T02:35:10.056Z START meta=gvs-solve label=decision_manager#2 phase=solve childId=65540b90-77e1-4c63-8aba-1253ddab8a9d
2026-09-23T02:35:10.056Z GOT agent=true status=running label=decision_manager#2 sess=65540b90-77e1-4c63-8aba-1253ddab8a9d
2026-09-23T02:35:59.071Z WF-END meta=gvs-solve childId=65540b90-77e1-4c63-8aba-1253ddab8a9d outcome=completed
2026-09-23T02:35:59.161Z START meta=gvs-solve label=laborer_worker#2 phase=solve childId=62654085-76e6-4ba6-9ba6-ca53d94ae1b2
2026-09-23T02:35:59.161Z GOT agent=true status=running label=laborer_worker#2 sess=62654085-76e6-4ba6-9ba6-ca53d94ae1b2
2026-09-23T02:35:59.162Z CTX label=laborer_worker#2 childId=62654085-76e6-4ba6-9ba6-ca53d94ae1b2 tok=0 base=0 window=0 pct=0.0000 peak=none
2026-09-23T02:36:00.164Z CTX label=laborer_worker#2 childId=62654085-76e6-4ba6-9ba6-ca53d94ae1b2 tok=14474 base=0 window=215040 pct=0.0673 peak=none
2026-09-23T02:36:00.164Z BASE label=laborer_worker#2 childId=62654085-76e6-4ba6-9ba6-ca53d94ae1b2 base=14474 window=215040
2026-09-23T02:36:01.164Z CTX label=laborer_worker#2 childId=62654085-76e6-4ba6-9ba6-ca53d94ae1b2 tok=14474 base=14474 window=215040 pct=0.0673 peak=none
2026-09-23T02:36:02.166Z CTX label=laborer_worker#2 childId=62654085-76e6-4ba6-9ba6-ca53d94ae1b2 tok=14474 base=14474 window=215040 pct=0.0673 peak=none
2026-09-23T02:36:03.165Z CTX label=laborer_worker#2 childId=62654085-76e6-4ba6-9ba6-ca53d94ae1b2 tok=14474 base=14474 window=215040 pct=0.0673 peak=none
2026-09-23T02:36:04.166Z CTX label=laborer_worker#2 childId=62654085-76e6-4ba6-9ba6-ca53d94ae1b2 tok=14474 base=14474 window=215040 pct=0.0673 peak=none
2026-09-23T02:36:05.167Z CTX label=laborer_worker#2 childId=62654085-76e6-4ba6-9ba6-ca53d94ae1b2 tok=14495 base=14474 window=215040 pct=0.0674 peak=none
2026-09-23T02:36:06.167Z CTX label=laborer_worker#2 childId=62654085-76e6-4ba6-9ba6-ca53d94ae1b2 tok=17796 base=14474 window=215040 pct=0.0828 peak=none
2026-09-23T02:36:07.169Z CTX label=laborer_worker#2 childId=62654085-76e6-4ba6-9ba6-ca53d94ae1b2 tok=17809 base=14474 window=215040 pct=0.0828 peak=none
2026-09-23T02:36:08.168Z CTX label=laborer_worker#2 childId=62654085-76e6-4ba6-9ba6-ca53d94ae1b2 tok=17919 base=14474 window=215040 pct=0.0833 peak=none
2026-09-23T02:36:09.170Z CTX label=laborer_worker#2 childId=62654085-76e6-4ba6-9ba6-ca53d94ae1b2 tok=18729 base=14474 window=215040 pct=0.0871 peak=none
2026-09-23T02:36:10.170Z CTX label=laborer_worker#2 childId=62654085-76e6-4ba6-9ba6-ca53d94ae1b2 tok=18802 base=14474 window=215040 pct=0.0874 peak=none
2026-09-23T02:36:11.172Z CTX label=laborer_worker#2 childId=62654085-76e6-4ba6-9ba6-ca53d94ae1b2 tok=19880 base=14474 window=215040 pct=0.0924 peak=none
2026-09-23T02:36:12.174Z CTX label=laborer_worker#2 childId=62654085-76e6-4ba6-9ba6-ca53d94ae1b2 tok=20610 base=14474 window=215040 pct=0.0958 peak=none
2026-09-23T02:36:13.172Z CTX label=laborer_worker#2 childId=62654085-76e6-4ba6-9ba6-ca53d94ae1b2 tok=21773 base=14474 window=215040 pct=0.1013 peak=none
2026-09-23T02:36:14.172Z CTX label=laborer_worker#2 childId=62654085-76e6-4ba6-9ba6-ca53d94ae1b2 tok=21773 base=14474 window=215040 pct=0.1013 peak=none
2026-09-23T02:36:15.173Z CTX label=laborer_worker#2 childId=62654085-76e6-4ba6-9ba6-ca53d94ae1b2 tok=21880 base=14474 window=215040 pct=0.1017 peak=none
2026-09-23T02:36:16.174Z CTX label=laborer_worker#2 childId=62654085-76e6-4ba6-9ba6-ca53d94ae1b2 tok=22000 base=14474 window=215040 pct=0.1023 peak=none
2026-09-23T02:36:17.174Z CTX label=laborer_worker#2 childId=62654085-76e6-4ba6-9ba6-ca53d94ae1b2 tok=22157 base=14474 window=215040 pct=0.1030 peak=none
2026-09-23T02:36:18.174Z CTX label=laborer_worker#2 childId=62654085-76e6-4ba6-9ba6-ca53d94ae1b2 tok=22284 base=14474 window=215040 pct=0.1036 peak=none
2026-09-23T02:36:19.175Z CTX label=laborer_worker#2 childId=62654085-76e6-4ba6-9ba6-ca53d94ae1b2 tok=22369 base=14474 window=215040 pct=0.1040 peak=none
2026-09-23T02:36:20.177Z CTX label=laborer_worker#2 childId=62654085-76e6-4ba6-9ba6-ca53d94ae1b2 tok=22463 base=14474 window=215040 pct=0.1045 peak=none
2026-09-23T02:36:21.179Z CTX label=laborer_worker#2 childId=62654085-76e6-4ba6-9ba6-ca53d94ae1b2 tok=22540 base=14474 window=215040 pct=0.1048 peak=none
2026-09-23T02:36:22.180Z CTX label=laborer_worker#2 childId=62654085-76e6-4ba6-9ba6-ca53d94ae1b2 tok=22634 base=14474 window=215040 pct=0.1053 peak=none
2026-09-23T02:36:23.181Z CTX label=laborer_worker#2 childId=62654085-76e6-4ba6-9ba6-ca53d94ae1b2 tok=22734 base=14474 window=215040 pct=0.1057 peak=none
2026-09-23T02:36:24.180Z CTX label=laborer_worker#2 childId=62654085-76e6-4ba6-9ba6-ca53d94ae1b2 tok=22799 base=14474 window=215040 pct=0.1060 peak=none
2026-09-23T02:36:25.180Z CTX label=laborer_worker#2 childId=62654085-76e6-4ba6-9ba6-ca53d94ae1b2 tok=22891 base=14474 window=215040 pct=0.1064 peak=none
2026-09-23T02:36:26.180Z CTX label=laborer_worker#2 childId=62654085-76e6-4ba6-9ba6-ca53d94ae1b2 tok=22996 base=14474 window=215040 pct=0.1069 peak=none
2026-09-23T02:36:27.180Z CTX label=laborer_worker#2 childId=62654085-76e6-4ba6-9ba6-ca53d94ae1b2 tok=23104 base=14474 window=215040 pct=0.1074 peak=none
2026-09-23T02:36:28.191Z CTX label=laborer_worker#2 childId=62654085-76e6-4ba6-9ba6-ca53d94ae1b2 tok=23188 base=14474 window=215040 pct=0.1078 peak=none
2026-09-23T02:36:29.183Z CTX label=laborer_worker#2 childId=62654085-76e6-4ba6-9ba6-ca53d94ae1b2 tok=23277 base=14474 window=215040 pct=0.1082 peak=none
2026-09-23T02:36:30.183Z CTX label=laborer_worker#2 childId=62654085-76e6-4ba6-9ba6-ca53d94ae1b2 tok=23368 base=14474 window=215040 pct=0.1087 peak=none
2026-09-23T02:36:31.185Z CTX label=laborer_worker#2 childId=62654085-76e6-4ba6-9ba6-ca53d94ae1b2 tok=23458 base=14474 window=215040 pct=0.1091 peak=none
2026-09-23T02:36:32.185Z CTX label=laborer_worker#2 childId=62654085-76e6-4ba6-9ba6-ca53d94ae1b2 tok=23537 base=14474 window=215040 pct=0.1095 peak=none
2026-09-23T02:36:33.186Z CTX label=laborer_worker#2 childId=62654085-76e6-4ba6-9ba6-ca53d94ae1b2 tok=23620 base=14474 window=215040 pct=0.1098 peak=none
2026-09-23T02:36:34.187Z CTX label=laborer_worker#2 childId=62654085-76e6-4ba6-9ba6-ca53d94ae1b2 tok=23701 base=14474 window=215040 pct=0.1102 peak=none
2026-09-23T02:36:35.188Z CTX label=laborer_worker#2 childId=62654085-76e6-4ba6-9ba6-ca53d94ae1b2 tok=23790 base=14474 window=215040 pct=0.1106 peak=none
2026-09-23T02:36:36.187Z CTX label=laborer_worker#2 childId=62654085-76e6-4ba6-9ba6-ca53d94ae1b2 tok=23883 base=14474 window=215040 pct=0.1111 peak=none
2026-09-23T02:36:37.188Z CTX label=laborer_worker#2 childId=62654085-76e6-4ba6-9ba6-ca53d94ae1b2 tok=23987 base=14474 window=215040 pct=0.1115 peak=none
2026-09-23T02:36:38.188Z CTX label=laborer_worker#2 childId=62654085-76e6-4ba6-9ba6-ca53d94ae1b2 tok=24087 base=14474 window=215040 pct=0.1120 peak=none
2026-09-23T02:36:39.189Z CTX label=laborer_worker#2 childId=62654085-76e6-4ba6-9ba6-ca53d94ae1b2 tok=24175 base=14474 window=215040 pct=0.1124 peak=none
2026-09-23T02:36:40.190Z CTX label=laborer_worker#2 childId=62654085-76e6-4ba6-9ba6-ca53d94ae1b2 tok=24268 base=14474 window=215040 pct=0.1129 peak=none
2026-09-23T02:36:41.190Z CTX label=laborer_worker#2 childId=62654085-76e6-4ba6-9ba6-ca53d94ae1b2 tok=24359 base=14474 window=215040 pct=0.1133 peak=none
2026-09-23T02:36:42.192Z CTX label=laborer_worker#2 childId=62654085-76e6-4ba6-9ba6-ca53d94ae1b2 tok=24437 base=14474 window=215040 pct=0.1136 peak=none
2026-09-23T02:36:43.193Z CTX label=laborer_worker#2 childId=62654085-76e6-4ba6-9ba6-ca53d94ae1b2 tok=24505 base=14474 window=215040 pct=0.1140 peak=none
2026-09-23T02:36:44.193Z CTX label=laborer_worker#2 childId=62654085-76e6-4ba6-9ba6-ca53d94ae1b2 tok=24585 base=14474 window=215040 pct=0.1143 peak=none
2026-09-23T02:36:45.193Z CTX label=laborer_worker#2 childId=62654085-76e6-4ba6-9ba6-ca53d94ae1b2 tok=24681 base=14474 window=215040 pct=0.1148 peak=none
2026-09-23T02:36:46.193Z CTX label=laborer_worker#2 childId=62654085-76e6-4ba6-9ba6-ca53d94ae1b2 tok=24755 base=14474 window=215040 pct=0.1151 peak=none
2026-09-23T02:36:47.194Z CTX label=laborer_worker#2 childId=62654085-76e6-4ba6-9ba6-ca53d94ae1b2 tok=24821 base=14474 window=215040 pct=0.1154 peak=none
2026-09-23T02:36:48.195Z CTX label=laborer_worker#2 childId=62654085-76e6-4ba6-9ba6-ca53d94ae1b2 tok=24891 base=14474 window=215040 pct=0.1158 peak=none
2026-09-23T02:36:49.197Z CTX label=laborer_worker#2 childId=62654085-76e6-4ba6-9ba6-ca53d94ae1b2 tok=24956 base=14474 window=215040 pct=0.1161 peak=none
2026-09-23T02:36:50.196Z CTX label=laborer_worker#2 childId=62654085-76e6-4ba6-9ba6-ca53d94ae1b2 tok=25037 base=14474 window=215040 pct=0.1164 peak=none
2026-09-23T02:36:51.200Z CTX label=laborer_worker#2 childId=62654085-76e6-4ba6-9ba6-ca53d94ae1b2 tok=25145 base=14474 window=215040 pct=0.1169 peak=none
2026-09-23T02:36:52.200Z CTX label=laborer_worker#2 childId=62654085-76e6-4ba6-9ba6-ca53d94ae1b2 tok=25235 base=14474 window=215040 pct=0.1174 peak=none
2026-09-23T02:36:53.201Z CTX label=laborer_worker#2 childId=62654085-76e6-4ba6-9ba6-ca53d94ae1b2 tok=25309 base=14474 window=215040 pct=0.1177 peak=none
2026-09-23T02:36:54.202Z CTX label=laborer_worker#2 childId=62654085-76e6-4ba6-9ba6-ca53d94ae1b2 tok=25379 base=14474 window=215040 pct=0.1180 peak=none
2026-09-23T02:36:55.202Z CTX label=laborer_worker#2 childId=62654085-76e6-4ba6-9ba6-ca53d94ae1b2 tok=25458 base=14474 window=215040 pct=0.1184 peak=none
2026-09-23T02:36:56.204Z CTX label=laborer_worker#2 childId=62654085-76e6-4ba6-9ba6-ca53d94ae1b2 tok=25541 base=14474 window=215040 pct=0.1188 peak=none
2026-09-23T02:36:57.204Z CTX label=laborer_worker#2 childId=62654085-76e6-4ba6-9ba6-ca53d94ae1b2 tok=25609 base=14474 window=215040 pct=0.1191 peak=none
2026-09-23T02:36:58.203Z CTX label=laborer_worker#2 childId=62654085-76e6-4ba6-9ba6-ca53d94ae1b2 tok=25662 base=14474 window=215040 pct=0.1193 peak=none
2026-09-23T02:36:59.205Z CTX label=laborer_worker#2 childId=62654085-76e6-4ba6-9ba6-ca53d94ae1b2 tok=25726 base=14474 window=215040 pct=0.1196 peak=none
2026-09-23T02:37:00.206Z CTX label=laborer_worker#2 childId=62654085-76e6-4ba6-9ba6-ca53d94ae1b2 tok=25812 base=14474 window=215040 pct=0.1200 peak=none
2026-09-23T02:37:01.206Z CTX label=laborer_worker#2 childId=62654085-76e6-4ba6-9ba6-ca53d94ae1b2 tok=25915 base=14474 window=215040 pct=0.1205 peak=none
2026-09-23T02:37:02.208Z CTX label=laborer_worker#2 childId=62654085-76e6-4ba6-9ba6-ca53d94ae1b2 tok=25997 base=14474 window=215040 pct=0.1209 peak=none
2026-09-23T02:37:03.209Z CTX label=laborer_worker#2 childId=62654085-76e6-4ba6-9ba6-ca53d94ae1b2 tok=26087 base=14474 window=215040 pct=0.1213 peak=none
2026-09-23T02:37:04.209Z CTX label=laborer_worker#2 childId=62654085-76e6-4ba6-9ba6-ca53d94ae1b2 tok=26154 base=14474 window=215040 pct=0.1216 peak=none
2026-09-23T02:37:05.211Z CTX label=laborer_worker#2 childId=62654085-76e6-4ba6-9ba6-ca53d94ae1b2 tok=26217 base=14474 window=215040 pct=0.1219 peak=none
2026-09-23T02:37:06.210Z CTX label=laborer_worker#2 childId=62654085-76e6-4ba6-9ba6-ca53d94ae1b2 tok=26285 base=14474 window=215040 pct=0.1222 peak=none
2026-09-23T02:37:07.211Z CTX label=laborer_worker#2 childId=62654085-76e6-4ba6-9ba6-ca53d94ae1b2 tok=26342 base=14474 window=215040 pct=0.1225 peak=none
2026-09-23T02:37:08.212Z CTX label=laborer_worker#2 childId=62654085-76e6-4ba6-9ba6-ca53d94ae1b2 tok=26408 base=14474 window=215040 pct=0.1228 peak=none
2026-09-23T02:37:09.212Z CTX label=laborer_worker#2 childId=62654085-76e6-4ba6-9ba6-ca53d94ae1b2 tok=26485 base=14474 window=215040 pct=0.1232 peak=none
2026-09-23T02:37:10.213Z CTX label=laborer_worker#2 childId=62654085-76e6-4ba6-9ba6-ca53d94ae1b2 tok=26560 base=14474 window=215040 pct=0.1235 peak=none
2026-09-23T02:37:11.214Z CTX label=laborer_worker#2 childId=62654085-76e6-4ba6-9ba6-ca53d94ae1b2 tok=26644 base=14474 window=215040 pct=0.1239 peak=none
2026-09-23T02:37:12.216Z CTX label=laborer_worker#2 childId=62654085-76e6-4ba6-9ba6-ca53d94ae1b2 tok=26739 base=14474 window=215040 pct=0.1243 peak=none
2026-09-23T02:37:13.217Z CTX label=laborer_worker#2 childId=62654085-76e6-4ba6-9ba6-ca53d94ae1b2 tok=26809 base=14474 window=215040 pct=0.1247 peak=none
2026-09-23T02:37:14.217Z CTX label=laborer_worker#2 childId=62654085-76e6-4ba6-9ba6-ca53d94ae1b2 tok=26890 base=14474 window=215040 pct=0.1250 peak=none
2026-09-23T02:37:15.217Z CTX label=laborer_worker#2 childId=62654085-76e6-4ba6-9ba6-ca53d94ae1b2 tok=26978 base=14474 window=215040 pct=0.1255 peak=none
2026-09-23T02:37:16.218Z CTX label=laborer_worker#2 childId=62654085-76e6-4ba6-9ba6-ca53d94ae1b2 tok=27074 base=14474 window=215040 pct=0.1259 peak=none
2026-09-23T02:37:17.219Z CTX label=laborer_worker#2 childId=62654085-76e6-4ba6-9ba6-ca53d94ae1b2 tok=27177 base=14474 window=215040 pct=0.1264 peak=none
2026-09-23T02:37:18.219Z CTX label=laborer_worker#2 childId=62654085-76e6-4ba6-9ba6-ca53d94ae1b2 tok=27261 base=14474 window=215040 pct=0.1268 peak=none
2026-09-23T02:37:19.220Z CTX label=laborer_worker#2 childId=62654085-76e6-4ba6-9ba6-ca53d94ae1b2 tok=27336 base=14474 window=215040 pct=0.1271 peak=none
2026-09-23T02:37:20.222Z CTX label=laborer_worker#2 childId=62654085-76e6-4ba6-9ba6-ca53d94ae1b2 tok=27439 base=14474 window=215040 pct=0.1276 peak=none
2026-09-23T02:37:21.223Z CTX label=laborer_worker#2 childId=62654085-76e6-4ba6-9ba6-ca53d94ae1b2 tok=27549 base=14474 window=215040 pct=0.1281 peak=none
2026-09-23T02:37:22.224Z CTX label=laborer_worker#2 childId=62654085-76e6-4ba6-9ba6-ca53d94ae1b2 tok=27624 base=14474 window=215040 pct=0.1285 peak=none
2026-09-23T02:37:23.224Z CTX label=laborer_worker#2 childId=62654085-76e6-4ba6-9ba6-ca53d94ae1b2 tok=27718 base=14474 window=215040 pct=0.1289 peak=none
2026-09-23T02:37:24.225Z CTX label=laborer_worker#2 childId=62654085-76e6-4ba6-9ba6-ca53d94ae1b2 tok=27870 base=14474 window=215040 pct=0.1296 peak=none
2026-09-23T02:37:25.226Z CTX label=laborer_worker#2 childId=62654085-76e6-4ba6-9ba6-ca53d94ae1b2 tok=27959 base=14474 window=215040 pct=0.1300 peak=none
2026-09-23T02:37:26.227Z CTX label=laborer_worker#2 childId=62654085-76e6-4ba6-9ba6-ca53d94ae1b2 tok=28076 base=14474 window=215040 pct=0.1306 peak=none
2026-09-23T02:37:27.229Z CTX label=laborer_worker#2 childId=62654085-76e6-4ba6-9ba6-ca53d94ae1b2 tok=28172 base=14474 window=215040 pct=0.1310 peak=none
2026-09-23T02:37:28.228Z CTX label=laborer_worker#2 childId=62654085-76e6-4ba6-9ba6-ca53d94ae1b2 tok=28252 base=14474 window=215040 pct=0.1314 peak=none
2026-09-23T02:37:29.228Z CTX label=laborer_worker#2 childId=62654085-76e6-4ba6-9ba6-ca53d94ae1b2 tok=28346 base=14474 window=215040 pct=0.1318 peak=none
2026-09-23T02:37:30.229Z CTX label=laborer_worker#2 childId=62654085-76e6-4ba6-9ba6-ca53d94ae1b2 tok=28449 base=14474 window=215040 pct=0.1323 peak=none
2026-09-23T02:37:31.230Z CTX label=laborer_worker#2 childId=62654085-76e6-4ba6-9ba6-ca53d94ae1b2 tok=28524 base=14474 window=215040 pct=0.1326 peak=none
2026-09-23T02:37:32.230Z CTX label=laborer_worker#2 childId=62654085-76e6-4ba6-9ba6-ca53d94ae1b2 tok=28591 base=14474 window=215040 pct=0.1330 peak=none
2026-09-23T02:37:33.232Z CTX label=laborer_worker#2 childId=62654085-76e6-4ba6-9ba6-ca53d94ae1b2 tok=28677 base=14474 window=215040 pct=0.1334 peak=none
2026-09-23T02:37:34.234Z CTX label=laborer_worker#2 childId=62654085-76e6-4ba6-9ba6-ca53d94ae1b2 tok=28746 base=14474 window=215040 pct=0.1337 peak=none
2026-09-23T02:37:35.236Z CTX label=laborer_worker#2 childId=62654085-76e6-4ba6-9ba6-ca53d94ae1b2 tok=28833 base=14474 window=215040 pct=0.1341 peak=none
2026-09-23T02:37:36.234Z CTX label=laborer_worker#2 childId=62654085-76e6-4ba6-9ba6-ca53d94ae1b2 tok=28906 base=14474 window=215040 pct=0.1344 peak=none
2026-09-23T02:37:37.235Z CTX label=laborer_worker#2 childId=62654085-76e6-4ba6-9ba6-ca53d94ae1b2 tok=28982 base=14474 window=215040 pct=0.1348 peak=none
2026-09-23T02:37:38.236Z CTX label=laborer_worker#2 childId=62654085-76e6-4ba6-9ba6-ca53d94ae1b2 tok=29075 base=14474 window=215040 pct=0.1352 peak=none
2026-09-23T02:37:39.238Z CTX label=laborer_worker#2 childId=62654085-76e6-4ba6-9ba6-ca53d94ae1b2 tok=29153 base=14474 window=215040 pct=0.1356 peak=none
2026-09-23T02:37:40.237Z CTX label=laborer_worker#2 childId=62654085-76e6-4ba6-9ba6-ca53d94ae1b2 tok=29224 base=14474 window=215040 pct=0.1359 peak=none
2026-09-23T02:37:41.239Z CTX label=laborer_worker#2 childId=62654085-76e6-4ba6-9ba6-ca53d94ae1b2 tok=29305 base=14474 window=215040 pct=0.1363 peak=none
2026-09-23T02:37:42.238Z CTX label=laborer_worker#2 childId=62654085-76e6-4ba6-9ba6-ca53d94ae1b2 tok=29374 base=14474 window=215040 pct=0.1366 peak=none
2026-09-23T02:37:43.239Z CTX label=laborer_worker#2 childId=62654085-76e6-4ba6-9ba6-ca53d94ae1b2 tok=29432 base=14474 window=215040 pct=0.1369 peak=none
2026-09-23T02:37:44.239Z CTX label=laborer_worker#2 childId=62654085-76e6-4ba6-9ba6-ca53d94ae1b2 tok=29497 base=14474 window=215040 pct=0.1372 peak=none
2026-09-23T02:37:45.239Z CTX label=laborer_worker#2 childId=62654085-76e6-4ba6-9ba6-ca53d94ae1b2 tok=29554 base=14474 window=215040 pct=0.1374 peak=none
2026-09-23T02:37:46.240Z CTX label=laborer_worker#2 childId=62654085-76e6-4ba6-9ba6-ca53d94ae1b2 tok=29638 base=14474 window=215040 pct=0.1378 peak=none
2026-09-23T02:37:47.241Z CTX label=laborer_worker#2 childId=62654085-76e6-4ba6-9ba6-ca53d94ae1b2 tok=29696 base=14474 window=215040 pct=0.1381 peak=none
2026-09-23T02:37:48.242Z CTX label=laborer_worker#2 childId=62654085-76e6-4ba6-9ba6-ca53d94ae1b2 tok=29780 base=14474 window=215040 pct=0.1385 peak=none
2026-09-23T02:37:49.242Z CTX label=laborer_worker#2 childId=62654085-76e6-4ba6-9ba6-ca53d94ae1b2 tok=29868 base=14474 window=215040 pct=0.1389 peak=none
2026-09-23T02:37:50.243Z CTX label=laborer_worker#2 childId=62654085-76e6-4ba6-9ba6-ca53d94ae1b2 tok=29937 base=14474 window=215040 pct=0.1392 peak=none
2026-09-23T02:37:51.244Z CTX label=laborer_worker#2 childId=62654085-76e6-4ba6-9ba6-ca53d94ae1b2 tok=30029 base=14474 window=215040 pct=0.1396 peak=none
2026-09-23T02:37:52.245Z CTX label=laborer_worker#2 childId=62654085-76e6-4ba6-9ba6-ca53d94ae1b2 tok=30125 base=14474 window=215040 pct=0.1401 peak=none
2026-09-23T02:37:53.244Z CTX label=laborer_worker#2 childId=62654085-76e6-4ba6-9ba6-ca53d94ae1b2 tok=30203 base=14474 window=215040 pct=0.1405 peak=none
2026-09-23T02:37:54.245Z CTX label=laborer_worker#2 childId=62654085-76e6-4ba6-9ba6-ca53d94ae1b2 tok=30279 base=14474 window=215040 pct=0.1408 peak=none
2026-09-23T02:37:55.246Z CTX label=laborer_worker#2 childId=62654085-76e6-4ba6-9ba6-ca53d94ae1b2 tok=30345 base=14474 window=215040 pct=0.1411 peak=none
2026-09-23T02:37:56.248Z CTX label=laborer_worker#2 childId=62654085-76e6-4ba6-9ba6-ca53d94ae1b2 tok=30410 base=14474 window=215040 pct=0.1414 peak=none
2026-09-23T02:37:57.247Z CTX label=laborer_worker#2 childId=62654085-76e6-4ba6-9ba6-ca53d94ae1b2 tok=30489 base=14474 window=215040 pct=0.1418 peak=none
2026-09-23T02:37:58.247Z CTX label=laborer_worker#2 childId=62654085-76e6-4ba6-9ba6-ca53d94ae1b2 tok=30582 base=14474 window=215040 pct=0.1422 peak=none
2026-09-23T02:37:59.250Z CTX label=laborer_worker#2 childId=62654085-76e6-4ba6-9ba6-ca53d94ae1b2 tok=30691 base=14474 window=215040 pct=0.1427 peak=none
2026-09-23T02:38:00.249Z CTX label=laborer_worker#2 childId=62654085-76e6-4ba6-9ba6-ca53d94ae1b2 tok=30764 base=14474 window=215040 pct=0.1431 peak=none
2026-09-23T02:38:01.250Z CTX label=laborer_worker#2 childId=62654085-76e6-4ba6-9ba6-ca53d94ae1b2 tok=30868 base=14474 window=215040 pct=0.1435 peak=none
2026-09-23T02:38:02.250Z CTX label=laborer_worker#2 childId=62654085-76e6-4ba6-9ba6-ca53d94ae1b2 tok=30958 base=14474 window=215040 pct=0.1440 peak=none
2026-09-23T02:38:03.252Z CTX label=laborer_worker#2 childId=62654085-76e6-4ba6-9ba6-ca53d94ae1b2 tok=31043 base=14474 window=215040 pct=0.1444 peak=none
2026-09-23T02:38:04.252Z CTX label=laborer_worker#2 childId=62654085-76e6-4ba6-9ba6-ca53d94ae1b2 tok=31122 base=14474 window=215040 pct=0.1447 peak=none
2026-09-23T02:38:05.253Z CTX label=laborer_worker#2 childId=62654085-76e6-4ba6-9ba6-ca53d94ae1b2 tok=31219 base=14474 window=215040 pct=0.1452 peak=none
2026-09-23T02:38:06.254Z CTX label=laborer_worker#2 childId=62654085-76e6-4ba6-9ba6-ca53d94ae1b2 tok=31312 base=14474 window=215040 pct=0.1456 peak=none
2026-09-23T02:38:07.254Z CTX label=laborer_worker#2 childId=62654085-76e6-4ba6-9ba6-ca53d94ae1b2 tok=31401 base=14474 window=215040 pct=0.1460 peak=none
2026-09-23T02:38:08.263Z CTX label=laborer_worker#2 childId=62654085-76e6-4ba6-9ba6-ca53d94ae1b2 tok=31486 base=14474 window=215040 pct=0.1464 peak=none
2026-09-23T02:38:09.264Z CTX label=laborer_worker#2 childId=62654085-76e6-4ba6-9ba6-ca53d94ae1b2 tok=31590 base=14474 window=215040 pct=0.1469 peak=none
2026-09-23T02:38:10.265Z CTX label=laborer_worker#2 childId=62654085-76e6-4ba6-9ba6-ca53d94ae1b2 tok=31683 base=14474 window=215040 pct=0.1473 peak=none
2026-09-23T02:38:11.267Z CTX label=laborer_worker#2 childId=62654085-76e6-4ba6-9ba6-ca53d94ae1b2 tok=31777 base=14474 window=215040 pct=0.1478 peak=none
2026-09-23T02:38:12.268Z CTX label=laborer_worker#2 childId=62654085-76e6-4ba6-9ba6-ca53d94ae1b2 tok=31873 base=14474 window=215040 pct=0.1482 peak=none
2026-09-23T02:38:13.269Z CTX label=laborer_worker#2 childId=62654085-76e6-4ba6-9ba6-ca53d94ae1b2 tok=31981 base=14474 window=215040 pct=0.1487 peak=none
2026-09-23T02:38:14.268Z CTX label=laborer_worker#2 childId=62654085-76e6-4ba6-9ba6-ca53d94ae1b2 tok=32077 base=14474 window=215040 pct=0.1492 peak=none
2026-09-23T02:38:15.269Z CTX label=laborer_worker#2 childId=62654085-76e6-4ba6-9ba6-ca53d94ae1b2 tok=32168 base=14474 window=215040 pct=0.1496 peak=none
2026-09-23T02:38:16.270Z CTX label=laborer_worker#2 childId=62654085-76e6-4ba6-9ba6-ca53d94ae1b2 tok=32268 base=14474 window=215040 pct=0.1501 peak=none
2026-09-23T02:38:17.270Z CTX label=laborer_worker#2 childId=62654085-76e6-4ba6-9ba6-ca53d94ae1b2 tok=32370 base=14474 window=215040 pct=0.1505 peak=none
2026-09-23T02:38:18.271Z CTX label=laborer_worker#2 childId=62654085-76e6-4ba6-9ba6-ca53d94ae1b2 tok=32465 base=14474 window=215040 pct=0.1510 peak=none
2026-09-23T02:38:19.271Z CTX label=laborer_worker#2 childId=62654085-76e6-4ba6-9ba6-ca53d94ae1b2 tok=32571 base=14474 window=215040 pct=0.1515 peak=none
2026-09-23T02:38:20.272Z CTX label=laborer_worker#2 childId=62654085-76e6-4ba6-9ba6-ca53d94ae1b2 tok=32654 base=14474 window=215040 pct=0.1519 peak=none
2026-09-23T02:38:21.273Z CTX label=laborer_worker#2 childId=62654085-76e6-4ba6-9ba6-ca53d94ae1b2 tok=32792 base=14474 window=215040 pct=0.1525 peak=none
2026-09-23T02:38:22.273Z CTX label=laborer_worker#2 childId=62654085-76e6-4ba6-9ba6-ca53d94ae1b2 tok=32894 base=14474 window=215040 pct=0.1530 peak=none
2026-09-23T02:38:23.274Z CTX label=laborer_worker#2 childId=62654085-76e6-4ba6-9ba6-ca53d94ae1b2 tok=32958 base=14474 window=215040 pct=0.1533 peak=none
2026-09-23T02:38:24.274Z CTX label=laborer_worker#2 childId=62654085-76e6-4ba6-9ba6-ca53d94ae1b2 tok=33037 base=14474 window=215040 pct=0.1536 peak=none
2026-09-23T02:38:25.274Z CTX label=laborer_worker#2 childId=62654085-76e6-4ba6-9ba6-ca53d94ae1b2 tok=33162 base=14474 window=215040 pct=0.1542 peak=none
2026-09-23T02:38:26.275Z CTX label=laborer_worker#2 childId=62654085-76e6-4ba6-9ba6-ca53d94ae1b2 tok=33257 base=14474 window=215040 pct=0.1547 peak=none
2026-09-23T02:38:27.277Z CTX label=laborer_worker#2 childId=62654085-76e6-4ba6-9ba6-ca53d94ae1b2 tok=33355 base=14474 window=215040 pct=0.1551 peak=none
2026-09-23T02:38:28.276Z CTX label=laborer_worker#2 childId=62654085-76e6-4ba6-9ba6-ca53d94ae1b2 tok=33455 base=14474 window=215040 pct=0.1556 peak=none
2026-09-23T02:38:29.277Z CTX label=laborer_worker#2 childId=62654085-76e6-4ba6-9ba6-ca53d94ae1b2 tok=33564 base=14474 window=215040 pct=0.1561 peak=none
2026-09-23T02:38:30.278Z CTX label=laborer_worker#2 childId=62654085-76e6-4ba6-9ba6-ca53d94ae1b2 tok=33680 base=14474 window=215040 pct=0.1566 peak=none
2026-09-23T02:38:31.278Z CTX label=laborer_worker#2 childId=62654085-76e6-4ba6-9ba6-ca53d94ae1b2 tok=33800 base=14474 window=215040 pct=0.1572 peak=none
2026-09-23T02:38:32.281Z CTX label=laborer_worker#2 childId=62654085-76e6-4ba6-9ba6-ca53d94ae1b2 tok=33874 base=14474 window=215040 pct=0.1575 peak=none
2026-09-23T02:38:33.280Z CTX label=laborer_worker#2 childId=62654085-76e6-4ba6-9ba6-ca53d94ae1b2 tok=33961 base=14474 window=215040 pct=0.1579 peak=none
2026-09-23T02:38:34.282Z CTX label=laborer_worker#2 childId=62654085-76e6-4ba6-9ba6-ca53d94ae1b2 tok=34034 base=14474 window=215040 pct=0.1583 peak=none
2026-09-23T02:38:35.282Z CTX label=laborer_worker#2 childId=62654085-76e6-4ba6-9ba6-ca53d94ae1b2 tok=34103 base=14474 window=215040 pct=0.1586 peak=none
2026-09-23T02:38:36.283Z CTX label=laborer_worker#2 childId=62654085-76e6-4ba6-9ba6-ca53d94ae1b2 tok=34217 base=14474 window=215040 pct=0.1591 peak=none
2026-09-23T02:38:37.283Z CTX label=laborer_worker#2 childId=62654085-76e6-4ba6-9ba6-ca53d94ae1b2 tok=34323 base=14474 window=215040 pct=0.1596 peak=none
2026-09-23T02:38:38.284Z CTX label=laborer_worker#2 childId=62654085-76e6-4ba6-9ba6-ca53d94ae1b2 tok=34423 base=14474 window=215040 pct=0.1601 peak=none
2026-09-23T02:38:39.285Z CTX label=laborer_worker#2 childId=62654085-76e6-4ba6-9ba6-ca53d94ae1b2 tok=34506 base=14474 window=215040 pct=0.1605 peak=none
2026-09-23T02:38:40.286Z CTX label=laborer_worker#2 childId=62654085-76e6-4ba6-9ba6-ca53d94ae1b2 tok=34574 base=14474 window=215040 pct=0.1608 peak=none
2026-09-23T02:38:41.288Z CTX label=laborer_worker#2 childId=62654085-76e6-4ba6-9ba6-ca53d94ae1b2 tok=34685 base=14474 window=215040 pct=0.1613 peak=none
2026-09-23T02:38:42.289Z CTX label=laborer_worker#2 childId=62654085-76e6-4ba6-9ba6-ca53d94ae1b2 tok=34773 base=14474 window=215040 pct=0.1617 peak=none
2026-09-23T02:38:43.289Z CTX label=laborer_worker#2 childId=62654085-76e6-4ba6-9ba6-ca53d94ae1b2 tok=34844 base=14474 window=215040 pct=0.1620 peak=none
2026-09-23T02:38:44.290Z CTX label=laborer_worker#2 childId=62654085-76e6-4ba6-9ba6-ca53d94ae1b2 tok=34924 base=14474 window=215040 pct=0.1624 peak=none
2026-09-23T02:38:45.291Z CTX label=laborer_worker#2 childId=62654085-76e6-4ba6-9ba6-ca53d94ae1b2 tok=34998 base=14474 window=215040 pct=0.1628 peak=none
2026-09-23T02:38:46.291Z CTX label=laborer_worker#2 childId=62654085-76e6-4ba6-9ba6-ca53d94ae1b2 tok=35065 base=14474 window=215040 pct=0.1631 peak=none
2026-09-23T02:38:47.291Z CTX label=laborer_worker#2 childId=62654085-76e6-4ba6-9ba6-ca53d94ae1b2 tok=35142 base=14474 window=215040 pct=0.1634 peak=none
2026-09-23T02:38:48.291Z CTX label=laborer_worker#2 childId=62654085-76e6-4ba6-9ba6-ca53d94ae1b2 tok=35232 base=14474 window=215040 pct=0.1638 peak=none
2026-09-23T02:38:49.292Z CTX label=laborer_worker#2 childId=62654085-76e6-4ba6-9ba6-ca53d94ae1b2 tok=35312 base=14474 window=215040 pct=0.1642 peak=none
2026-09-23T02:38:50.292Z CTX label=laborer_worker#2 childId=62654085-76e6-4ba6-9ba6-ca53d94ae1b2 tok=35403 base=14474 window=215040 pct=0.1646 peak=none
2026-09-23T02:38:51.292Z CTX label=laborer_worker#2 childId=62654085-76e6-4ba6-9ba6-ca53d94ae1b2 tok=35502 base=14474 window=215040 pct=0.1651 peak=none
2026-09-23T02:38:52.293Z CTX label=laborer_worker#2 childId=62654085-76e6-4ba6-9ba6-ca53d94ae1b2 tok=35624 base=14474 window=215040 pct=0.1657 peak=none
2026-09-23T02:38:53.294Z CTX label=laborer_worker#2 childId=62654085-76e6-4ba6-9ba6-ca53d94ae1b2 tok=35700 base=14474 window=215040 pct=0.1660 peak=none
2026-09-23T02:38:54.296Z CTX label=laborer_worker#2 childId=62654085-76e6-4ba6-9ba6-ca53d94ae1b2 tok=35818 base=14474 window=215040 pct=0.1666 peak=none
2026-09-23T02:38:55.294Z CTX label=laborer_worker#2 childId=62654085-76e6-4ba6-9ba6-ca53d94ae1b2 tok=35912 base=14474 window=215040 pct=0.1670 peak=none
2026-09-23T02:38:56.296Z CTX label=laborer_worker#2 childId=62654085-76e6-4ba6-9ba6-ca53d94ae1b2 tok=36013 base=14474 window=215040 pct=0.1675 peak=none
2026-09-23T02:38:57.297Z CTX label=laborer_worker#2 childId=62654085-76e6-4ba6-9ba6-ca53d94ae1b2 tok=36102 base=14474 window=215040 pct=0.1679 peak=none
2026-09-23T02:38:58.297Z CTX label=laborer_worker#2 childId=62654085-76e6-4ba6-9ba6-ca53d94ae1b2 tok=36194 base=14474 window=215040 pct=0.1683 peak=none
2026-09-23T02:38:59.298Z CTX label=laborer_worker#2 childId=62654085-76e6-4ba6-9ba6-ca53d94ae1b2 tok=36268 base=14474 window=215040 pct=0.1687 peak=none
2026-09-23T02:39:00.299Z CTX label=laborer_worker#2 childId=62654085-76e6-4ba6-9ba6-ca53d94ae1b2 tok=36352 base=14474 window=215040 pct=0.1690 peak=none
2026-09-23T02:39:01.299Z CTX label=laborer_worker#2 childId=62654085-76e6-4ba6-9ba6-ca53d94ae1b2 tok=36820 base=14474 window=215040 pct=0.1712 peak=none
2026-09-23T02:39:02.300Z CTX label=laborer_worker#2 childId=62654085-76e6-4ba6-9ba6-ca53d94ae1b2 tok=36820 base=14474 window=215040 pct=0.1712 peak=none
2026-09-23T02:39:03.301Z CTX label=laborer_worker#2 childId=62654085-76e6-4ba6-9ba6-ca53d94ae1b2 tok=36820 base=14474 window=215040 pct=0.1712 peak=none
2026-09-23T02:39:04.301Z CTX label=laborer_worker#2 childId=62654085-76e6-4ba6-9ba6-ca53d94ae1b2 tok=36820 base=14474 window=215040 pct=0.1712 peak=none
2026-09-23T02:39:05.303Z CTX label=laborer_worker#2 childId=62654085-76e6-4ba6-9ba6-ca53d94ae1b2 tok=36820 base=14474 window=215040 pct=0.1712 peak=none
2026-09-23T02:39:06.304Z CTX label=laborer_worker#2 childId=62654085-76e6-4ba6-9ba6-ca53d94ae1b2 tok=36820 base=14474 window=215040 pct=0.1712 peak=none
2026-09-23T02:39:07.304Z CTX label=laborer_worker#2 childId=62654085-76e6-4ba6-9ba6-ca53d94ae1b2 tok=36820 base=14474 window=215040 pct=0.1712 peak=none
2026-09-23T02:39:08.306Z CTX label=laborer_worker#2 childId=62654085-76e6-4ba6-9ba6-ca53d94ae1b2 tok=36820 base=14474 window=215040 pct=0.1712 peak=none
2026-09-23T02:39:09.307Z CTX label=laborer_worker#2 childId=62654085-76e6-4ba6-9ba6-ca53d94ae1b2 tok=36820 base=14474 window=215040 pct=0.1712 peak=none
2026-09-23T02:39:10.308Z CTX label=laborer_worker#2 childId=62654085-76e6-4ba6-9ba6-ca53d94ae1b2 tok=36820 base=14474 window=215040 pct=0.1712 peak=none
2026-09-23T02:39:11.308Z CTX label=laborer_worker#2 childId=62654085-76e6-4ba6-9ba6-ca53d94ae1b2 tok=36820 base=14474 window=215040 pct=0.1712 peak=none
2026-09-23T02:39:12.309Z CTX label=laborer_worker#2 childId=62654085-76e6-4ba6-9ba6-ca53d94ae1b2 tok=36820 base=14474 window=215040 pct=0.1712 peak=none
2026-09-23T02:39:13.311Z CTX label=laborer_worker#2 childId=62654085-76e6-4ba6-9ba6-ca53d94ae1b2 tok=36820 base=14474 window=215040 pct=0.1712 peak=none
2026-09-23T02:39:14.312Z CTX label=laborer_worker#2 childId=62654085-76e6-4ba6-9ba6-ca53d94ae1b2 tok=36820 base=14474 window=215040 pct=0.1712 peak=none
2026-09-23T02:39:15.312Z CTX label=laborer_worker#2 childId=62654085-76e6-4ba6-9ba6-ca53d94ae1b2 tok=36820 base=14474 window=215040 pct=0.1712 peak=none
2026-09-23T02:39:16.313Z CTX label=laborer_worker#2 childId=62654085-76e6-4ba6-9ba6-ca53d94ae1b2 tok=36820 base=14474 window=215040 pct=0.1712 peak=none
2026-09-23T02:39:17.314Z CTX label=laborer_worker#2 childId=62654085-76e6-4ba6-9ba6-ca53d94ae1b2 tok=36820 base=14474 window=215040 pct=0.1712 peak=none
2026-09-23T02:39:18.315Z CTX label=laborer_worker#2 childId=62654085-76e6-4ba6-9ba6-ca53d94ae1b2 tok=36860 base=14474 window=215040 pct=0.1714 peak=none
2026-09-23T02:39:19.315Z CTX label=laborer_worker#2 childId=62654085-76e6-4ba6-9ba6-ca53d94ae1b2 tok=42837 base=14474 window=215040 pct=0.1992 peak=none
2026-09-23T02:39:20.316Z CTX label=laborer_worker#2 childId=62654085-76e6-4ba6-9ba6-ca53d94ae1b2 tok=43043 base=14474 window=215040 pct=0.2002 peak=none
2026-09-23T02:39:21.318Z CTX label=laborer_worker#2 childId=62654085-76e6-4ba6-9ba6-ca53d94ae1b2 tok=43141 base=14474 window=215040 pct=0.2006 peak=none
2026-09-23T02:39:22.318Z CTX label=laborer_worker#2 childId=62654085-76e6-4ba6-9ba6-ca53d94ae1b2 tok=43226 base=14474 window=215040 pct=0.2010 peak=none
2026-09-23T02:39:23.318Z CTX label=laborer_worker#2 childId=62654085-76e6-4ba6-9ba6-ca53d94ae1b2 tok=43368 base=14474 window=215040 pct=0.2017 peak=none
2026-09-23T02:39:24.320Z CTX label=laborer_worker#2 childId=62654085-76e6-4ba6-9ba6-ca53d94ae1b2 tok=43443 base=14474 window=215040 pct=0.2020 peak=none
2026-09-23T02:39:25.322Z CTX label=laborer_worker#2 childId=62654085-76e6-4ba6-9ba6-ca53d94ae1b2 tok=43544 base=14474 window=215040 pct=0.2025 peak=none
2026-09-23T02:39:26.323Z CTX label=laborer_worker#2 childId=62654085-76e6-4ba6-9ba6-ca53d94ae1b2 tok=43632 base=14474 window=215040 pct=0.2029 peak=none
2026-09-23T02:39:27.323Z CTX label=laborer_worker#2 childId=62654085-76e6-4ba6-9ba6-ca53d94ae1b2 tok=43667 base=14474 window=215040 pct=0.2031 peak=none
2026-09-23T02:39:28.324Z CTX label=laborer_worker#2 childId=62654085-76e6-4ba6-9ba6-ca53d94ae1b2 tok=43667 base=14474 window=215040 pct=0.2031 peak=none
2026-09-23T02:39:29.324Z CTX label=laborer_worker#2 childId=62654085-76e6-4ba6-9ba6-ca53d94ae1b2 tok=43949 base=14474 window=215040 pct=0.2044 peak=none
2026-09-23T02:39:30.326Z CTX label=laborer_worker#2 childId=62654085-76e6-4ba6-9ba6-ca53d94ae1b2 tok=44052 base=14474 window=215040 pct=0.2049 peak=none
2026-09-23T02:39:31.326Z CTX label=laborer_worker#2 childId=62654085-76e6-4ba6-9ba6-ca53d94ae1b2 tok=44052 base=14474 window=215040 pct=0.2049 peak=none
2026-09-23T02:39:32.327Z CTX label=laborer_worker#2 childId=62654085-76e6-4ba6-9ba6-ca53d94ae1b2 tok=44052 base=14474 window=215040 pct=0.2049 peak=none
2026-09-23T02:39:33.328Z CTX label=laborer_worker#2 childId=62654085-76e6-4ba6-9ba6-ca53d94ae1b2 tok=44052 base=14474 window=215040 pct=0.2049 peak=none
2026-09-23T02:39:34.327Z CTX label=laborer_worker#2 childId=62654085-76e6-4ba6-9ba6-ca53d94ae1b2 tok=44052 base=14474 window=215040 pct=0.2049 peak=none
2026-09-23T02:39:35.328Z CTX label=laborer_worker#2 childId=62654085-76e6-4ba6-9ba6-ca53d94ae1b2 tok=44052 base=14474 window=215040 pct=0.2049 peak=none
2026-09-23T02:39:36.330Z CTX label=laborer_worker#2 childId=62654085-76e6-4ba6-9ba6-ca53d94ae1b2 tok=44052 base=14474 window=215040 pct=0.2049 peak=none
2026-09-23T02:39:37.330Z CTX label=laborer_worker#2 childId=62654085-76e6-4ba6-9ba6-ca53d94ae1b2 tok=44052 base=14474 window=215040 pct=0.2049 peak=none
2026-09-23T02:39:38.331Z CTX label=laborer_worker#2 childId=62654085-76e6-4ba6-9ba6-ca53d94ae1b2 tok=44052 base=14474 window=215040 pct=0.2049 peak=none
2026-09-23T02:39:39.332Z CTX label=laborer_worker#2 childId=62654085-76e6-4ba6-9ba6-ca53d94ae1b2 tok=44052 base=14474 window=215040 pct=0.2049 peak=none
2026-09-23T02:39:40.333Z CTX label=laborer_worker#2 childId=62654085-76e6-4ba6-9ba6-ca53d94ae1b2 tok=44052 base=14474 window=215040 pct=0.2049 peak=none
2026-09-23T02:39:41.334Z CTX label=laborer_worker#2 childId=62654085-76e6-4ba6-9ba6-ca53d94ae1b2 tok=45135 base=14474 window=215040 pct=0.2099 peak=none
2026-09-23T02:39:42.335Z CTX label=laborer_worker#2 childId=62654085-76e6-4ba6-9ba6-ca53d94ae1b2 tok=45176 base=14474 window=215040 pct=0.2101 peak=none
2026-09-23T02:39:43.337Z CTX label=laborer_worker#2 childId=62654085-76e6-4ba6-9ba6-ca53d94ae1b2 tok=45176 base=14474 window=215040 pct=0.2101 peak=none
2026-09-23T02:39:44.337Z CTX label=laborer_worker#2 childId=62654085-76e6-4ba6-9ba6-ca53d94ae1b2 tok=45176 base=14474 window=215040 pct=0.2101 peak=none
2026-09-23T02:39:45.337Z CTX label=laborer_worker#2 childId=62654085-76e6-4ba6-9ba6-ca53d94ae1b2 tok=45176 base=14474 window=215040 pct=0.2101 peak=none
2026-09-23T02:39:46.338Z CTX label=laborer_worker#2 childId=62654085-76e6-4ba6-9ba6-ca53d94ae1b2 tok=45176 base=14474 window=215040 pct=0.2101 peak=none
2026-09-23T02:39:47.340Z CTX label=laborer_worker#2 childId=62654085-76e6-4ba6-9ba6-ca53d94ae1b2 tok=45176 base=14474 window=215040 pct=0.2101 peak=none
2026-09-23T02:39:48.340Z CTX label=laborer_worker#2 childId=62654085-76e6-4ba6-9ba6-ca53d94ae1b2 tok=45176 base=14474 window=215040 pct=0.2101 peak=none
2026-09-23T02:39:49.339Z CTX label=laborer_worker#2 childId=62654085-76e6-4ba6-9ba6-ca53d94ae1b2 tok=45176 base=14474 window=215040 pct=0.2101 peak=none
2026-09-23T02:39:50.342Z CTX label=laborer_worker#2 childId=62654085-76e6-4ba6-9ba6-ca53d94ae1b2 tok=45176 base=14474 window=215040 pct=0.2101 peak=none
2026-09-23T02:39:51.342Z CTX label=laborer_worker#2 childId=62654085-76e6-4ba6-9ba6-ca53d94ae1b2 tok=45176 base=14474 window=215040 pct=0.2101 peak=none
2026-09-23T02:39:52.344Z CTX label=laborer_worker#2 childId=62654085-76e6-4ba6-9ba6-ca53d94ae1b2 tok=45176 base=14474 window=215040 pct=0.2101 peak=none
2026-09-23T02:39:53.344Z CTX label=laborer_worker#2 childId=62654085-76e6-4ba6-9ba6-ca53d94ae1b2 tok=45176 base=14474 window=215040 pct=0.2101 peak=none
2026-09-23T02:39:54.344Z CTX label=laborer_worker#2 childId=62654085-76e6-4ba6-9ba6-ca53d94ae1b2 tok=45176 base=14474 window=215040 pct=0.2101 peak=none
2026-09-23T02:39:55.346Z CTX label=laborer_worker#2 childId=62654085-76e6-4ba6-9ba6-ca53d94ae1b2 tok=45176 base=14474 window=215040 pct=0.2101 peak=none
2026-09-23T02:39:56.347Z CTX label=laborer_worker#2 childId=62654085-76e6-4ba6-9ba6-ca53d94ae1b2 tok=45176 base=14474 window=215040 pct=0.2101 peak=none
2026-09-23T02:39:57.347Z CTX label=laborer_worker#2 childId=62654085-76e6-4ba6-9ba6-ca53d94ae1b2 tok=45176 base=14474 window=215040 pct=0.2101 peak=none
2026-09-23T02:39:58.348Z CTX label=laborer_worker#2 childId=62654085-76e6-4ba6-9ba6-ca53d94ae1b2 tok=45176 base=14474 window=215040 pct=0.2101 peak=none
2026-09-23T02:39:59.348Z CTX label=laborer_worker#2 childId=62654085-76e6-4ba6-9ba6-ca53d94ae1b2 tok=45176 base=14474 window=215040 pct=0.2101 peak=none
2026-09-23T02:40:00.349Z CTX label=laborer_worker#2 childId=62654085-76e6-4ba6-9ba6-ca53d94ae1b2 tok=45176 base=14474 window=215040 pct=0.2101 peak=none
2026-09-23T02:40:01.351Z CTX label=laborer_worker#2 childId=62654085-76e6-4ba6-9ba6-ca53d94ae1b2 tok=47934 base=14474 window=215040 pct=0.2229 peak=none
2026-09-23T02:40:02.351Z CTX label=laborer_worker#2 childId=62654085-76e6-4ba6-9ba6-ca53d94ae1b2 tok=47934 base=14474 window=215040 pct=0.2229 peak=none
2026-09-23T02:40:03.353Z CTX label=laborer_worker#2 childId=62654085-76e6-4ba6-9ba6-ca53d94ae1b2 tok=47934 base=14474 window=215040 pct=0.2229 peak=none
2026-09-23T02:40:04.353Z CTX label=laborer_worker#2 childId=62654085-76e6-4ba6-9ba6-ca53d94ae1b2 tok=47960 base=14474 window=215040 pct=0.2230 peak=none
2026-09-23T02:40:05.353Z CTX label=laborer_worker#2 childId=62654085-76e6-4ba6-9ba6-ca53d94ae1b2 tok=49535 base=14474 window=215040 pct=0.2304 peak=none
2026-09-23T02:40:06.355Z CTX label=laborer_worker#2 childId=62654085-76e6-4ba6-9ba6-ca53d94ae1b2 tok=49637 base=14474 window=215040 pct=0.2308 peak=none
2026-09-23T02:40:07.356Z CTX label=laborer_worker#2 childId=62654085-76e6-4ba6-9ba6-ca53d94ae1b2 tok=49767 base=14474 window=215040 pct=0.2314 peak=none
2026-09-23T02:40:08.356Z CTX label=laborer_worker#2 childId=62654085-76e6-4ba6-9ba6-ca53d94ae1b2 tok=49855 base=14474 window=215040 pct=0.2318 peak=none
2026-09-23T02:40:09.357Z CTX label=laborer_worker#2 childId=62654085-76e6-4ba6-9ba6-ca53d94ae1b2 tok=49966 base=14474 window=215040 pct=0.2324 peak=none
2026-09-23T02:40:10.358Z CTX label=laborer_worker#2 childId=62654085-76e6-4ba6-9ba6-ca53d94ae1b2 tok=50069 base=14474 window=215040 pct=0.2328 peak=none
2026-09-23T02:40:11.358Z CTX label=laborer_worker#2 childId=62654085-76e6-4ba6-9ba6-ca53d94ae1b2 tok=50154 base=14474 window=215040 pct=0.2332 peak=none
2026-09-23T02:40:12.358Z CTX label=laborer_worker#2 childId=62654085-76e6-4ba6-9ba6-ca53d94ae1b2 tok=50395 base=14474 window=215040 pct=0.2344 peak=none
2026-09-23T02:40:13.359Z CTX label=laborer_worker#2 childId=62654085-76e6-4ba6-9ba6-ca53d94ae1b2 tok=50395 base=14474 window=215040 pct=0.2344 peak=none
2026-09-23T02:40:14.361Z CTX label=laborer_worker#2 childId=62654085-76e6-4ba6-9ba6-ca53d94ae1b2 tok=50611 base=14474 window=215040 pct=0.2354 peak=none
2026-09-23T02:40:15.361Z CTX label=laborer_worker#2 childId=62654085-76e6-4ba6-9ba6-ca53d94ae1b2 tok=50678 base=14474 window=215040 pct=0.2357 peak=none
2026-09-23T02:40:16.362Z CTX label=laborer_worker#2 childId=62654085-76e6-4ba6-9ba6-ca53d94ae1b2 tok=50851 base=14474 window=215040 pct=0.2365 peak=none
2026-09-23T02:40:17.363Z CTX label=laborer_worker#2 childId=62654085-76e6-4ba6-9ba6-ca53d94ae1b2 tok=50877 base=14474 window=215040 pct=0.2366 peak=none
2026-09-23T02:40:18.365Z CTX label=laborer_worker#2 childId=62654085-76e6-4ba6-9ba6-ca53d94ae1b2 tok=50983 base=14474 window=215040 pct=0.2371 peak=none
2026-09-23T02:40:19.366Z CTX label=laborer_worker#2 childId=62654085-76e6-4ba6-9ba6-ca53d94ae1b2 tok=50993 base=14474 window=215040 pct=0.2371 peak=none
2026-09-23T02:40:20.367Z CTX label=laborer_worker#2 childId=62654085-76e6-4ba6-9ba6-ca53d94ae1b2 tok=50993 base=14474 window=215040 pct=0.2371 peak=none
2026-09-23T02:40:21.367Z CTX label=laborer_worker#2 childId=62654085-76e6-4ba6-9ba6-ca53d94ae1b2 tok=50993 base=14474 window=215040 pct=0.2371 peak=none
2026-09-23T02:40:22.368Z CTX label=laborer_worker#2 childId=62654085-76e6-4ba6-9ba6-ca53d94ae1b2 tok=50993 base=14474 window=215040 pct=0.2371 peak=none
2026-09-23T02:40:23.369Z CTX label=laborer_worker#2 childId=62654085-76e6-4ba6-9ba6-ca53d94ae1b2 tok=51550 base=14474 window=215040 pct=0.2397 peak=none
2026-09-23T02:40:24.371Z CTX label=laborer_worker#2 childId=62654085-76e6-4ba6-9ba6-ca53d94ae1b2 tok=51672 base=14474 window=215040 pct=0.2403 peak=none
2026-09-23T02:40:25.371Z CTX label=laborer_worker#2 childId=62654085-76e6-4ba6-9ba6-ca53d94ae1b2 tok=51861 base=14474 window=215040 pct=0.2412 peak=none
2026-09-23T02:40:26.371Z CTX label=laborer_worker#2 childId=62654085-76e6-4ba6-9ba6-ca53d94ae1b2 tok=51963 base=14474 window=215040 pct=0.2416 peak=none
2026-09-23T02:40:27.371Z CTX label=laborer_worker#2 childId=62654085-76e6-4ba6-9ba6-ca53d94ae1b2 tok=52169 base=14474 window=215040 pct=0.2426 peak=none
2026-09-23T02:40:28.371Z CTX label=laborer_worker#2 childId=62654085-76e6-4ba6-9ba6-ca53d94ae1b2 tok=52689 base=14474 window=215040 pct=0.2450 peak=none
2026-09-23T02:40:29.372Z CTX label=laborer_worker#2 childId=62654085-76e6-4ba6-9ba6-ca53d94ae1b2 tok=53060 base=14474 window=215040 pct=0.2467 peak=none
2026-09-23T02:40:30.373Z CTX label=laborer_worker#2 childId=62654085-76e6-4ba6-9ba6-ca53d94ae1b2 tok=53070 base=14474 window=215040 pct=0.2468 peak=none
2026-09-23T02:40:31.373Z CTX label=laborer_worker#2 childId=62654085-76e6-4ba6-9ba6-ca53d94ae1b2 tok=53253 base=14474 window=215040 pct=0.2476 peak=none
2026-09-23T02:40:32.374Z CTX label=laborer_worker#2 childId=62654085-76e6-4ba6-9ba6-ca53d94ae1b2 tok=53253 base=14474 window=215040 pct=0.2476 peak=none
2026-09-23T02:40:33.373Z CTX label=laborer_worker#2 childId=62654085-76e6-4ba6-9ba6-ca53d94ae1b2 tok=53253 base=14474 window=215040 pct=0.2476 peak=none
2026-09-23T02:40:34.373Z CTX label=laborer_worker#2 childId=62654085-76e6-4ba6-9ba6-ca53d94ae1b2 tok=53253 base=14474 window=215040 pct=0.2476 peak=none
2026-09-23T02:40:35.374Z CTX label=laborer_worker#2 childId=62654085-76e6-4ba6-9ba6-ca53d94ae1b2 tok=53253 base=14474 window=215040 pct=0.2476 peak=none
2026-09-23T02:40:36.376Z CTX label=laborer_worker#2 childId=62654085-76e6-4ba6-9ba6-ca53d94ae1b2 tok=53253 base=14474 window=215040 pct=0.2476 peak=none
2026-09-23T02:40:37.377Z CTX label=laborer_worker#2 childId=62654085-76e6-4ba6-9ba6-ca53d94ae1b2 tok=53253 base=14474 window=215040 pct=0.2476 peak=none
2026-09-23T02:40:38.378Z CTX label=laborer_worker#2 childId=62654085-76e6-4ba6-9ba6-ca53d94ae1b2 tok=53464 base=14474 window=215040 pct=0.2486 peak=none
2026-09-23T02:40:39.379Z CTX label=laborer_worker#2 childId=62654085-76e6-4ba6-9ba6-ca53d94ae1b2 tok=53464 base=14474 window=215040 pct=0.2486 peak=none
2026-09-23T02:40:40.381Z CTX label=laborer_worker#2 childId=62654085-76e6-4ba6-9ba6-ca53d94ae1b2 tok=53550 base=14474 window=215040 pct=0.2490 peak=none
2026-09-23T02:40:41.381Z CTX label=laborer_worker#2 childId=62654085-76e6-4ba6-9ba6-ca53d94ae1b2 tok=53784 base=14474 window=215040 pct=0.2501 peak=none
2026-09-23T02:40:42.382Z CTX label=laborer_worker#2 childId=62654085-76e6-4ba6-9ba6-ca53d94ae1b2 tok=53908 base=14474 window=215040 pct=0.2507 peak=none
2026-09-23T02:40:43.384Z CTX label=laborer_worker#2 childId=62654085-76e6-4ba6-9ba6-ca53d94ae1b2 tok=53908 base=14474 window=215040 pct=0.2507 peak=none
2026-09-23T02:40:44.385Z CTX label=laborer_worker#2 childId=62654085-76e6-4ba6-9ba6-ca53d94ae1b2 tok=53908 base=14474 window=215040 pct=0.2507 peak=none
2026-09-23T02:40:45.385Z CTX label=laborer_worker#2 childId=62654085-76e6-4ba6-9ba6-ca53d94ae1b2 tok=54007 base=14474 window=215040 pct=0.2511 peak=none
2026-09-23T02:40:46.388Z CTX label=laborer_worker#2 childId=62654085-76e6-4ba6-9ba6-ca53d94ae1b2 tok=54116 base=14474 window=215040 pct=0.2517 peak=none
2026-09-23T02:40:47.390Z CTX label=laborer_worker#2 childId=62654085-76e6-4ba6-9ba6-ca53d94ae1b2 tok=54229 base=14474 window=215040 pct=0.2522 peak=none
2026-09-23T02:40:48.389Z CTX label=laborer_worker#2 childId=62654085-76e6-4ba6-9ba6-ca53d94ae1b2 tok=54336 base=14474 window=215040 pct=0.2527 peak=none
2026-09-23T02:40:49.390Z CTX label=laborer_worker#2 childId=62654085-76e6-4ba6-9ba6-ca53d94ae1b2 tok=54424 base=14474 window=215040 pct=0.2531 peak=none
2026-09-23T02:40:50.390Z CTX label=laborer_worker#2 childId=62654085-76e6-4ba6-9ba6-ca53d94ae1b2 tok=56220 base=14474 window=215040 pct=0.2614 peak=none
2026-09-23T02:40:51.391Z CTX label=laborer_worker#2 childId=62654085-76e6-4ba6-9ba6-ca53d94ae1b2 tok=56320 base=14474 window=215040 pct=0.2619 peak=none
2026-09-23T02:40:52.393Z CTX label=laborer_worker#2 childId=62654085-76e6-4ba6-9ba6-ca53d94ae1b2 tok=56335 base=14474 window=215040 pct=0.2620 peak=none
2026-09-23T02:40:53.394Z CTX label=laborer_worker#2 childId=62654085-76e6-4ba6-9ba6-ca53d94ae1b2 tok=56546 base=14474 window=215040 pct=0.2630 peak=none
2026-09-23T02:40:54.393Z CTX label=laborer_worker#2 childId=62654085-76e6-4ba6-9ba6-ca53d94ae1b2 tok=56546 base=14474 window=215040 pct=0.2630 peak=none
2026-09-23T02:40:55.393Z CTX label=laborer_worker#2 childId=62654085-76e6-4ba6-9ba6-ca53d94ae1b2 tok=56546 base=14474 window=215040 pct=0.2630 peak=none
2026-09-23T02:40:56.394Z CTX label=laborer_worker#2 childId=62654085-76e6-4ba6-9ba6-ca53d94ae1b2 tok=56645 base=14474 window=215040 pct=0.2634 peak=none
2026-09-23T02:40:57.396Z CTX label=laborer_worker#2 childId=62654085-76e6-4ba6-9ba6-ca53d94ae1b2 tok=56666 base=14474 window=215040 pct=0.2635 peak=none
2026-09-23T02:40:58.396Z CTX label=laborer_worker#2 childId=62654085-76e6-4ba6-9ba6-ca53d94ae1b2 tok=59054 base=14474 window=215040 pct=0.2746 peak=none
2026-09-23T02:40:59.396Z CTX label=laborer_worker#2 childId=62654085-76e6-4ba6-9ba6-ca53d94ae1b2 tok=59054 base=14474 window=215040 pct=0.2746 peak=none
2026-09-23T02:41:00.398Z CTX label=laborer_worker#2 childId=62654085-76e6-4ba6-9ba6-ca53d94ae1b2 tok=59131 base=14474 window=215040 pct=0.2750 peak=none
2026-09-23T02:41:01.398Z CTX label=laborer_worker#2 childId=62654085-76e6-4ba6-9ba6-ca53d94ae1b2 tok=59560 base=14474 window=215040 pct=0.2770 peak=none
2026-09-23T02:41:02.400Z CTX label=laborer_worker#2 childId=62654085-76e6-4ba6-9ba6-ca53d94ae1b2 tok=59560 base=14474 window=215040 pct=0.2770 peak=none
2026-09-23T02:41:03.402Z CTX label=laborer_worker#2 childId=62654085-76e6-4ba6-9ba6-ca53d94ae1b2 tok=59633 base=14474 window=215040 pct=0.2773 peak=none
2026-09-23T02:41:04.401Z CTX label=laborer_worker#2 childId=62654085-76e6-4ba6-9ba6-ca53d94ae1b2 tok=59707 base=14474 window=215040 pct=0.2777 peak=none
2026-09-23T02:41:05.402Z CTX label=laborer_worker#2 childId=62654085-76e6-4ba6-9ba6-ca53d94ae1b2 tok=59798 base=14474 window=215040 pct=0.2781 peak=none
2026-09-23T02:41:06.403Z CTX label=laborer_worker#2 childId=62654085-76e6-4ba6-9ba6-ca53d94ae1b2 tok=59889 base=14474 window=215040 pct=0.2785 peak=none
2026-09-23T02:41:07.402Z CTX label=laborer_worker#2 childId=62654085-76e6-4ba6-9ba6-ca53d94ae1b2 tok=59966 base=14474 window=215040 pct=0.2789 peak=none
2026-09-23T02:41:08.403Z CTX label=laborer_worker#2 childId=62654085-76e6-4ba6-9ba6-ca53d94ae1b2 tok=60031 base=14474 window=215040 pct=0.2792 peak=none
2026-09-23T02:41:09.402Z CTX label=laborer_worker#2 childId=62654085-76e6-4ba6-9ba6-ca53d94ae1b2 tok=60121 base=14474 window=215040 pct=0.2796 peak=none
2026-09-23T02:41:10.404Z CTX label=laborer_worker#2 childId=62654085-76e6-4ba6-9ba6-ca53d94ae1b2 tok=60197 base=14474 window=215040 pct=0.2799 peak=none
2026-09-23T02:41:11.405Z CTX label=laborer_worker#2 childId=62654085-76e6-4ba6-9ba6-ca53d94ae1b2 tok=60299 base=14474 window=215040 pct=0.2804 peak=none
2026-09-23T02:41:12.406Z CTX label=laborer_worker#2 childId=62654085-76e6-4ba6-9ba6-ca53d94ae1b2 tok=60410 base=14474 window=215040 pct=0.2809 peak=none
2026-09-23T02:41:13.407Z CTX label=laborer_worker#2 childId=62654085-76e6-4ba6-9ba6-ca53d94ae1b2 tok=60509 base=14474 window=215040 pct=0.2814 peak=none
2026-09-23T02:41:14.408Z CTX label=laborer_worker#2 childId=62654085-76e6-4ba6-9ba6-ca53d94ae1b2 tok=60617 base=14474 window=215040 pct=0.2819 peak=none
2026-09-23T02:41:15.410Z CTX label=laborer_worker#2 childId=62654085-76e6-4ba6-9ba6-ca53d94ae1b2 tok=60680 base=14474 window=215040 pct=0.2822 peak=none
2026-09-23T02:41:16.411Z CTX label=laborer_worker#2 childId=62654085-76e6-4ba6-9ba6-ca53d94ae1b2 tok=60680 base=14474 window=215040 pct=0.2822 peak=none
2026-09-23T02:41:17.415Z CTX label=laborer_worker#2 childId=62654085-76e6-4ba6-9ba6-ca53d94ae1b2 tok=60680 base=14474 window=215040 pct=0.2822 peak=none
2026-09-23T02:41:18.413Z CTX label=laborer_worker#2 childId=62654085-76e6-4ba6-9ba6-ca53d94ae1b2 tok=60680 base=14474 window=215040 pct=0.2822 peak=none
2026-09-23T02:41:19.412Z CTX label=laborer_worker#2 childId=62654085-76e6-4ba6-9ba6-ca53d94ae1b2 tok=60680 base=14474 window=215040 pct=0.2822 peak=none
2026-09-23T02:41:20.411Z CTX label=laborer_worker#2 childId=62654085-76e6-4ba6-9ba6-ca53d94ae1b2 tok=60680 base=14474 window=215040 pct=0.2822 peak=none
2026-09-23T02:41:21.413Z CTX label=laborer_worker#2 childId=62654085-76e6-4ba6-9ba6-ca53d94ae1b2 tok=60680 base=14474 window=215040 pct=0.2822 peak=none
2026-09-23T02:41:22.414Z CTX label=laborer_worker#2 childId=62654085-76e6-4ba6-9ba6-ca53d94ae1b2 tok=60680 base=14474 window=215040 pct=0.2822 peak=none
2026-09-23T02:41:23.417Z CTX label=laborer_worker#2 childId=62654085-76e6-4ba6-9ba6-ca53d94ae1b2 tok=61240 base=14474 window=215040 pct=0.2848 peak=none
2026-09-23T02:41:24.417Z CTX label=laborer_worker#2 childId=62654085-76e6-4ba6-9ba6-ca53d94ae1b2 tok=61241 base=14474 window=215040 pct=0.2848 peak=none
2026-09-23T02:41:25.417Z CTX label=laborer_worker#2 childId=62654085-76e6-4ba6-9ba6-ca53d94ae1b2 tok=61941 base=14474 window=215040 pct=0.2880 peak=none
2026-09-23T02:41:26.418Z CTX label=laborer_worker#2 childId=62654085-76e6-4ba6-9ba6-ca53d94ae1b2 tok=61941 base=14474 window=215040 pct=0.2880 peak=none
2026-09-23T02:41:27.420Z CTX label=laborer_worker#2 childId=62654085-76e6-4ba6-9ba6-ca53d94ae1b2 tok=62049 base=14474 window=215040 pct=0.2885 peak=none
2026-09-23T02:41:28.420Z CTX label=laborer_worker#2 childId=62654085-76e6-4ba6-9ba6-ca53d94ae1b2 tok=62132 base=14474 window=215040 pct=0.2889 peak=none
2026-09-23T02:41:29.420Z CTX label=laborer_worker#2 childId=62654085-76e6-4ba6-9ba6-ca53d94ae1b2 tok=62226 base=14474 window=215040 pct=0.2894 peak=none
2026-09-23T02:41:30.420Z CTX label=laborer_worker#2 childId=62654085-76e6-4ba6-9ba6-ca53d94ae1b2 tok=62311 base=14474 window=215040 pct=0.2898 peak=none
2026-09-23T02:41:31.421Z CTX label=laborer_worker#2 childId=62654085-76e6-4ba6-9ba6-ca53d94ae1b2 tok=62419 base=14474 window=215040 pct=0.2903 peak=none
2026-09-23T02:41:32.421Z CTX label=laborer_worker#2 childId=62654085-76e6-4ba6-9ba6-ca53d94ae1b2 tok=62625 base=14474 window=215040 pct=0.2912 peak=none
2026-09-23T02:41:33.421Z CTX label=laborer_worker#2 childId=62654085-76e6-4ba6-9ba6-ca53d94ae1b2 tok=62826 base=14474 window=215040 pct=0.2922 peak=none
2026-09-23T02:41:34.422Z CTX label=laborer_worker#2 childId=62654085-76e6-4ba6-9ba6-ca53d94ae1b2 tok=63069 base=14474 window=215040 pct=0.2933 peak=none
2026-09-23T02:41:35.424Z CTX label=laborer_worker#2 childId=62654085-76e6-4ba6-9ba6-ca53d94ae1b2 tok=63214 base=14474 window=215040 pct=0.2940 peak=none
2026-09-23T02:41:36.425Z CTX label=laborer_worker#2 childId=62654085-76e6-4ba6-9ba6-ca53d94ae1b2 tok=63316 base=14474 window=215040 pct=0.2944 peak=none
2026-09-23T02:41:37.055Z WF-END meta=gvs-solve childId=62654085-76e6-4ba6-9ba6-ca53d94ae1b2 outcome=completed
2026-09-23T02:41:37.056Z END label=laborer_worker#2 childId=62654085-76e6-4ba6-9ba6-ca53d94ae1b2 peak=none base=14474
2026-09-23T02:41:37.153Z START meta=gvs-solve label=check_worker#2 phase=solve childId=a119a2ed-00a8-43fa-a585-50b6bf36f70f
2026-09-23T02:41:37.153Z GOT agent=true status=running label=check_worker#2 sess=a119a2ed-00a8-43fa-a585-50b6bf36f70f
2026-09-23T02:41:37.153Z CHECK-INJECT grade=none
2026-09-23T02:42:55.888Z WF-END meta=gvs-solve childId=a119a2ed-00a8-43fa-a585-50b6bf36f70f outcome=completed
2026-09-23T02:42:55.986Z START meta=gvs-solve label=decision_manager#3 phase=solve childId=634646f5-5d71-438e-9807-1e7e187afa6b
2026-09-23T02:42:55.986Z GOT agent=true status=running label=decision_manager#3 sess=634646f5-5d71-438e-9807-1e7e187afa6b
2026-09-23T02:44:26.533Z WF-END meta=gvs-solve childId=634646f5-5d71-438e-9807-1e7e187afa6b outcome=completed
2026-09-23T02:44:26.621Z START meta=gvs-solve label=laborer_worker#3 phase=solve childId=b80a4184-5f32-4fba-8aa6-32c36fd4cb87
2026-09-23T02:44:26.621Z GOT agent=true status=running label=laborer_worker#3 sess=b80a4184-5f32-4fba-8aa6-32c36fd4cb87
2026-09-23T02:44:26.621Z CTX label=laborer_worker#3 childId=b80a4184-5f32-4fba-8aa6-32c36fd4cb87 tok=0 base=0 window=0 pct=0.0000 peak=none
2026-09-23T02:44:27.623Z CTX label=laborer_worker#3 childId=b80a4184-5f32-4fba-8aa6-32c36fd4cb87 tok=14530 base=0 window=215040 pct=0.0676 peak=none
2026-09-23T02:44:27.623Z BASE label=laborer_worker#3 childId=b80a4184-5f32-4fba-8aa6-32c36fd4cb87 base=14530 window=215040
2026-09-23T02:44:28.625Z CTX label=laborer_worker#3 childId=b80a4184-5f32-4fba-8aa6-32c36fd4cb87 tok=14530 base=14530 window=215040 pct=0.0676 peak=none
2026-09-23T02:44:29.624Z CTX label=laborer_worker#3 childId=b80a4184-5f32-4fba-8aa6-32c36fd4cb87 tok=14530 base=14530 window=215040 pct=0.0676 peak=none
2026-09-23T02:44:30.626Z CTX label=laborer_worker#3 childId=b80a4184-5f32-4fba-8aa6-32c36fd4cb87 tok=14530 base=14530 window=215040 pct=0.0676 peak=none
2026-09-23T02:44:31.627Z CTX label=laborer_worker#3 childId=b80a4184-5f32-4fba-8aa6-32c36fd4cb87 tok=14530 base=14530 window=215040 pct=0.0676 peak=none
2026-09-23T02:44:32.628Z CTX label=laborer_worker#3 childId=b80a4184-5f32-4fba-8aa6-32c36fd4cb87 tok=14544 base=14530 window=215040 pct=0.0676 peak=none
2026-09-23T02:44:33.628Z CTX label=laborer_worker#3 childId=b80a4184-5f32-4fba-8aa6-32c36fd4cb87 tok=17858 base=14530 window=215040 pct=0.0830 peak=none
2026-09-23T02:44:34.630Z CTX label=laborer_worker#3 childId=b80a4184-5f32-4fba-8aa6-32c36fd4cb87 tok=17858 base=14530 window=215040 pct=0.0830 peak=none
2026-09-23T02:44:35.631Z CTX label=laborer_worker#3 childId=b80a4184-5f32-4fba-8aa6-32c36fd4cb87 tok=17949 base=14530 window=215040 pct=0.0835 peak=none
2026-09-23T02:44:36.632Z CTX label=laborer_worker#3 childId=b80a4184-5f32-4fba-8aa6-32c36fd4cb87 tok=19958 base=14530 window=215040 pct=0.0928 peak=none
2026-09-23T02:44:37.633Z CTX label=laborer_worker#3 childId=b80a4184-5f32-4fba-8aa6-32c36fd4cb87 tok=19958 base=14530 window=215040 pct=0.0928 peak=none
2026-09-23T02:44:38.632Z CTX label=laborer_worker#3 childId=b80a4184-5f32-4fba-8aa6-32c36fd4cb87 tok=19980 base=14530 window=215040 pct=0.0929 peak=none
2026-09-23T02:44:39.633Z CTX label=laborer_worker#3 childId=b80a4184-5f32-4fba-8aa6-32c36fd4cb87 tok=22269 base=14530 window=215040 pct=0.1036 peak=none
2026-09-23T02:44:40.632Z CTX label=laborer_worker#3 childId=b80a4184-5f32-4fba-8aa6-32c36fd4cb87 tok=22336 base=14530 window=215040 pct=0.1039 peak=none
2026-09-23T02:44:41.634Z CTX label=laborer_worker#3 childId=b80a4184-5f32-4fba-8aa6-32c36fd4cb87 tok=23467 base=14530 window=215040 pct=0.1091 peak=none
2026-09-23T02:44:42.634Z CTX label=laborer_worker#3 childId=b80a4184-5f32-4fba-8aa6-32c36fd4cb87 tok=26046 base=14530 window=215040 pct=0.1211 peak=none
2026-09-23T02:44:43.636Z CTX label=laborer_worker#3 childId=b80a4184-5f32-4fba-8aa6-32c36fd4cb87 tok=26046 base=14530 window=215040 pct=0.1211 peak=none
2026-09-23T02:44:44.636Z CTX label=laborer_worker#3 childId=b80a4184-5f32-4fba-8aa6-32c36fd4cb87 tok=26046 base=14530 window=215040 pct=0.1211 peak=none
2026-09-23T02:44:45.636Z CTX label=laborer_worker#3 childId=b80a4184-5f32-4fba-8aa6-32c36fd4cb87 tok=26046 base=14530 window=215040 pct=0.1211 peak=none
2026-09-23T02:44:46.637Z CTX label=laborer_worker#3 childId=b80a4184-5f32-4fba-8aa6-32c36fd4cb87 tok=26132 base=14530 window=215040 pct=0.1215 peak=none
2026-09-23T02:44:47.637Z CTX label=laborer_worker#3 childId=b80a4184-5f32-4fba-8aa6-32c36fd4cb87 tok=26249 base=14530 window=215040 pct=0.1221 peak=none
2026-09-23T02:44:48.640Z CTX label=laborer_worker#3 childId=b80a4184-5f32-4fba-8aa6-32c36fd4cb87 tok=26414 base=14530 window=215040 pct=0.1228 peak=none
2026-09-23T02:44:49.641Z CTX label=laborer_worker#3 childId=b80a4184-5f32-4fba-8aa6-32c36fd4cb87 tok=26515 base=14530 window=215040 pct=0.1233 peak=none
2026-09-23T02:44:50.640Z CTX label=laborer_worker#3 childId=b80a4184-5f32-4fba-8aa6-32c36fd4cb87 tok=26622 base=14530 window=215040 pct=0.1238 peak=none
2026-09-23T02:44:51.640Z CTX label=laborer_worker#3 childId=b80a4184-5f32-4fba-8aa6-32c36fd4cb87 tok=26745 base=14530 window=215040 pct=0.1244 peak=none
2026-09-23T02:44:52.640Z CTX label=laborer_worker#3 childId=b80a4184-5f32-4fba-8aa6-32c36fd4cb87 tok=26862 base=14530 window=215040 pct=0.1249 peak=none
2026-09-23T02:44:53.641Z CTX label=laborer_worker#3 childId=b80a4184-5f32-4fba-8aa6-32c36fd4cb87 tok=26976 base=14530 window=215040 pct=0.1254 peak=none
2026-09-23T02:44:54.642Z CTX label=laborer_worker#3 childId=b80a4184-5f32-4fba-8aa6-32c36fd4cb87 tok=27102 base=14530 window=215040 pct=0.1260 peak=none
2026-09-23T02:44:55.644Z CTX label=laborer_worker#3 childId=b80a4184-5f32-4fba-8aa6-32c36fd4cb87 tok=27208 base=14530 window=215040 pct=0.1265 peak=none
2026-09-23T02:44:56.643Z CTX label=laborer_worker#3 childId=b80a4184-5f32-4fba-8aa6-32c36fd4cb87 tok=27287 base=14530 window=215040 pct=0.1269 peak=none
2026-09-23T02:44:57.643Z CTX label=laborer_worker#3 childId=b80a4184-5f32-4fba-8aa6-32c36fd4cb87 tok=27352 base=14530 window=215040 pct=0.1272 peak=none
2026-09-23T02:44:58.646Z CTX label=laborer_worker#3 childId=b80a4184-5f32-4fba-8aa6-32c36fd4cb87 tok=27468 base=14530 window=215040 pct=0.1277 peak=none
2026-09-23T02:44:59.647Z CTX label=laborer_worker#3 childId=b80a4184-5f32-4fba-8aa6-32c36fd4cb87 tok=27580 base=14530 window=215040 pct=0.1283 peak=none
2026-09-23T02:45:00.649Z CTX label=laborer_worker#3 childId=b80a4184-5f32-4fba-8aa6-32c36fd4cb87 tok=27702 base=14530 window=215040 pct=0.1288 peak=none
2026-09-23T02:45:01.649Z CTX label=laborer_worker#3 childId=b80a4184-5f32-4fba-8aa6-32c36fd4cb87 tok=27815 base=14530 window=215040 pct=0.1293 peak=none
2026-09-23T02:45:02.648Z CTX label=laborer_worker#3 childId=b80a4184-5f32-4fba-8aa6-32c36fd4cb87 tok=27885 base=14530 window=215040 pct=0.1297 peak=none
2026-09-23T02:45:03.649Z CTX label=laborer_worker#3 childId=b80a4184-5f32-4fba-8aa6-32c36fd4cb87 tok=27953 base=14530 window=215040 pct=0.1300 peak=none
2026-09-23T02:45:04.650Z CTX label=laborer_worker#3 childId=b80a4184-5f32-4fba-8aa6-32c36fd4cb87 tok=28014 base=14530 window=215040 pct=0.1303 peak=none
2026-09-23T02:45:05.650Z CTX label=laborer_worker#3 childId=b80a4184-5f32-4fba-8aa6-32c36fd4cb87 tok=28092 base=14530 window=215040 pct=0.1306 peak=none
2026-09-23T02:45:06.652Z CTX label=laborer_worker#3 childId=b80a4184-5f32-4fba-8aa6-32c36fd4cb87 tok=28167 base=14530 window=215040 pct=0.1310 peak=none
2026-09-23T02:45:07.653Z CTX label=laborer_worker#3 childId=b80a4184-5f32-4fba-8aa6-32c36fd4cb87 tok=28228 base=14530 window=215040 pct=0.1313 peak=none
2026-09-23T02:45:08.653Z CTX label=laborer_worker#3 childId=b80a4184-5f32-4fba-8aa6-32c36fd4cb87 tok=28289 base=14530 window=215040 pct=0.1316 peak=none
2026-09-23T02:45:09.653Z CTX label=laborer_worker#3 childId=b80a4184-5f32-4fba-8aa6-32c36fd4cb87 tok=28357 base=14530 window=215040 pct=0.1319 peak=none
2026-09-23T02:45:10.654Z CTX label=laborer_worker#3 childId=b80a4184-5f32-4fba-8aa6-32c36fd4cb87 tok=28447 base=14530 window=215040 pct=0.1323 peak=none
2026-09-23T02:45:11.655Z CTX label=laborer_worker#3 childId=b80a4184-5f32-4fba-8aa6-32c36fd4cb87 tok=28511 base=14530 window=215040 pct=0.1326 peak=none
2026-09-23T02:45:12.655Z CTX label=laborer_worker#3 childId=b80a4184-5f32-4fba-8aa6-32c36fd4cb87 tok=28571 base=14530 window=215040 pct=0.1329 peak=none
2026-09-23T02:45:13.658Z CTX label=laborer_worker#3 childId=b80a4184-5f32-4fba-8aa6-32c36fd4cb87 tok=28648 base=14530 window=215040 pct=0.1332 peak=none
2026-09-23T02:45:14.655Z CTX label=laborer_worker#3 childId=b80a4184-5f32-4fba-8aa6-32c36fd4cb87 tok=28738 base=14530 window=215040 pct=0.1336 peak=none
2026-09-23T02:45:15.659Z CTX label=laborer_worker#3 childId=b80a4184-5f32-4fba-8aa6-32c36fd4cb87 tok=28832 base=14530 window=215040 pct=0.1341 peak=none
2026-09-23T02:45:16.658Z CTX label=laborer_worker#3 childId=b80a4184-5f32-4fba-8aa6-32c36fd4cb87 tok=28924 base=14530 window=215040 pct=0.1345 peak=none
2026-09-23T02:45:17.658Z CTX label=laborer_worker#3 childId=b80a4184-5f32-4fba-8aa6-32c36fd4cb87 tok=29022 base=14530 window=215040 pct=0.1350 peak=none
2026-09-23T02:45:18.658Z CTX label=laborer_worker#3 childId=b80a4184-5f32-4fba-8aa6-32c36fd4cb87 tok=29102 base=14530 window=215040 pct=0.1353 peak=none
2026-09-23T02:45:19.660Z CTX label=laborer_worker#3 childId=b80a4184-5f32-4fba-8aa6-32c36fd4cb87 tok=29181 base=14530 window=215040 pct=0.1357 peak=none
2026-09-23T02:45:20.661Z CTX label=laborer_worker#3 childId=b80a4184-5f32-4fba-8aa6-32c36fd4cb87 tok=29257 base=14530 window=215040 pct=0.1361 peak=none
2026-09-23T02:45:21.661Z CTX label=laborer_worker#3 childId=b80a4184-5f32-4fba-8aa6-32c36fd4cb87 tok=29344 base=14530 window=215040 pct=0.1365 peak=none
2026-09-23T02:45:22.663Z CTX label=laborer_worker#3 childId=b80a4184-5f32-4fba-8aa6-32c36fd4cb87 tok=29413 base=14530 window=215040 pct=0.1368 peak=none
2026-09-23T02:45:23.663Z CTX label=laborer_worker#3 childId=b80a4184-5f32-4fba-8aa6-32c36fd4cb87 tok=29477 base=14530 window=215040 pct=0.1371 peak=none
2026-09-23T02:45:24.664Z CTX label=laborer_worker#3 childId=b80a4184-5f32-4fba-8aa6-32c36fd4cb87 tok=29539 base=14530 window=215040 pct=0.1374 peak=none
2026-09-23T02:45:25.665Z CTX label=laborer_worker#3 childId=b80a4184-5f32-4fba-8aa6-32c36fd4cb87 tok=29609 base=14530 window=215040 pct=0.1377 peak=none
2026-09-23T02:45:26.666Z CTX label=laborer_worker#3 childId=b80a4184-5f32-4fba-8aa6-32c36fd4cb87 tok=29680 base=14530 window=215040 pct=0.1380 peak=none
2026-09-23T02:45:27.666Z CTX label=laborer_worker#3 childId=b80a4184-5f32-4fba-8aa6-32c36fd4cb87 tok=29752 base=14530 window=215040 pct=0.1384 peak=none
2026-09-23T02:45:28.667Z CTX label=laborer_worker#3 childId=b80a4184-5f32-4fba-8aa6-32c36fd4cb87 tok=29831 base=14530 window=215040 pct=0.1387 peak=none
2026-09-23T02:45:29.668Z CTX label=laborer_worker#3 childId=b80a4184-5f32-4fba-8aa6-32c36fd4cb87 tok=29923 base=14530 window=215040 pct=0.1392 peak=none
2026-09-23T02:45:30.669Z CTX label=laborer_worker#3 childId=b80a4184-5f32-4fba-8aa6-32c36fd4cb87 tok=30022 base=14530 window=215040 pct=0.1396 peak=none
2026-09-23T02:45:31.670Z CTX label=laborer_worker#3 childId=b80a4184-5f32-4fba-8aa6-32c36fd4cb87 tok=30108 base=14530 window=215040 pct=0.1400 peak=none
2026-09-23T02:45:32.670Z CTX label=laborer_worker#3 childId=b80a4184-5f32-4fba-8aa6-32c36fd4cb87 tok=30190 base=14530 window=215040 pct=0.1404 peak=none
2026-09-23T02:45:33.670Z CTX label=laborer_worker#3 childId=b80a4184-5f32-4fba-8aa6-32c36fd4cb87 tok=30284 base=14530 window=215040 pct=0.1408 peak=none
2026-09-23T02:45:34.672Z CTX label=laborer_worker#3 childId=b80a4184-5f32-4fba-8aa6-32c36fd4cb87 tok=30316 base=14530 window=215040 pct=0.1410 peak=none
2026-09-23T02:45:35.673Z CTX label=laborer_worker#3 childId=b80a4184-5f32-4fba-8aa6-32c36fd4cb87 tok=30381 base=14530 window=215040 pct=0.1413 peak=none
2026-09-23T02:45:36.673Z CTX label=laborer_worker#3 childId=b80a4184-5f32-4fba-8aa6-32c36fd4cb87 tok=30469 base=14530 window=215040 pct=0.1417 peak=none
2026-09-23T02:45:37.674Z CTX label=laborer_worker#3 childId=b80a4184-5f32-4fba-8aa6-32c36fd4cb87 tok=30588 base=14530 window=215040 pct=0.1422 peak=none
2026-09-23T02:45:38.675Z CTX label=laborer_worker#3 childId=b80a4184-5f32-4fba-8aa6-32c36fd4cb87 tok=30689 base=14530 window=215040 pct=0.1427 peak=none
2026-09-23T02:45:39.676Z CTX label=laborer_worker#3 childId=b80a4184-5f32-4fba-8aa6-32c36fd4cb87 tok=30764 base=14530 window=215040 pct=0.1431 peak=none
2026-09-23T02:45:40.675Z CTX label=laborer_worker#3 childId=b80a4184-5f32-4fba-8aa6-32c36fd4cb87 tok=30850 base=14530 window=215040 pct=0.1435 peak=none
2026-09-23T02:45:41.678Z CTX label=laborer_worker#3 childId=b80a4184-5f32-4fba-8aa6-32c36fd4cb87 tok=30918 base=14530 window=215040 pct=0.1438 peak=none
2026-09-23T02:45:42.678Z CTX label=laborer_worker#3 childId=b80a4184-5f32-4fba-8aa6-32c36fd4cb87 tok=30988 base=14530 window=215040 pct=0.1441 peak=none
2026-09-23T02:45:43.678Z CTX label=laborer_worker#3 childId=b80a4184-5f32-4fba-8aa6-32c36fd4cb87 tok=31057 base=14530 window=215040 pct=0.1444 peak=none
2026-09-23T02:45:44.678Z CTX label=laborer_worker#3 childId=b80a4184-5f32-4fba-8aa6-32c36fd4cb87 tok=31127 base=14530 window=215040 pct=0.1447 peak=none
2026-09-23T02:45:45.678Z CTX label=laborer_worker#3 childId=b80a4184-5f32-4fba-8aa6-32c36fd4cb87 tok=31183 base=14530 window=215040 pct=0.1450 peak=none
2026-09-23T02:45:46.678Z CTX label=laborer_worker#3 childId=b80a4184-5f32-4fba-8aa6-32c36fd4cb87 tok=31242 base=14530 window=215040 pct=0.1453 peak=none
2026-09-23T02:45:47.677Z CTX label=laborer_worker#3 childId=b80a4184-5f32-4fba-8aa6-32c36fd4cb87 tok=31298 base=14530 window=215040 pct=0.1455 peak=none
2026-09-23T02:45:48.678Z CTX label=laborer_worker#3 childId=b80a4184-5f32-4fba-8aa6-32c36fd4cb87 tok=31346 base=14530 window=215040 pct=0.1458 peak=none
2026-09-23T02:45:49.680Z CTX label=laborer_worker#3 childId=b80a4184-5f32-4fba-8aa6-32c36fd4cb87 tok=31398 base=14530 window=215040 pct=0.1460 peak=none
2026-09-23T02:45:50.680Z CTX label=laborer_worker#3 childId=b80a4184-5f32-4fba-8aa6-32c36fd4cb87 tok=31434 base=14530 window=215040 pct=0.1462 peak=none
2026-09-23T02:45:51.682Z CTX label=laborer_worker#3 childId=b80a4184-5f32-4fba-8aa6-32c36fd4cb87 tok=31495 base=14530 window=215040 pct=0.1465 peak=none
2026-09-23T02:45:52.683Z CTX label=laborer_worker#3 childId=b80a4184-5f32-4fba-8aa6-32c36fd4cb87 tok=31553 base=14530 window=215040 pct=0.1467 peak=none
2026-09-23T02:45:53.684Z CTX label=laborer_worker#3 childId=b80a4184-5f32-4fba-8aa6-32c36fd4cb87 tok=31605 base=14530 window=215040 pct=0.1470 peak=none
2026-09-23T02:45:54.685Z CTX label=laborer_worker#3 childId=b80a4184-5f32-4fba-8aa6-32c36fd4cb87 tok=31658 base=14530 window=215040 pct=0.1472 peak=none
2026-09-23T02:45:55.686Z CTX label=laborer_worker#3 childId=b80a4184-5f32-4fba-8aa6-32c36fd4cb87 tok=31709 base=14530 window=215040 pct=0.1475 peak=none
2026-09-23T02:45:56.686Z CTX label=laborer_worker#3 childId=b80a4184-5f32-4fba-8aa6-32c36fd4cb87 tok=31767 base=14530 window=215040 pct=0.1477 peak=none
2026-09-23T02:45:57.687Z CTX label=laborer_worker#3 childId=b80a4184-5f32-4fba-8aa6-32c36fd4cb87 tok=31809 base=14530 window=215040 pct=0.1479 peak=none
2026-09-23T02:45:58.689Z CTX label=laborer_worker#3 childId=b80a4184-5f32-4fba-8aa6-32c36fd4cb87 tok=31890 base=14530 window=215040 pct=0.1483 peak=none
2026-09-23T02:45:59.688Z CTX label=laborer_worker#3 childId=b80a4184-5f32-4fba-8aa6-32c36fd4cb87 tok=31947 base=14530 window=215040 pct=0.1486 peak=none
2026-09-23T02:46:00.690Z CTX label=laborer_worker#3 childId=b80a4184-5f32-4fba-8aa6-32c36fd4cb87 tok=32023 base=14530 window=215040 pct=0.1489 peak=none
2026-09-23T02:46:01.691Z CTX label=laborer_worker#3 childId=b80a4184-5f32-4fba-8aa6-32c36fd4cb87 tok=32107 base=14530 window=215040 pct=0.1493 peak=none
2026-09-23T02:46:02.691Z CTX label=laborer_worker#3 childId=b80a4184-5f32-4fba-8aa6-32c36fd4cb87 tok=32192 base=14530 window=215040 pct=0.1497 peak=none
2026-09-23T02:46:03.693Z CTX label=laborer_worker#3 childId=b80a4184-5f32-4fba-8aa6-32c36fd4cb87 tok=32277 base=14530 window=215040 pct=0.1501 peak=none
2026-09-23T02:46:04.693Z CTX label=laborer_worker#3 childId=b80a4184-5f32-4fba-8aa6-32c36fd4cb87 tok=32339 base=14530 window=215040 pct=0.1504 peak=none
2026-09-23T02:46:05.694Z CTX label=laborer_worker#3 childId=b80a4184-5f32-4fba-8aa6-32c36fd4cb87 tok=32398 base=14530 window=215040 pct=0.1507 peak=none
2026-09-23T02:46:06.695Z CTX label=laborer_worker#3 childId=b80a4184-5f32-4fba-8aa6-32c36fd4cb87 tok=32481 base=14530 window=215040 pct=0.1510 peak=none
2026-09-23T02:46:07.697Z CTX label=laborer_worker#3 childId=b80a4184-5f32-4fba-8aa6-32c36fd4cb87 tok=32560 base=14530 window=215040 pct=0.1514 peak=none
2026-09-23T02:46:08.698Z CTX label=laborer_worker#3 childId=b80a4184-5f32-4fba-8aa6-32c36fd4cb87 tok=32618 base=14530 window=215040 pct=0.1517 peak=none
2026-09-23T02:46:09.700Z CTX label=laborer_worker#3 childId=b80a4184-5f32-4fba-8aa6-32c36fd4cb87 tok=32680 base=14530 window=215040 pct=0.1520 peak=none
2026-09-23T02:46:10.699Z CTX label=laborer_worker#3 childId=b80a4184-5f32-4fba-8aa6-32c36fd4cb87 tok=32735 base=14530 window=215040 pct=0.1522 peak=none
2026-09-23T02:46:11.701Z CTX label=laborer_worker#3 childId=b80a4184-5f32-4fba-8aa6-32c36fd4cb87 tok=32802 base=14530 window=215040 pct=0.1525 peak=none
2026-09-23T02:46:12.702Z CTX label=laborer_worker#3 childId=b80a4184-5f32-4fba-8aa6-32c36fd4cb87 tok=32857 base=14530 window=215040 pct=0.1528 peak=none
2026-09-23T02:46:13.703Z CTX label=laborer_worker#3 childId=b80a4184-5f32-4fba-8aa6-32c36fd4cb87 tok=32910 base=14530 window=215040 pct=0.1530 peak=none
2026-09-23T02:46:14.702Z CTX label=laborer_worker#3 childId=b80a4184-5f32-4fba-8aa6-32c36fd4cb87 tok=32961 base=14530 window=215040 pct=0.1533 peak=none
2026-09-23T02:46:15.704Z CTX label=laborer_worker#3 childId=b80a4184-5f32-4fba-8aa6-32c36fd4cb87 tok=33043 base=14530 window=215040 pct=0.1537 peak=none
2026-09-23T02:46:16.702Z CTX label=laborer_worker#3 childId=b80a4184-5f32-4fba-8aa6-32c36fd4cb87 tok=33106 base=14530 window=215040 pct=0.1540 peak=none
2026-09-23T02:46:17.704Z CTX label=laborer_worker#3 childId=b80a4184-5f32-4fba-8aa6-32c36fd4cb87 tok=33196 base=14530 window=215040 pct=0.1544 peak=none
2026-09-23T02:46:18.703Z CTX label=laborer_worker#3 childId=b80a4184-5f32-4fba-8aa6-32c36fd4cb87 tok=33250 base=14530 window=215040 pct=0.1546 peak=none
2026-09-23T02:46:19.705Z CTX label=laborer_worker#3 childId=b80a4184-5f32-4fba-8aa6-32c36fd4cb87 tok=33318 base=14530 window=215040 pct=0.1549 peak=none
2026-09-23T02:46:20.705Z CTX label=laborer_worker#3 childId=b80a4184-5f32-4fba-8aa6-32c36fd4cb87 tok=33420 base=14530 window=215040 pct=0.1554 peak=none
2026-09-23T02:46:21.705Z CTX label=laborer_worker#3 childId=b80a4184-5f32-4fba-8aa6-32c36fd4cb87 tok=33538 base=14530 window=215040 pct=0.1560 peak=none
2026-09-23T02:46:22.706Z CTX label=laborer_worker#3 childId=b80a4184-5f32-4fba-8aa6-32c36fd4cb87 tok=33662 base=14530 window=215040 pct=0.1565 peak=none
2026-09-23T02:46:23.707Z CTX label=laborer_worker#3 childId=b80a4184-5f32-4fba-8aa6-32c36fd4cb87 tok=33780 base=14530 window=215040 pct=0.1571 peak=none
2026-09-23T02:46:24.706Z CTX label=laborer_worker#3 childId=b80a4184-5f32-4fba-8aa6-32c36fd4cb87 tok=33877 base=14530 window=215040 pct=0.1575 peak=none
2026-09-23T02:46:25.708Z CTX label=laborer_worker#3 childId=b80a4184-5f32-4fba-8aa6-32c36fd4cb87 tok=33990 base=14530 window=215040 pct=0.1581 peak=none
2026-09-23T02:46:26.709Z CTX label=laborer_worker#3 childId=b80a4184-5f32-4fba-8aa6-32c36fd4cb87 tok=34108 base=14530 window=215040 pct=0.1586 peak=none
2026-09-23T02:46:27.711Z CTX label=laborer_worker#3 childId=b80a4184-5f32-4fba-8aa6-32c36fd4cb87 tok=34241 base=14530 window=215040 pct=0.1592 peak=none
2026-09-23T02:46:28.711Z CTX label=laborer_worker#3 childId=b80a4184-5f32-4fba-8aa6-32c36fd4cb87 tok=34323 base=14530 window=215040 pct=0.1596 peak=none
2026-09-23T02:46:29.714Z CTX label=laborer_worker#3 childId=b80a4184-5f32-4fba-8aa6-32c36fd4cb87 tok=34419 base=14530 window=215040 pct=0.1601 peak=none
2026-09-23T02:46:30.713Z CTX label=laborer_worker#3 childId=b80a4184-5f32-4fba-8aa6-32c36fd4cb87 tok=34524 base=14530 window=215040 pct=0.1605 peak=none
2026-09-23T02:46:31.714Z CTX label=laborer_worker#3 childId=b80a4184-5f32-4fba-8aa6-32c36fd4cb87 tok=34598 base=14530 window=215040 pct=0.1609 peak=none
2026-09-23T02:46:32.716Z CTX label=laborer_worker#3 childId=b80a4184-5f32-4fba-8aa6-32c36fd4cb87 tok=34706 base=14530 window=215040 pct=0.1614 peak=none
2026-09-23T02:46:33.717Z CTX label=laborer_worker#3 childId=b80a4184-5f32-4fba-8aa6-32c36fd4cb87 tok=34782 base=14530 window=215040 pct=0.1617 peak=none
2026-09-23T02:46:34.718Z CTX label=laborer_worker#3 childId=b80a4184-5f32-4fba-8aa6-32c36fd4cb87 tok=34850 base=14530 window=215040 pct=0.1621 peak=none
2026-09-23T02:46:35.718Z CTX label=laborer_worker#3 childId=b80a4184-5f32-4fba-8aa6-32c36fd4cb87 tok=34923 base=14530 window=215040 pct=0.1624 peak=none
2026-09-23T02:46:36.720Z CTX label=laborer_worker#3 childId=b80a4184-5f32-4fba-8aa6-32c36fd4cb87 tok=34991 base=14530 window=215040 pct=0.1627 peak=none
2026-09-23T02:46:37.721Z CTX label=laborer_worker#3 childId=b80a4184-5f32-4fba-8aa6-32c36fd4cb87 tok=35059 base=14530 window=215040 pct=0.1630 peak=none
2026-09-23T02:46:38.722Z CTX label=laborer_worker#3 childId=b80a4184-5f32-4fba-8aa6-32c36fd4cb87 tok=35174 base=14530 window=215040 pct=0.1636 peak=none
2026-09-23T02:46:39.724Z CTX label=laborer_worker#3 childId=b80a4184-5f32-4fba-8aa6-32c36fd4cb87 tok=35240 base=14530 window=215040 pct=0.1639 peak=none
2026-09-23T02:46:40.725Z CTX label=laborer_worker#3 childId=b80a4184-5f32-4fba-8aa6-32c36fd4cb87 tok=35337 base=14530 window=215040 pct=0.1643 peak=none
2026-09-23T02:46:41.724Z CTX label=laborer_worker#3 childId=b80a4184-5f32-4fba-8aa6-32c36fd4cb87 tok=35428 base=14530 window=215040 pct=0.1648 peak=none
2026-09-23T02:46:42.725Z CTX label=laborer_worker#3 childId=b80a4184-5f32-4fba-8aa6-32c36fd4cb87 tok=35477 base=14530 window=215040 pct=0.1650 peak=none
2026-09-23T02:46:43.725Z CTX label=laborer_worker#3 childId=b80a4184-5f32-4fba-8aa6-32c36fd4cb87 tok=35550 base=14530 window=215040 pct=0.1653 peak=none
2026-09-23T02:46:44.725Z CTX label=laborer_worker#3 childId=b80a4184-5f32-4fba-8aa6-32c36fd4cb87 tok=35620 base=14530 window=215040 pct=0.1656 peak=none
2026-09-23T02:46:45.725Z CTX label=laborer_worker#3 childId=b80a4184-5f32-4fba-8aa6-32c36fd4cb87 tok=35674 base=14530 window=215040 pct=0.1659 peak=none
2026-09-23T02:46:46.727Z CTX label=laborer_worker#3 childId=b80a4184-5f32-4fba-8aa6-32c36fd4cb87 tok=35747 base=14530 window=215040 pct=0.1662 peak=none
2026-09-23T02:46:47.727Z CTX label=laborer_worker#3 childId=b80a4184-5f32-4fba-8aa6-32c36fd4cb87 tok=35810 base=14530 window=215040 pct=0.1665 peak=none
2026-09-23T02:46:48.728Z CTX label=laborer_worker#3 childId=b80a4184-5f32-4fba-8aa6-32c36fd4cb87 tok=35881 base=14530 window=215040 pct=0.1669 peak=none
2026-09-23T02:46:49.730Z CTX label=laborer_worker#3 childId=b80a4184-5f32-4fba-8aa6-32c36fd4cb87 tok=35962 base=14530 window=215040 pct=0.1672 peak=none
2026-09-23T02:46:50.729Z CTX label=laborer_worker#3 childId=b80a4184-5f32-4fba-8aa6-32c36fd4cb87 tok=36034 base=14530 window=215040 pct=0.1676 peak=none
2026-09-23T02:46:51.729Z CTX label=laborer_worker#3 childId=b80a4184-5f32-4fba-8aa6-32c36fd4cb87 tok=36088 base=14530 window=215040 pct=0.1678 peak=none
2026-09-23T02:46:52.729Z CTX label=laborer_worker#3 childId=b80a4184-5f32-4fba-8aa6-32c36fd4cb87 tok=36167 base=14530 window=215040 pct=0.1682 peak=none
2026-09-23T02:46:53.731Z CTX label=laborer_worker#3 childId=b80a4184-5f32-4fba-8aa6-32c36fd4cb87 tok=36227 base=14530 window=215040 pct=0.1685 peak=none
2026-09-23T02:46:54.731Z CTX label=laborer_worker#3 childId=b80a4184-5f32-4fba-8aa6-32c36fd4cb87 tok=36287 base=14530 window=215040 pct=0.1687 peak=none
2026-09-23T02:46:55.731Z CTX label=laborer_worker#3 childId=b80a4184-5f32-4fba-8aa6-32c36fd4cb87 tok=36369 base=14530 window=215040 pct=0.1691 peak=none
2026-09-23T02:46:56.732Z CTX label=laborer_worker#3 childId=b80a4184-5f32-4fba-8aa6-32c36fd4cb87 tok=36435 base=14530 window=215040 pct=0.1694 peak=none
2026-09-23T02:46:57.734Z CTX label=laborer_worker#3 childId=b80a4184-5f32-4fba-8aa6-32c36fd4cb87 tok=36511 base=14530 window=215040 pct=0.1698 peak=none
2026-09-23T02:46:58.734Z CTX label=laborer_worker#3 childId=b80a4184-5f32-4fba-8aa6-32c36fd4cb87 tok=36586 base=14530 window=215040 pct=0.1701 peak=none
2026-09-23T02:46:59.734Z CTX label=laborer_worker#3 childId=b80a4184-5f32-4fba-8aa6-32c36fd4cb87 tok=36679 base=14530 window=215040 pct=0.1706 peak=none
2026-09-23T02:47:00.734Z CTX label=laborer_worker#3 childId=b80a4184-5f32-4fba-8aa6-32c36fd4cb87 tok=36778 base=14530 window=215040 pct=0.1710 peak=none
2026-09-23T02:47:01.734Z CTX label=laborer_worker#3 childId=b80a4184-5f32-4fba-8aa6-32c36fd4cb87 tok=36839 base=14530 window=215040 pct=0.1713 peak=none
2026-09-23T02:47:02.735Z CTX label=laborer_worker#3 childId=b80a4184-5f32-4fba-8aa6-32c36fd4cb87 tok=36918 base=14530 window=215040 pct=0.1717 peak=none
2026-09-23T02:47:03.735Z CTX label=laborer_worker#3 childId=b80a4184-5f32-4fba-8aa6-32c36fd4cb87 tok=36990 base=14530 window=215040 pct=0.1720 peak=none
2026-09-23T02:47:04.736Z CTX label=laborer_worker#3 childId=b80a4184-5f32-4fba-8aa6-32c36fd4cb87 tok=37053 base=14530 window=215040 pct=0.1723 peak=none
2026-09-23T02:47:05.738Z CTX label=laborer_worker#3 childId=b80a4184-5f32-4fba-8aa6-32c36fd4cb87 tok=37111 base=14530 window=215040 pct=0.1726 peak=none
2026-09-23T02:47:06.738Z CTX label=laborer_worker#3 childId=b80a4184-5f32-4fba-8aa6-32c36fd4cb87 tok=37187 base=14530 window=215040 pct=0.1729 peak=none
2026-09-23T02:47:07.739Z CTX label=laborer_worker#3 childId=b80a4184-5f32-4fba-8aa6-32c36fd4cb87 tok=37257 base=14530 window=215040 pct=0.1733 peak=none
2026-09-23T02:47:08.740Z CTX label=laborer_worker#3 childId=b80a4184-5f32-4fba-8aa6-32c36fd4cb87 tok=37337 base=14530 window=215040 pct=0.1736 peak=none
2026-09-23T02:47:09.740Z CTX label=laborer_worker#3 childId=b80a4184-5f32-4fba-8aa6-32c36fd4cb87 tok=37408 base=14530 window=215040 pct=0.1740 peak=none
2026-09-23T02:47:10.742Z CTX label=laborer_worker#3 childId=b80a4184-5f32-4fba-8aa6-32c36fd4cb87 tok=37482 base=14530 window=215040 pct=0.1743 peak=none
2026-09-23T02:47:11.743Z CTX label=laborer_worker#3 childId=b80a4184-5f32-4fba-8aa6-32c36fd4cb87 tok=37566 base=14530 window=215040 pct=0.1747 peak=none
2026-09-23T02:47:12.744Z CTX label=laborer_worker#3 childId=b80a4184-5f32-4fba-8aa6-32c36fd4cb87 tok=37646 base=14530 window=215040 pct=0.1751 peak=none
2026-09-23T02:47:13.743Z CTX label=laborer_worker#3 childId=b80a4184-5f32-4fba-8aa6-32c36fd4cb87 tok=37712 base=14530 window=215040 pct=0.1754 peak=none
2026-09-23T02:47:14.744Z CTX label=laborer_worker#3 childId=b80a4184-5f32-4fba-8aa6-32c36fd4cb87 tok=37780 base=14530 window=215040 pct=0.1757 peak=none
2026-09-23T02:47:15.746Z CTX label=laborer_worker#3 childId=b80a4184-5f32-4fba-8aa6-32c36fd4cb87 tok=37859 base=14530 window=215040 pct=0.1761 peak=none
2026-09-23T02:47:16.746Z CTX label=laborer_worker#3 childId=b80a4184-5f32-4fba-8aa6-32c36fd4cb87 tok=37938 base=14530 window=215040 pct=0.1764 peak=none
2026-09-23T02:47:17.748Z CTX label=laborer_worker#3 childId=b80a4184-5f32-4fba-8aa6-32c36fd4cb87 tok=38008 base=14530 window=215040 pct=0.1767 peak=none
2026-09-23T02:47:18.747Z CTX label=laborer_worker#3 childId=b80a4184-5f32-4fba-8aa6-32c36fd4cb87 tok=38108 base=14530 window=215040 pct=0.1772 peak=none
2026-09-23T02:47:19.749Z CTX label=laborer_worker#3 childId=b80a4184-5f32-4fba-8aa6-32c36fd4cb87 tok=38189 base=14530 window=215040 pct=0.1776 peak=none
2026-09-23T02:47:20.749Z CTX label=laborer_worker#3 childId=b80a4184-5f32-4fba-8aa6-32c36fd4cb87 tok=38267 base=14530 window=215040 pct=0.1780 peak=none
2026-09-23T02:47:21.749Z CTX label=laborer_worker#3 childId=b80a4184-5f32-4fba-8aa6-32c36fd4cb87 tok=38323 base=14530 window=215040 pct=0.1782 peak=none
2026-09-23T02:47:22.751Z CTX label=laborer_worker#3 childId=b80a4184-5f32-4fba-8aa6-32c36fd4cb87 tok=38384 base=14530 window=215040 pct=0.1785 peak=none
2026-09-23T02:47:23.751Z CTX label=laborer_worker#3 childId=b80a4184-5f32-4fba-8aa6-32c36fd4cb87 tok=38453 base=14530 window=215040 pct=0.1788 peak=none
2026-09-23T02:47:24.752Z CTX label=laborer_worker#3 childId=b80a4184-5f32-4fba-8aa6-32c36fd4cb87 tok=38540 base=14530 window=215040 pct=0.1792 peak=none
2026-09-23T02:47:25.753Z CTX label=laborer_worker#3 childId=b80a4184-5f32-4fba-8aa6-32c36fd4cb87 tok=38612 base=14530 window=215040 pct=0.1796 peak=none
2026-09-23T02:47:26.753Z CTX label=laborer_worker#3 childId=b80a4184-5f32-4fba-8aa6-32c36fd4cb87 tok=38708 base=14530 window=215040 pct=0.1800 peak=none
2026-09-23T02:47:27.755Z CTX label=laborer_worker#3 childId=b80a4184-5f32-4fba-8aa6-32c36fd4cb87 tok=38779 base=14530 window=215040 pct=0.1803 peak=none
2026-09-23T02:47:28.754Z CTX label=laborer_worker#3 childId=b80a4184-5f32-4fba-8aa6-32c36fd4cb87 tok=38873 base=14530 window=215040 pct=0.1808 peak=none
2026-09-23T02:47:29.755Z CTX label=laborer_worker#3 childId=b80a4184-5f32-4fba-8aa6-32c36fd4cb87 tok=39015 base=14530 window=215040 pct=0.1814 peak=none
2026-09-23T02:47:30.755Z CTX label=laborer_worker#3 childId=b80a4184-5f32-4fba-8aa6-32c36fd4cb87 tok=39123 base=14530 window=215040 pct=0.1819 peak=none
2026-09-23T02:47:31.755Z CTX label=laborer_worker#3 childId=b80a4184-5f32-4fba-8aa6-32c36fd4cb87 tok=39215 base=14530 window=215040 pct=0.1824 peak=none
2026-09-23T02:47:32.756Z CTX label=laborer_worker#3 childId=b80a4184-5f32-4fba-8aa6-32c36fd4cb87 tok=39282 base=14530 window=215040 pct=0.1827 peak=none
2026-09-23T02:47:33.757Z CTX label=laborer_worker#3 childId=b80a4184-5f32-4fba-8aa6-32c36fd4cb87 tok=39350 base=14530 window=215040 pct=0.1830 peak=none
2026-09-23T02:47:34.757Z CTX label=laborer_worker#3 childId=b80a4184-5f32-4fba-8aa6-32c36fd4cb87 tok=39431 base=14530 window=215040 pct=0.1834 peak=none
2026-09-23T02:47:35.759Z CTX label=laborer_worker#3 childId=b80a4184-5f32-4fba-8aa6-32c36fd4cb87 tok=39522 base=14530 window=215040 pct=0.1838 peak=none
2026-09-23T02:47:36.759Z CTX label=laborer_worker#3 childId=b80a4184-5f32-4fba-8aa6-32c36fd4cb87 tok=39612 base=14530 window=215040 pct=0.1842 peak=none
2026-09-23T02:47:37.759Z CTX label=laborer_worker#3 childId=b80a4184-5f32-4fba-8aa6-32c36fd4cb87 tok=39724 base=14530 window=215040 pct=0.1847 peak=none
2026-09-23T02:47:38.760Z CTX label=laborer_worker#3 childId=b80a4184-5f32-4fba-8aa6-32c36fd4cb87 tok=39805 base=14530 window=215040 pct=0.1851 peak=none
2026-09-23T02:47:39.761Z CTX label=laborer_worker#3 childId=b80a4184-5f32-4fba-8aa6-32c36fd4cb87 tok=39894 base=14530 window=215040 pct=0.1855 peak=none
2026-09-23T02:47:40.761Z CTX label=laborer_worker#3 childId=b80a4184-5f32-4fba-8aa6-32c36fd4cb87 tok=39947 base=14530 window=215040 pct=0.1858 peak=none
2026-09-23T02:47:41.762Z CTX label=laborer_worker#3 childId=b80a4184-5f32-4fba-8aa6-32c36fd4cb87 tok=40019 base=14530 window=215040 pct=0.1861 peak=none
2026-09-23T02:47:42.762Z CTX label=laborer_worker#3 childId=b80a4184-5f32-4fba-8aa6-32c36fd4cb87 tok=40116 base=14530 window=215040 pct=0.1866 peak=none
2026-09-23T02:47:43.763Z CTX label=laborer_worker#3 childId=b80a4184-5f32-4fba-8aa6-32c36fd4cb87 tok=40192 base=14530 window=215040 pct=0.1869 peak=none
2026-09-23T02:47:44.765Z CTX label=laborer_worker#3 childId=b80a4184-5f32-4fba-8aa6-32c36fd4cb87 tok=40259 base=14530 window=215040 pct=0.1872 peak=none
2026-09-23T02:47:45.764Z CTX label=laborer_worker#3 childId=b80a4184-5f32-4fba-8aa6-32c36fd4cb87 tok=40320 base=14530 window=215040 pct=0.1875 peak=none
2026-09-23T02:47:46.766Z CTX label=laborer_worker#3 childId=b80a4184-5f32-4fba-8aa6-32c36fd4cb87 tok=40408 base=14530 window=215040 pct=0.1879 peak=none
2026-09-23T02:47:47.766Z CTX label=laborer_worker#3 childId=b80a4184-5f32-4fba-8aa6-32c36fd4cb87 tok=40474 base=14530 window=215040 pct=0.1882 peak=none
2026-09-23T02:47:48.767Z CTX label=laborer_worker#3 childId=b80a4184-5f32-4fba-8aa6-32c36fd4cb87 tok=40546 base=14530 window=215040 pct=0.1886 peak=none
2026-09-23T02:47:49.767Z CTX label=laborer_worker#3 childId=b80a4184-5f32-4fba-8aa6-32c36fd4cb87 tok=40612 base=14530 window=215040 pct=0.1889 peak=none
2026-09-23T02:47:50.767Z CTX label=laborer_worker#3 childId=b80a4184-5f32-4fba-8aa6-32c36fd4cb87 tok=40676 base=14530 window=215040 pct=0.1892 peak=none
2026-09-23T02:47:51.768Z CTX label=laborer_worker#3 childId=b80a4184-5f32-4fba-8aa6-32c36fd4cb87 tok=40748 base=14530 window=215040 pct=0.1895 peak=none
2026-09-23T02:47:52.769Z CTX label=laborer_worker#3 childId=b80a4184-5f32-4fba-8aa6-32c36fd4cb87 tok=40820 base=14530 window=215040 pct=0.1898 peak=none
2026-09-23T02:47:53.768Z CTX label=laborer_worker#3 childId=b80a4184-5f32-4fba-8aa6-32c36fd4cb87 tok=40903 base=14530 window=215040 pct=0.1902 peak=none
2026-09-23T02:47:54.769Z CTX label=laborer_worker#3 childId=b80a4184-5f32-4fba-8aa6-32c36fd4cb87 tok=40977 base=14530 window=215040 pct=0.1906 peak=none
2026-09-23T02:47:55.771Z CTX label=laborer_worker#3 childId=b80a4184-5f32-4fba-8aa6-32c36fd4cb87 tok=41035 base=14530 window=215040 pct=0.1908 peak=none
2026-09-23T02:47:56.772Z CTX label=laborer_worker#3 childId=b80a4184-5f32-4fba-8aa6-32c36fd4cb87 tok=41094 base=14530 window=215040 pct=0.1911 peak=none
2026-09-23T02:47:57.772Z CTX label=laborer_worker#3 childId=b80a4184-5f32-4fba-8aa6-32c36fd4cb87 tok=41189 base=14530 window=215040 pct=0.1915 peak=none
2026-09-23T02:47:58.773Z CTX label=laborer_worker#3 childId=b80a4184-5f32-4fba-8aa6-32c36fd4cb87 tok=41265 base=14530 window=215040 pct=0.1919 peak=none
2026-09-23T02:47:59.774Z CTX label=laborer_worker#3 childId=b80a4184-5f32-4fba-8aa6-32c36fd4cb87 tok=41346 base=14530 window=215040 pct=0.1923 peak=none
2026-09-23T02:48:00.775Z CTX label=laborer_worker#3 childId=b80a4184-5f32-4fba-8aa6-32c36fd4cb87 tok=41453 base=14530 window=215040 pct=0.1928 peak=none
2026-09-23T02:48:01.776Z CTX label=laborer_worker#3 childId=b80a4184-5f32-4fba-8aa6-32c36fd4cb87 tok=41502 base=14530 window=215040 pct=0.1930 peak=none
2026-09-23T02:48:02.776Z CTX label=laborer_worker#3 childId=b80a4184-5f32-4fba-8aa6-32c36fd4cb87 tok=43280 base=14530 window=215040 pct=0.2013 peak=none
2026-09-23T02:48:03.778Z CTX label=laborer_worker#3 childId=b80a4184-5f32-4fba-8aa6-32c36fd4cb87 tok=43356 base=14530 window=215040 pct=0.2016 peak=none
2026-09-23T02:48:04.778Z CTX label=laborer_worker#3 childId=b80a4184-5f32-4fba-8aa6-32c36fd4cb87 tok=52035 base=14530 window=215040 pct=0.2420 peak=none
2026-09-23T02:48:05.778Z CTX label=laborer_worker#3 childId=b80a4184-5f32-4fba-8aa6-32c36fd4cb87 tok=52068 base=14530 window=215040 pct=0.2421 peak=none
2026-09-23T02:48:06.780Z CTX label=laborer_worker#3 childId=b80a4184-5f32-4fba-8aa6-32c36fd4cb87 tok=52121 base=14530 window=215040 pct=0.2424 peak=none
2026-09-23T02:48:07.780Z CTX label=laborer_worker#3 childId=b80a4184-5f32-4fba-8aa6-32c36fd4cb87 tok=52346 base=14530 window=215040 pct=0.2434 peak=none
2026-09-23T02:48:08.781Z CTX label=laborer_worker#3 childId=b80a4184-5f32-4fba-8aa6-32c36fd4cb87 tok=52377 base=14530 window=215040 pct=0.2436 peak=none
2026-09-23T02:48:09.781Z CTX label=laborer_worker#3 childId=b80a4184-5f32-4fba-8aa6-32c36fd4cb87 tok=52470 base=14530 window=215040 pct=0.2440 peak=none
2026-09-23T02:48:10.782Z CTX label=laborer_worker#3 childId=b80a4184-5f32-4fba-8aa6-32c36fd4cb87 tok=52556 base=14530 window=215040 pct=0.2444 peak=none
2026-09-23T02:48:11.783Z CTX label=laborer_worker#3 childId=b80a4184-5f32-4fba-8aa6-32c36fd4cb87 tok=52682 base=14530 window=215040 pct=0.2450 peak=none
2026-09-23T02:48:12.784Z CTX label=laborer_worker#3 childId=b80a4184-5f32-4fba-8aa6-32c36fd4cb87 tok=52826 base=14530 window=215040 pct=0.2457 peak=none
2026-09-23T02:48:13.785Z CTX label=laborer_worker#3 childId=b80a4184-5f32-4fba-8aa6-32c36fd4cb87 tok=53028 base=14530 window=215040 pct=0.2466 peak=none
2026-09-23T02:48:14.785Z CTX label=laborer_worker#3 childId=b80a4184-5f32-4fba-8aa6-32c36fd4cb87 tok=53122 base=14530 window=215040 pct=0.2470 peak=none
2026-09-23T02:48:15.786Z CTX label=laborer_worker#3 childId=b80a4184-5f32-4fba-8aa6-32c36fd4cb87 tok=53195 base=14530 window=215040 pct=0.2474 peak=none
2026-09-23T02:48:16.787Z CTX label=laborer_worker#3 childId=b80a4184-5f32-4fba-8aa6-32c36fd4cb87 tok=53649 base=14530 window=215040 pct=0.2495 peak=none
2026-09-23T02:48:17.788Z CTX label=laborer_worker#3 childId=b80a4184-5f32-4fba-8aa6-32c36fd4cb87 tok=53753 base=14530 window=215040 pct=0.2500 peak=none
2026-09-23T02:48:18.788Z CTX label=laborer_worker#3 childId=b80a4184-5f32-4fba-8aa6-32c36fd4cb87 tok=53841 base=14530 window=215040 pct=0.2504 peak=none
2026-09-23T02:48:19.789Z CTX label=laborer_worker#3 childId=b80a4184-5f32-4fba-8aa6-32c36fd4cb87 tok=53841 base=14530 window=215040 pct=0.2504 peak=none
2026-09-23T02:48:20.788Z CTX label=laborer_worker#3 childId=b80a4184-5f32-4fba-8aa6-32c36fd4cb87 tok=54148 base=14530 window=215040 pct=0.2518 peak=none
2026-09-23T02:48:21.798Z CTX label=laborer_worker#3 childId=b80a4184-5f32-4fba-8aa6-32c36fd4cb87 tok=54212 base=14530 window=215040 pct=0.2521 peak=none
2026-09-23T02:48:22.791Z CTX label=laborer_worker#3 childId=b80a4184-5f32-4fba-8aa6-32c36fd4cb87 tok=54212 base=14530 window=215040 pct=0.2521 peak=none
2026-09-23T02:48:23.790Z CTX label=laborer_worker#3 childId=b80a4184-5f32-4fba-8aa6-32c36fd4cb87 tok=54212 base=14530 window=215040 pct=0.2521 peak=none
2026-09-23T02:48:24.791Z CTX label=laborer_worker#3 childId=b80a4184-5f32-4fba-8aa6-32c36fd4cb87 tok=54212 base=14530 window=215040 pct=0.2521 peak=none
2026-09-23T02:48:25.792Z CTX label=laborer_worker#3 childId=b80a4184-5f32-4fba-8aa6-32c36fd4cb87 tok=54212 base=14530 window=215040 pct=0.2521 peak=none
2026-09-23T02:48:26.793Z CTX label=laborer_worker#3 childId=b80a4184-5f32-4fba-8aa6-32c36fd4cb87 tok=54212 base=14530 window=215040 pct=0.2521 peak=none
2026-09-23T02:48:27.794Z CTX label=laborer_worker#3 childId=b80a4184-5f32-4fba-8aa6-32c36fd4cb87 tok=54212 base=14530 window=215040 pct=0.2521 peak=none
2026-09-23T02:48:28.794Z CTX label=laborer_worker#3 childId=b80a4184-5f32-4fba-8aa6-32c36fd4cb87 tok=54212 base=14530 window=215040 pct=0.2521 peak=none
2026-09-23T02:48:29.795Z CTX label=laborer_worker#3 childId=b80a4184-5f32-4fba-8aa6-32c36fd4cb87 tok=54212 base=14530 window=215040 pct=0.2521 peak=none
2026-09-23T02:48:30.797Z CTX label=laborer_worker#3 childId=b80a4184-5f32-4fba-8aa6-32c36fd4cb87 tok=54212 base=14530 window=215040 pct=0.2521 peak=none
2026-09-23T02:48:31.799Z CTX label=laborer_worker#3 childId=b80a4184-5f32-4fba-8aa6-32c36fd4cb87 tok=54212 base=14530 window=215040 pct=0.2521 peak=none
2026-09-23T02:48:32.800Z CTX label=laborer_worker#3 childId=b80a4184-5f32-4fba-8aa6-32c36fd4cb87 tok=54212 base=14530 window=215040 pct=0.2521 peak=none
2026-09-23T02:48:33.801Z CTX label=laborer_worker#3 childId=b80a4184-5f32-4fba-8aa6-32c36fd4cb87 tok=54212 base=14530 window=215040 pct=0.2521 peak=none
2026-09-23T02:48:34.801Z CTX label=laborer_worker#3 childId=b80a4184-5f32-4fba-8aa6-32c36fd4cb87 tok=54212 base=14530 window=215040 pct=0.2521 peak=none
2026-09-23T02:48:35.801Z CTX label=laborer_worker#3 childId=b80a4184-5f32-4fba-8aa6-32c36fd4cb87 tok=54212 base=14530 window=215040 pct=0.2521 peak=none
2026-09-23T02:48:36.801Z CTX label=laborer_worker#3 childId=b80a4184-5f32-4fba-8aa6-32c36fd4cb87 tok=54212 base=14530 window=215040 pct=0.2521 peak=none
2026-09-23T02:48:37.803Z CTX label=laborer_worker#3 childId=b80a4184-5f32-4fba-8aa6-32c36fd4cb87 tok=54212 base=14530 window=215040 pct=0.2521 peak=none
2026-09-23T02:48:38.804Z CTX label=laborer_worker#3 childId=b80a4184-5f32-4fba-8aa6-32c36fd4cb87 tok=54212 base=14530 window=215040 pct=0.2521 peak=none
2026-09-23T02:48:39.805Z CTX label=laborer_worker#3 childId=b80a4184-5f32-4fba-8aa6-32c36fd4cb87 tok=54212 base=14530 window=215040 pct=0.2521 peak=none
2026-09-23T02:48:40.805Z CTX label=laborer_worker#3 childId=b80a4184-5f32-4fba-8aa6-32c36fd4cb87 tok=54212 base=14530 window=215040 pct=0.2521 peak=none
2026-09-23T02:48:41.806Z CTX label=laborer_worker#3 childId=b80a4184-5f32-4fba-8aa6-32c36fd4cb87 tok=54212 base=14530 window=215040 pct=0.2521 peak=none
2026-09-23T02:48:42.806Z CTX label=laborer_worker#3 childId=b80a4184-5f32-4fba-8aa6-32c36fd4cb87 tok=54212 base=14530 window=215040 pct=0.2521 peak=none
2026-09-23T02:48:43.807Z CTX label=laborer_worker#3 childId=b80a4184-5f32-4fba-8aa6-32c36fd4cb87 tok=54212 base=14530 window=215040 pct=0.2521 peak=none
2026-09-23T02:48:44.808Z CTX label=laborer_worker#3 childId=b80a4184-5f32-4fba-8aa6-32c36fd4cb87 tok=54212 base=14530 window=215040 pct=0.2521 peak=none
2026-09-23T02:48:45.811Z CTX label=laborer_worker#3 childId=b80a4184-5f32-4fba-8aa6-32c36fd4cb87 tok=54212 base=14530 window=215040 pct=0.2521 peak=none
2026-09-23T02:48:46.810Z CTX label=laborer_worker#3 childId=b80a4184-5f32-4fba-8aa6-32c36fd4cb87 tok=54212 base=14530 window=215040 pct=0.2521 peak=none
2026-09-23T02:48:47.810Z CTX label=laborer_worker#3 childId=b80a4184-5f32-4fba-8aa6-32c36fd4cb87 tok=54212 base=14530 window=215040 pct=0.2521 peak=none
2026-09-23T02:48:48.810Z CTX label=laborer_worker#3 childId=b80a4184-5f32-4fba-8aa6-32c36fd4cb87 tok=54212 base=14530 window=215040 pct=0.2521 peak=none
2026-09-23T02:48:49.812Z CTX label=laborer_worker#3 childId=b80a4184-5f32-4fba-8aa6-32c36fd4cb87 tok=54212 base=14530 window=215040 pct=0.2521 peak=none
2026-09-23T02:48:50.812Z CTX label=laborer_worker#3 childId=b80a4184-5f32-4fba-8aa6-32c36fd4cb87 tok=54212 base=14530 window=215040 pct=0.2521 peak=none
2026-09-23T02:48:51.812Z CTX label=laborer_worker#3 childId=b80a4184-5f32-4fba-8aa6-32c36fd4cb87 tok=56554 base=14530 window=215040 pct=0.2630 peak=none
2026-09-23T02:48:52.813Z CTX label=laborer_worker#3 childId=b80a4184-5f32-4fba-8aa6-32c36fd4cb87 tok=56669 base=14530 window=215040 pct=0.2635 peak=none
2026-09-23T02:48:53.814Z CTX label=laborer_worker#3 childId=b80a4184-5f32-4fba-8aa6-32c36fd4cb87 tok=56704 base=14530 window=215040 pct=0.2637 peak=none
2026-09-23T02:48:54.816Z CTX label=laborer_worker#3 childId=b80a4184-5f32-4fba-8aa6-32c36fd4cb87 tok=59680 base=14530 window=215040 pct=0.2775 peak=none
2026-09-23T02:48:55.816Z CTX label=laborer_worker#3 childId=b80a4184-5f32-4fba-8aa6-32c36fd4cb87 tok=59722 base=14530 window=215040 pct=0.2777 peak=none
2026-09-23T02:48:56.817Z CTX label=laborer_worker#3 childId=b80a4184-5f32-4fba-8aa6-32c36fd4cb87 tok=59809 base=14530 window=215040 pct=0.2781 peak=none
2026-09-23T02:48:57.817Z CTX label=laborer_worker#3 childId=b80a4184-5f32-4fba-8aa6-32c36fd4cb87 tok=60052 base=14530 window=215040 pct=0.2793 peak=none
2026-09-23T02:48:58.818Z CTX label=laborer_worker#3 childId=b80a4184-5f32-4fba-8aa6-32c36fd4cb87 tok=60119 base=14530 window=215040 pct=0.2796 peak=none
2026-09-23T02:48:59.818Z CTX label=laborer_worker#3 childId=b80a4184-5f32-4fba-8aa6-32c36fd4cb87 tok=60225 base=14530 window=215040 pct=0.2801 peak=none
2026-09-23T02:49:00.819Z CTX label=laborer_worker#3 childId=b80a4184-5f32-4fba-8aa6-32c36fd4cb87 tok=60586 base=14530 window=215040 pct=0.2817 peak=none
2026-09-23T02:49:01.820Z CTX label=laborer_worker#3 childId=b80a4184-5f32-4fba-8aa6-32c36fd4cb87 tok=60797 base=14530 window=215040 pct=0.2827 peak=none
2026-09-23T02:49:02.819Z CTX label=laborer_worker#3 childId=b80a4184-5f32-4fba-8aa6-32c36fd4cb87 tok=60981 base=14530 window=215040 pct=0.2836 peak=none
2026-09-23T02:49:03.821Z CTX label=laborer_worker#3 childId=b80a4184-5f32-4fba-8aa6-32c36fd4cb87 tok=61042 base=14530 window=215040 pct=0.2839 peak=none
2026-09-23T02:49:04.821Z CTX label=laborer_worker#3 childId=b80a4184-5f32-4fba-8aa6-32c36fd4cb87 tok=61148 base=14530 window=215040 pct=0.2844 peak=none
2026-09-23T02:49:05.822Z CTX label=laborer_worker#3 childId=b80a4184-5f32-4fba-8aa6-32c36fd4cb87 tok=61258 base=14530 window=215040 pct=0.2849 peak=none
2026-09-23T02:49:06.823Z CTX label=laborer_worker#3 childId=b80a4184-5f32-4fba-8aa6-32c36fd4cb87 tok=61350 base=14530 window=215040 pct=0.2853 peak=none
2026-09-23T02:49:07.823Z CTX label=laborer_worker#3 childId=b80a4184-5f32-4fba-8aa6-32c36fd4cb87 tok=61414 base=14530 window=215040 pct=0.2856 peak=none
2026-09-23T02:49:08.823Z CTX label=laborer_worker#3 childId=b80a4184-5f32-4fba-8aa6-32c36fd4cb87 tok=61667 base=14530 window=215040 pct=0.2868 peak=none
2026-09-23T02:49:09.824Z CTX label=laborer_worker#3 childId=b80a4184-5f32-4fba-8aa6-32c36fd4cb87 tok=61749 base=14530 window=215040 pct=0.2872 peak=none
2026-09-23T02:49:10.823Z CTX label=laborer_worker#3 childId=b80a4184-5f32-4fba-8aa6-32c36fd4cb87 tok=61820 base=14530 window=215040 pct=0.2875 peak=none
2026-09-23T02:49:11.823Z CTX label=laborer_worker#3 childId=b80a4184-5f32-4fba-8aa6-32c36fd4cb87 tok=61955 base=14530 window=215040 pct=0.2881 peak=none
2026-09-23T02:49:12.825Z CTX label=laborer_worker#3 childId=b80a4184-5f32-4fba-8aa6-32c36fd4cb87 tok=61955 base=14530 window=215040 pct=0.2881 peak=none
2026-09-23T02:49:13.825Z CTX label=laborer_worker#3 childId=b80a4184-5f32-4fba-8aa6-32c36fd4cb87 tok=62015 base=14530 window=215040 pct=0.2884 peak=none
2026-09-23T02:49:14.825Z CTX label=laborer_worker#3 childId=b80a4184-5f32-4fba-8aa6-32c36fd4cb87 tok=62228 base=14530 window=215040 pct=0.2894 peak=none
2026-09-23T02:49:15.826Z CTX label=laborer_worker#3 childId=b80a4184-5f32-4fba-8aa6-32c36fd4cb87 tok=62262 base=14530 window=215040 pct=0.2895 peak=none
2026-09-23T02:49:16.826Z CTX label=laborer_worker#3 childId=b80a4184-5f32-4fba-8aa6-32c36fd4cb87 tok=62500 base=14530 window=215040 pct=0.2906 peak=none
2026-09-23T02:49:17.828Z CTX label=laborer_worker#3 childId=b80a4184-5f32-4fba-8aa6-32c36fd4cb87 tok=62507 base=14530 window=215040 pct=0.2907 peak=none
2026-09-23T02:49:18.828Z CTX label=laborer_worker#3 childId=b80a4184-5f32-4fba-8aa6-32c36fd4cb87 tok=62507 base=14530 window=215040 pct=0.2907 peak=none
2026-09-23T02:49:19.829Z CTX label=laborer_worker#3 childId=b80a4184-5f32-4fba-8aa6-32c36fd4cb87 tok=62507 base=14530 window=215040 pct=0.2907 peak=none
2026-09-23T02:49:20.830Z CTX label=laborer_worker#3 childId=b80a4184-5f32-4fba-8aa6-32c36fd4cb87 tok=62507 base=14530 window=215040 pct=0.2907 peak=none
2026-09-23T02:49:21.831Z CTX label=laborer_worker#3 childId=b80a4184-5f32-4fba-8aa6-32c36fd4cb87 tok=63077 base=14530 window=215040 pct=0.2933 peak=none
2026-09-23T02:49:22.831Z CTX label=laborer_worker#3 childId=b80a4184-5f32-4fba-8aa6-32c36fd4cb87 tok=63169 base=14530 window=215040 pct=0.2938 peak=none
2026-09-23T02:49:23.833Z CTX label=laborer_worker#3 childId=b80a4184-5f32-4fba-8aa6-32c36fd4cb87 tok=63169 base=14530 window=215040 pct=0.2938 peak=none
2026-09-23T02:49:24.832Z CTX label=laborer_worker#3 childId=b80a4184-5f32-4fba-8aa6-32c36fd4cb87 tok=63169 base=14530 window=215040 pct=0.2938 peak=none
2026-09-23T02:49:25.834Z CTX label=laborer_worker#3 childId=b80a4184-5f32-4fba-8aa6-32c36fd4cb87 tok=63169 base=14530 window=215040 pct=0.2938 peak=none
2026-09-23T02:49:26.835Z CTX label=laborer_worker#3 childId=b80a4184-5f32-4fba-8aa6-32c36fd4cb87 tok=63169 base=14530 window=215040 pct=0.2938 peak=none
2026-09-23T02:49:27.838Z CTX label=laborer_worker#3 childId=b80a4184-5f32-4fba-8aa6-32c36fd4cb87 tok=63236 base=14530 window=215040 pct=0.2941 peak=none
2026-09-23T02:49:28.839Z CTX label=laborer_worker#3 childId=b80a4184-5f32-4fba-8aa6-32c36fd4cb87 tok=63301 base=14530 window=215040 pct=0.2944 peak=none
2026-09-23T02:49:29.840Z CTX label=laborer_worker#3 childId=b80a4184-5f32-4fba-8aa6-32c36fd4cb87 tok=63401 base=14530 window=215040 pct=0.2948 peak=none
2026-09-23T02:49:30.841Z CTX label=laborer_worker#3 childId=b80a4184-5f32-4fba-8aa6-32c36fd4cb87 tok=63490 base=14530 window=215040 pct=0.2952 peak=none
2026-09-23T02:49:31.841Z CTX label=laborer_worker#3 childId=b80a4184-5f32-4fba-8aa6-32c36fd4cb87 tok=63911 base=14530 window=215040 pct=0.2972 peak=none
2026-09-23T02:49:32.842Z CTX label=laborer_worker#3 childId=b80a4184-5f32-4fba-8aa6-32c36fd4cb87 tok=63911 base=14530 window=215040 pct=0.2972 peak=none
2026-09-23T02:49:33.843Z CTX label=laborer_worker#3 childId=b80a4184-5f32-4fba-8aa6-32c36fd4cb87 tok=63926 base=14530 window=215040 pct=0.2973 peak=none
2026-09-23T02:49:34.843Z CTX label=laborer_worker#3 childId=b80a4184-5f32-4fba-8aa6-32c36fd4cb87 tok=64025 base=14530 window=215040 pct=0.2977 peak=none
2026-09-23T02:49:35.844Z CTX label=laborer_worker#3 childId=b80a4184-5f32-4fba-8aa6-32c36fd4cb87 tok=64113 base=14530 window=215040 pct=0.2981 peak=none
2026-09-23T02:49:36.844Z CTX label=laborer_worker#3 childId=b80a4184-5f32-4fba-8aa6-32c36fd4cb87 tok=64209 base=14530 window=215040 pct=0.2986 peak=none
2026-09-23T02:49:37.845Z CTX label=laborer_worker#3 childId=b80a4184-5f32-4fba-8aa6-32c36fd4cb87 tok=64283 base=14530 window=215040 pct=0.2989 peak=none
2026-09-23T02:49:38.846Z CTX label=laborer_worker#3 childId=b80a4184-5f32-4fba-8aa6-32c36fd4cb87 tok=64373 base=14530 window=215040 pct=0.2994 peak=none
2026-09-23T02:49:39.847Z CTX label=laborer_worker#3 childId=b80a4184-5f32-4fba-8aa6-32c36fd4cb87 tok=64443 base=14530 window=215040 pct=0.2997 peak=none
2026-09-23T02:49:40.848Z CTX label=laborer_worker#3 childId=b80a4184-5f32-4fba-8aa6-32c36fd4cb87 tok=64560 base=14530 window=215040 pct=0.3002 peak=none
2026-09-23T02:49:41.850Z CTX label=laborer_worker#3 childId=b80a4184-5f32-4fba-8aa6-32c36fd4cb87 tok=64639 base=14530 window=215040 pct=0.3006 peak=none
2026-09-23T02:49:42.850Z CTX label=laborer_worker#3 childId=b80a4184-5f32-4fba-8aa6-32c36fd4cb87 tok=64729 base=14530 window=215040 pct=0.3010 peak=none
2026-09-23T02:49:43.851Z CTX label=laborer_worker#3 childId=b80a4184-5f32-4fba-8aa6-32c36fd4cb87 tok=64828 base=14530 window=215040 pct=0.3015 peak=none
2026-09-23T02:49:44.851Z CTX label=laborer_worker#3 childId=b80a4184-5f32-4fba-8aa6-32c36fd4cb87 tok=64909 base=14530 window=215040 pct=0.3018 peak=none
2026-09-23T02:49:45.853Z CTX label=laborer_worker#3 childId=b80a4184-5f32-4fba-8aa6-32c36fd4cb87 tok=65003 base=14530 window=215040 pct=0.3023 peak=none
2026-09-23T02:49:46.856Z CTX label=laborer_worker#3 childId=b80a4184-5f32-4fba-8aa6-32c36fd4cb87 tok=65054 base=14530 window=215040 pct=0.3025 peak=none
2026-09-23T02:49:47.856Z CTX label=laborer_worker#3 childId=b80a4184-5f32-4fba-8aa6-32c36fd4cb87 tok=65054 base=14530 window=215040 pct=0.3025 peak=none
2026-09-23T02:49:48.857Z CTX label=laborer_worker#3 childId=b80a4184-5f32-4fba-8aa6-32c36fd4cb87 tok=65054 base=14530 window=215040 pct=0.3025 peak=none
2026-09-23T02:49:49.857Z CTX label=laborer_worker#3 childId=b80a4184-5f32-4fba-8aa6-32c36fd4cb87 tok=65054 base=14530 window=215040 pct=0.3025 peak=none
2026-09-23T02:49:50.858Z CTX label=laborer_worker#3 childId=b80a4184-5f32-4fba-8aa6-32c36fd4cb87 tok=65451 base=14530 window=215040 pct=0.3044 peak=none
2026-09-23T02:49:51.858Z CTX label=laborer_worker#3 childId=b80a4184-5f32-4fba-8aa6-32c36fd4cb87 tok=66717 base=14530 window=215040 pct=0.3103 peak=none
2026-09-23T02:49:52.859Z CTX label=laborer_worker#3 childId=b80a4184-5f32-4fba-8aa6-32c36fd4cb87 tok=66717 base=14530 window=215040 pct=0.3103 peak=none
2026-09-23T02:49:53.860Z CTX label=laborer_worker#3 childId=b80a4184-5f32-4fba-8aa6-32c36fd4cb87 tok=66717 base=14530 window=215040 pct=0.3103 peak=none
2026-09-23T02:49:54.861Z CTX label=laborer_worker#3 childId=b80a4184-5f32-4fba-8aa6-32c36fd4cb87 tok=66717 base=14530 window=215040 pct=0.3103 peak=none
2026-09-23T02:49:55.862Z CTX label=laborer_worker#3 childId=b80a4184-5f32-4fba-8aa6-32c36fd4cb87 tok=66717 base=14530 window=215040 pct=0.3103 peak=none
2026-09-23T02:49:56.863Z CTX label=laborer_worker#3 childId=b80a4184-5f32-4fba-8aa6-32c36fd4cb87 tok=66736 base=14530 window=215040 pct=0.3103 peak=none
2026-09-23T02:49:57.865Z CTX label=laborer_worker#3 childId=b80a4184-5f32-4fba-8aa6-32c36fd4cb87 tok=66757 base=14530 window=215040 pct=0.3104 peak=none
2026-09-23T02:49:58.865Z CTX label=laborer_worker#3 childId=b80a4184-5f32-4fba-8aa6-32c36fd4cb87 tok=66840 base=14530 window=215040 pct=0.3108 peak=none
2026-09-23T02:49:59.866Z CTX label=laborer_worker#3 childId=b80a4184-5f32-4fba-8aa6-32c36fd4cb87 tok=67121 base=14530 window=215040 pct=0.3121 peak=none
2026-09-23T02:50:00.868Z CTX label=laborer_worker#3 childId=b80a4184-5f32-4fba-8aa6-32c36fd4cb87 tok=67121 base=14530 window=215040 pct=0.3121 peak=none
2026-09-23T02:50:01.868Z CTX label=laborer_worker#3 childId=b80a4184-5f32-4fba-8aa6-32c36fd4cb87 tok=67157 base=14530 window=215040 pct=0.3123 peak=none
2026-09-23T02:50:02.868Z CTX label=laborer_worker#3 childId=b80a4184-5f32-4fba-8aa6-32c36fd4cb87 tok=67244 base=14530 window=215040 pct=0.3127 peak=none
2026-09-23T02:50:03.869Z CTX label=laborer_worker#3 childId=b80a4184-5f32-4fba-8aa6-32c36fd4cb87 tok=67329 base=14530 window=215040 pct=0.3131 peak=none
2026-09-23T02:50:04.869Z CTX label=laborer_worker#3 childId=b80a4184-5f32-4fba-8aa6-32c36fd4cb87 tok=67427 base=14530 window=215040 pct=0.3136 peak=none
2026-09-23T02:50:05.875Z CTX label=laborer_worker#3 childId=b80a4184-5f32-4fba-8aa6-32c36fd4cb87 tok=67515 base=14530 window=215040 pct=0.3140 peak=none
2026-09-23T02:50:06.875Z CTX label=laborer_worker#3 childId=b80a4184-5f32-4fba-8aa6-32c36fd4cb87 tok=67604 base=14530 window=215040 pct=0.3144 peak=none
2026-09-23T02:50:07.878Z CTX label=laborer_worker#3 childId=b80a4184-5f32-4fba-8aa6-32c36fd4cb87 tok=67714 base=14530 window=215040 pct=0.3149 peak=none
2026-09-23T02:50:08.878Z CTX label=laborer_worker#3 childId=b80a4184-5f32-4fba-8aa6-32c36fd4cb87 tok=69003 base=14530 window=215040 pct=0.3209 peak=none
2026-09-23T02:50:09.878Z CTX label=laborer_worker#3 childId=b80a4184-5f32-4fba-8aa6-32c36fd4cb87 tok=69043 base=14530 window=215040 pct=0.3211 peak=none
2026-09-23T02:50:10.879Z CTX label=laborer_worker#3 childId=b80a4184-5f32-4fba-8aa6-32c36fd4cb87 tok=69048 base=14530 window=215040 pct=0.3211 peak=none
2026-09-23T02:50:11.880Z CTX label=laborer_worker#3 childId=b80a4184-5f32-4fba-8aa6-32c36fd4cb87 tok=69124 base=14530 window=215040 pct=0.3214 peak=none
2026-09-23T02:50:12.881Z CTX label=laborer_worker#3 childId=b80a4184-5f32-4fba-8aa6-32c36fd4cb87 tok=69232 base=14530 window=215040 pct=0.3219 peak=none
2026-09-23T02:50:13.882Z CTX label=laborer_worker#3 childId=b80a4184-5f32-4fba-8aa6-32c36fd4cb87 tok=69257 base=14530 window=215040 pct=0.3221 peak=none
2026-09-23T02:50:14.883Z CTX label=laborer_worker#3 childId=b80a4184-5f32-4fba-8aa6-32c36fd4cb87 tok=69910 base=14530 window=215040 pct=0.3251 peak=none
2026-09-23T02:50:15.884Z CTX label=laborer_worker#3 childId=b80a4184-5f32-4fba-8aa6-32c36fd4cb87 tok=69910 base=14530 window=215040 pct=0.3251 peak=none
2026-09-23T02:50:16.885Z CTX label=laborer_worker#3 childId=b80a4184-5f32-4fba-8aa6-32c36fd4cb87 tok=69979 base=14530 window=215040 pct=0.3254 peak=none
2026-09-23T02:50:17.886Z CTX label=laborer_worker#3 childId=b80a4184-5f32-4fba-8aa6-32c36fd4cb87 tok=70080 base=14530 window=215040 pct=0.3259 peak=none
2026-09-23T02:50:18.887Z CTX label=laborer_worker#3 childId=b80a4184-5f32-4fba-8aa6-32c36fd4cb87 tok=70191 base=14530 window=215040 pct=0.3264 peak=none
2026-09-23T02:50:19.887Z CTX label=laborer_worker#3 childId=b80a4184-5f32-4fba-8aa6-32c36fd4cb87 tok=70277 base=14530 window=215040 pct=0.3268 peak=none
2026-09-23T02:50:20.889Z CTX label=laborer_worker#3 childId=b80a4184-5f32-4fba-8aa6-32c36fd4cb87 tok=70344 base=14530 window=215040 pct=0.3271 peak=none
2026-09-23T02:50:21.889Z CTX label=laborer_worker#3 childId=b80a4184-5f32-4fba-8aa6-32c36fd4cb87 tok=70401 base=14530 window=215040 pct=0.3274 peak=none
2026-09-23T02:50:22.890Z CTX label=laborer_worker#3 childId=b80a4184-5f32-4fba-8aa6-32c36fd4cb87 tok=70474 base=14530 window=215040 pct=0.3277 peak=none
2026-09-23T02:50:23.891Z CTX label=laborer_worker#3 childId=b80a4184-5f32-4fba-8aa6-32c36fd4cb87 tok=70557 base=14530 window=215040 pct=0.3281 peak=none
2026-09-23T02:50:24.891Z CTX label=laborer_worker#3 childId=b80a4184-5f32-4fba-8aa6-32c36fd4cb87 tok=70644 base=14530 window=215040 pct=0.3285 peak=none
2026-09-23T02:50:25.892Z CTX label=laborer_worker#3 childId=b80a4184-5f32-4fba-8aa6-32c36fd4cb87 tok=70759 base=14530 window=215040 pct=0.3291 peak=none
2026-09-23T02:50:26.893Z CTX label=laborer_worker#3 childId=b80a4184-5f32-4fba-8aa6-32c36fd4cb87 tok=70821 base=14530 window=215040 pct=0.3293 peak=none
2026-09-23T02:50:27.893Z CTX label=laborer_worker#3 childId=b80a4184-5f32-4fba-8aa6-32c36fd4cb87 tok=70931 base=14530 window=215040 pct=0.3299 peak=none
2026-09-23T02:50:28.894Z CTX label=laborer_worker#3 childId=b80a4184-5f32-4fba-8aa6-32c36fd4cb87 tok=71025 base=14530 window=215040 pct=0.3303 peak=none
2026-09-23T02:50:29.895Z CTX label=laborer_worker#3 childId=b80a4184-5f32-4fba-8aa6-32c36fd4cb87 tok=71112 base=14530 window=215040 pct=0.3307 peak=none
2026-09-23T02:50:30.894Z CTX label=laborer_worker#3 childId=b80a4184-5f32-4fba-8aa6-32c36fd4cb87 tok=71212 base=14530 window=215040 pct=0.3312 peak=none
2026-09-23T02:50:31.895Z CTX label=laborer_worker#3 childId=b80a4184-5f32-4fba-8aa6-32c36fd4cb87 tok=71290 base=14530 window=215040 pct=0.3315 peak=none
2026-09-23T02:50:32.896Z CTX label=laborer_worker#3 childId=b80a4184-5f32-4fba-8aa6-32c36fd4cb87 tok=71290 base=14530 window=215040 pct=0.3315 peak=none
2026-09-23T02:50:33.898Z CTX label=laborer_worker#3 childId=b80a4184-5f32-4fba-8aa6-32c36fd4cb87 tok=71290 base=14530 window=215040 pct=0.3315 peak=none
2026-09-23T02:50:34.899Z CTX label=laborer_worker#3 childId=b80a4184-5f32-4fba-8aa6-32c36fd4cb87 tok=71290 base=14530 window=215040 pct=0.3315 peak=none
2026-09-23T02:50:35.899Z CTX label=laborer_worker#3 childId=b80a4184-5f32-4fba-8aa6-32c36fd4cb87 tok=71290 base=14530 window=215040 pct=0.3315 peak=none
2026-09-23T02:50:36.900Z CTX label=laborer_worker#3 childId=b80a4184-5f32-4fba-8aa6-32c36fd4cb87 tok=71290 base=14530 window=215040 pct=0.3315 peak=none
2026-09-23T02:50:37.901Z CTX label=laborer_worker#3 childId=b80a4184-5f32-4fba-8aa6-32c36fd4cb87 tok=71290 base=14530 window=215040 pct=0.3315 peak=none
2026-09-23T02:50:38.902Z CTX label=laborer_worker#3 childId=b80a4184-5f32-4fba-8aa6-32c36fd4cb87 tok=71290 base=14530 window=215040 pct=0.3315 peak=none
2026-09-23T02:50:39.903Z CTX label=laborer_worker#3 childId=b80a4184-5f32-4fba-8aa6-32c36fd4cb87 tok=72047 base=14530 window=215040 pct=0.3350 peak=none
2026-09-23T02:50:40.905Z CTX label=laborer_worker#3 childId=b80a4184-5f32-4fba-8aa6-32c36fd4cb87 tok=72060 base=14530 window=215040 pct=0.3351 peak=none
2026-09-23T02:50:41.905Z CTX label=laborer_worker#3 childId=b80a4184-5f32-4fba-8aa6-32c36fd4cb87 tok=72851 base=14530 window=215040 pct=0.3388 peak=none
2026-09-23T02:50:42.906Z CTX label=laborer_worker#3 childId=b80a4184-5f32-4fba-8aa6-32c36fd4cb87 tok=72865 base=14530 window=215040 pct=0.3388 peak=none
2026-09-23T02:50:43.906Z CTX label=laborer_worker#3 childId=b80a4184-5f32-4fba-8aa6-32c36fd4cb87 tok=72978 base=14530 window=215040 pct=0.3394 peak=none
2026-09-23T02:50:44.908Z CTX label=laborer_worker#3 childId=b80a4184-5f32-4fba-8aa6-32c36fd4cb87 tok=73120 base=14530 window=215040 pct=0.3400 peak=none
2026-09-23T02:50:45.909Z CTX label=laborer_worker#3 childId=b80a4184-5f32-4fba-8aa6-32c36fd4cb87 tok=73299 base=14530 window=215040 pct=0.3409 peak=none
2026-09-23T02:50:46.910Z CTX label=laborer_worker#3 childId=b80a4184-5f32-4fba-8aa6-32c36fd4cb87 tok=73443 base=14530 window=215040 pct=0.3415 peak=none
2026-09-23T02:50:47.910Z CTX label=laborer_worker#3 childId=b80a4184-5f32-4fba-8aa6-32c36fd4cb87 tok=73561 base=14530 window=215040 pct=0.3421 peak=none
2026-09-23T02:50:48.913Z CTX label=laborer_worker#3 childId=b80a4184-5f32-4fba-8aa6-32c36fd4cb87 tok=73691 base=14530 window=215040 pct=0.3427 peak=none
2026-09-23T02:50:49.055Z WF-END meta=gvs-solve childId=b80a4184-5f32-4fba-8aa6-32c36fd4cb87 outcome=completed
2026-09-23T02:50:49.055Z END label=laborer_worker#3 childId=b80a4184-5f32-4fba-8aa6-32c36fd4cb87 peak=none base=14530
2026-09-23T02:50:49.141Z START meta=gvs-solve label=check_worker#3 phase=solve childId=e2d426b9-7710-47b0-8f70-13e44e07036b
2026-09-23T02:50:49.141Z GOT agent=true status=running label=check_worker#3 sess=e2d426b9-7710-47b0-8f70-13e44e07036b
2026-09-23T02:50:49.141Z CHECK-INJECT grade=none
2026-09-23T02:52:05.264Z WF-END meta=gvs-solve childId=e2d426b9-7710-47b0-8f70-13e44e07036b outcome=completed
2026-09-23T02:52:05.360Z START meta=gvs-solve label=decision_manager#4 phase=solve childId=82bfabd2-2024-445a-b578-75a09a94a5e6
2026-09-23T02:52:05.360Z GOT agent=true status=running label=decision_manager#4 sess=82bfabd2-2024-445a-b578-75a09a94a5e6
2026-09-23T02:53:17.407Z WF-END meta=gvs-solve childId=82bfabd2-2024-445a-b578-75a09a94a5e6 outcome=completed
2026-09-23T02:53:17.504Z START meta=gvs-solve label=laborer_worker#4 phase=solve childId=e0b623fd-f03e-4dbf-8d5d-1cbc3a18f922
2026-09-23T02:53:17.504Z GOT agent=true status=running label=laborer_worker#4 sess=e0b623fd-f03e-4dbf-8d5d-1cbc3a18f922
2026-09-23T02:53:17.504Z CTX label=laborer_worker#4 childId=e0b623fd-f03e-4dbf-8d5d-1cbc3a18f922 tok=0 base=0 window=0 pct=0.0000 peak=none
2026-09-23T02:53:18.507Z CTX label=laborer_worker#4 childId=e0b623fd-f03e-4dbf-8d5d-1cbc3a18f922 tok=14453 base=0 window=215040 pct=0.0672 peak=none
2026-09-23T02:53:18.507Z BASE label=laborer_worker#4 childId=e0b623fd-f03e-4dbf-8d5d-1cbc3a18f922 base=14453 window=215040
2026-09-23T02:53:19.506Z CTX label=laborer_worker#4 childId=e0b623fd-f03e-4dbf-8d5d-1cbc3a18f922 tok=14453 base=14453 window=215040 pct=0.0672 peak=none
2026-09-23T02:53:20.508Z CTX label=laborer_worker#4 childId=e0b623fd-f03e-4dbf-8d5d-1cbc3a18f922 tok=14453 base=14453 window=215040 pct=0.0672 peak=none
2026-09-23T02:53:21.509Z CTX label=laborer_worker#4 childId=e0b623fd-f03e-4dbf-8d5d-1cbc3a18f922 tok=14453 base=14453 window=215040 pct=0.0672 peak=none
2026-09-23T02:53:22.507Z CTX label=laborer_worker#4 childId=e0b623fd-f03e-4dbf-8d5d-1cbc3a18f922 tok=14453 base=14453 window=215040 pct=0.0672 peak=none
2026-09-23T02:53:23.507Z CTX label=laborer_worker#4 childId=e0b623fd-f03e-4dbf-8d5d-1cbc3a18f922 tok=14471 base=14453 window=215040 pct=0.0673 peak=none
2026-09-23T02:53:24.509Z CTX label=laborer_worker#4 childId=e0b623fd-f03e-4dbf-8d5d-1cbc3a18f922 tok=17695 base=14453 window=215040 pct=0.0823 peak=none
2026-09-23T02:53:25.509Z CTX label=laborer_worker#4 childId=e0b623fd-f03e-4dbf-8d5d-1cbc3a18f922 tok=17705 base=14453 window=215040 pct=0.0823 peak=none
2026-09-23T02:53:26.508Z CTX label=laborer_worker#4 childId=e0b623fd-f03e-4dbf-8d5d-1cbc3a18f922 tok=17761 base=14453 window=215040 pct=0.0826 peak=none
2026-09-23T02:53:27.509Z CTX label=laborer_worker#4 childId=e0b623fd-f03e-4dbf-8d5d-1cbc3a18f922 tok=18510 base=14453 window=215040 pct=0.0861 peak=none
2026-09-23T02:53:28.510Z CTX label=laborer_worker#4 childId=e0b623fd-f03e-4dbf-8d5d-1cbc3a18f922 tok=20144 base=14453 window=215040 pct=0.0937 peak=none
2026-09-23T02:53:29.511Z CTX label=laborer_worker#4 childId=e0b623fd-f03e-4dbf-8d5d-1cbc3a18f922 tok=20144 base=14453 window=215040 pct=0.0937 peak=none
2026-09-23T02:53:30.512Z CTX label=laborer_worker#4 childId=e0b623fd-f03e-4dbf-8d5d-1cbc3a18f922 tok=20175 base=14453 window=215040 pct=0.0938 peak=none
2026-09-23T02:53:31.511Z CTX label=laborer_worker#4 childId=e0b623fd-f03e-4dbf-8d5d-1cbc3a18f922 tok=22633 base=14453 window=215040 pct=0.1053 peak=none
2026-09-23T02:53:32.514Z CTX label=laborer_worker#4 childId=e0b623fd-f03e-4dbf-8d5d-1cbc3a18f922 tok=22633 base=14453 window=215040 pct=0.1053 peak=none
2026-09-23T02:53:33.516Z CTX label=laborer_worker#4 childId=e0b623fd-f03e-4dbf-8d5d-1cbc3a18f922 tok=22668 base=14453 window=215040 pct=0.1054 peak=none
2026-09-23T02:53:34.515Z CTX label=laborer_worker#4 childId=e0b623fd-f03e-4dbf-8d5d-1cbc3a18f922 tok=24879 base=14453 window=215040 pct=0.1157 peak=none
2026-09-23T02:53:35.518Z CTX label=laborer_worker#4 childId=e0b623fd-f03e-4dbf-8d5d-1cbc3a18f922 tok=24879 base=14453 window=215040 pct=0.1157 peak=none
2026-09-23T02:53:36.516Z CTX label=laborer_worker#4 childId=e0b623fd-f03e-4dbf-8d5d-1cbc3a18f922 tok=28614 base=14453 window=215040 pct=0.1331 peak=none
2026-09-23T02:53:37.517Z CTX label=laborer_worker#4 childId=e0b623fd-f03e-4dbf-8d5d-1cbc3a18f922 tok=28614 base=14453 window=215040 pct=0.1331 peak=none
2026-09-23T02:53:38.517Z CTX label=laborer_worker#4 childId=e0b623fd-f03e-4dbf-8d5d-1cbc3a18f922 tok=28614 base=14453 window=215040 pct=0.1331 peak=none
2026-09-23T02:53:39.517Z CTX label=laborer_worker#4 childId=e0b623fd-f03e-4dbf-8d5d-1cbc3a18f922 tok=28614 base=14453 window=215040 pct=0.1331 peak=none
2026-09-23T02:53:40.518Z CTX label=laborer_worker#4 childId=e0b623fd-f03e-4dbf-8d5d-1cbc3a18f922 tok=28614 base=14453 window=215040 pct=0.1331 peak=none
2026-09-23T02:53:41.519Z CTX label=laborer_worker#4 childId=e0b623fd-f03e-4dbf-8d5d-1cbc3a18f922 tok=28615 base=14453 window=215040 pct=0.1331 peak=none
2026-09-23T02:53:42.518Z CTX label=laborer_worker#4 childId=e0b623fd-f03e-4dbf-8d5d-1cbc3a18f922 tok=28650 base=14453 window=215040 pct=0.1332 peak=none
2026-09-23T02:53:43.521Z CTX label=laborer_worker#4 childId=e0b623fd-f03e-4dbf-8d5d-1cbc3a18f922 tok=34496 base=14453 window=215040 pct=0.1604 peak=none
2026-09-23T02:53:44.521Z CTX label=laborer_worker#4 childId=e0b623fd-f03e-4dbf-8d5d-1cbc3a18f922 tok=34496 base=14453 window=215040 pct=0.1604 peak=none
2026-09-23T02:53:45.521Z CTX label=laborer_worker#4 childId=e0b623fd-f03e-4dbf-8d5d-1cbc3a18f922 tok=34496 base=14453 window=215040 pct=0.1604 peak=none
2026-09-23T02:53:46.522Z CTX label=laborer_worker#4 childId=e0b623fd-f03e-4dbf-8d5d-1cbc3a18f922 tok=34496 base=14453 window=215040 pct=0.1604 peak=none
2026-09-23T02:53:47.525Z CTX label=laborer_worker#4 childId=e0b623fd-f03e-4dbf-8d5d-1cbc3a18f922 tok=34496 base=14453 window=215040 pct=0.1604 peak=none
2026-09-23T02:53:48.525Z CTX label=laborer_worker#4 childId=e0b623fd-f03e-4dbf-8d5d-1cbc3a18f922 tok=34531 base=14453 window=215040 pct=0.1606 peak=none
2026-09-23T02:53:49.524Z CTX label=laborer_worker#4 childId=e0b623fd-f03e-4dbf-8d5d-1cbc3a18f922 tok=34608 base=14453 window=215040 pct=0.1609 peak=none
2026-09-23T02:53:50.525Z CTX label=laborer_worker#4 childId=e0b623fd-f03e-4dbf-8d5d-1cbc3a18f922 tok=34702 base=14453 window=215040 pct=0.1614 peak=none
2026-09-23T02:53:51.527Z CTX label=laborer_worker#4 childId=e0b623fd-f03e-4dbf-8d5d-1cbc3a18f922 tok=34783 base=14453 window=215040 pct=0.1618 peak=none
2026-09-23T02:53:52.528Z CTX label=laborer_worker#4 childId=e0b623fd-f03e-4dbf-8d5d-1cbc3a18f922 tok=34861 base=14453 window=215040 pct=0.1621 peak=none
2026-09-23T02:53:53.529Z CTX label=laborer_worker#4 childId=e0b623fd-f03e-4dbf-8d5d-1cbc3a18f922 tok=34956 base=14453 window=215040 pct=0.1626 peak=none
2026-09-23T02:53:54.530Z CTX label=laborer_worker#4 childId=e0b623fd-f03e-4dbf-8d5d-1cbc3a18f922 tok=35035 base=14453 window=215040 pct=0.1629 peak=none
2026-09-23T02:53:55.531Z CTX label=laborer_worker#4 childId=e0b623fd-f03e-4dbf-8d5d-1cbc3a18f922 tok=35121 base=14453 window=215040 pct=0.1633 peak=none
2026-09-23T02:53:56.532Z CTX label=laborer_worker#4 childId=e0b623fd-f03e-4dbf-8d5d-1cbc3a18f922 tok=35195 base=14453 window=215040 pct=0.1637 peak=none
2026-09-23T02:53:57.532Z CTX label=laborer_worker#4 childId=e0b623fd-f03e-4dbf-8d5d-1cbc3a18f922 tok=35281 base=14453 window=215040 pct=0.1641 peak=none
2026-09-23T02:53:58.534Z CTX label=laborer_worker#4 childId=e0b623fd-f03e-4dbf-8d5d-1cbc3a18f922 tok=35360 base=14453 window=215040 pct=0.1644 peak=none
2026-09-23T02:53:59.534Z CTX label=laborer_worker#4 childId=e0b623fd-f03e-4dbf-8d5d-1cbc3a18f922 tok=35444 base=14453 window=215040 pct=0.1648 peak=none
2026-09-23T02:54:00.535Z CTX label=laborer_worker#4 childId=e0b623fd-f03e-4dbf-8d5d-1cbc3a18f922 tok=35533 base=14453 window=215040 pct=0.1652 peak=none
2026-09-23T02:54:01.537Z CTX label=laborer_worker#4 childId=e0b623fd-f03e-4dbf-8d5d-1cbc3a18f922 tok=35618 base=14453 window=215040 pct=0.1656 peak=none
2026-09-23T02:54:02.537Z CTX label=laborer_worker#4 childId=e0b623fd-f03e-4dbf-8d5d-1cbc3a18f922 tok=35688 base=14453 window=215040 pct=0.1660 peak=none
2026-09-23T02:54:03.537Z CTX label=laborer_worker#4 childId=e0b623fd-f03e-4dbf-8d5d-1cbc3a18f922 tok=35748 base=14453 window=215040 pct=0.1662 peak=none
2026-09-23T02:54:04.538Z CTX label=laborer_worker#4 childId=e0b623fd-f03e-4dbf-8d5d-1cbc3a18f922 tok=35838 base=14453 window=215040 pct=0.1667 peak=none
2026-09-23T02:54:05.540Z CTX label=laborer_worker#4 childId=e0b623fd-f03e-4dbf-8d5d-1cbc3a18f922 tok=35902 base=14453 window=215040 pct=0.1670 peak=none
2026-09-23T02:54:06.540Z CTX label=laborer_worker#4 childId=e0b623fd-f03e-4dbf-8d5d-1cbc3a18f922 tok=35975 base=14453 window=215040 pct=0.1673 peak=none
2026-09-23T02:54:07.541Z CTX label=laborer_worker#4 childId=e0b623fd-f03e-4dbf-8d5d-1cbc3a18f922 tok=36088 base=14453 window=215040 pct=0.1678 peak=none
2026-09-23T02:54:08.543Z CTX label=laborer_worker#4 childId=e0b623fd-f03e-4dbf-8d5d-1cbc3a18f922 tok=36162 base=14453 window=215040 pct=0.1682 peak=none
2026-09-23T02:54:09.543Z CTX label=laborer_worker#4 childId=e0b623fd-f03e-4dbf-8d5d-1cbc3a18f922 tok=36240 base=14453 window=215040 pct=0.1685 peak=none
2026-09-23T02:54:10.544Z CTX label=laborer_worker#4 childId=e0b623fd-f03e-4dbf-8d5d-1cbc3a18f922 tok=36337 base=14453 window=215040 pct=0.1690 peak=none
2026-09-23T02:54:11.545Z CTX label=laborer_worker#4 childId=e0b623fd-f03e-4dbf-8d5d-1cbc3a18f922 tok=36425 base=14453 window=215040 pct=0.1694 peak=none
2026-09-23T02:54:12.545Z CTX label=laborer_worker#4 childId=e0b623fd-f03e-4dbf-8d5d-1cbc3a18f922 tok=36519 base=14453 window=215040 pct=0.1698 peak=none
2026-09-23T02:54:13.546Z CTX label=laborer_worker#4 childId=e0b623fd-f03e-4dbf-8d5d-1cbc3a18f922 tok=36600 base=14453 window=215040 pct=0.1702 peak=none
2026-09-23T02:54:14.545Z CTX label=laborer_worker#4 childId=e0b623fd-f03e-4dbf-8d5d-1cbc3a18f922 tok=36704 base=14453 window=215040 pct=0.1707 peak=none
2026-09-23T02:54:15.546Z CTX label=laborer_worker#4 childId=e0b623fd-f03e-4dbf-8d5d-1cbc3a18f922 tok=36781 base=14453 window=215040 pct=0.1710 peak=none
2026-09-23T02:54:16.548Z CTX label=laborer_worker#4 childId=e0b623fd-f03e-4dbf-8d5d-1cbc3a18f922 tok=36871 base=14453 window=215040 pct=0.1715 peak=none
2026-09-23T02:54:17.547Z CTX label=laborer_worker#4 childId=e0b623fd-f03e-4dbf-8d5d-1cbc3a18f922 tok=36958 base=14453 window=215040 pct=0.1719 peak=none
2026-09-23T02:54:18.549Z CTX label=laborer_worker#4 childId=e0b623fd-f03e-4dbf-8d5d-1cbc3a18f922 tok=37054 base=14453 window=215040 pct=0.1723 peak=none
2026-09-23T02:54:19.549Z CTX label=laborer_worker#4 childId=e0b623fd-f03e-4dbf-8d5d-1cbc3a18f922 tok=37123 base=14453 window=215040 pct=0.1726 peak=none
2026-09-23T02:54:20.548Z CTX label=laborer_worker#4 childId=e0b623fd-f03e-4dbf-8d5d-1cbc3a18f922 tok=37207 base=14453 window=215040 pct=0.1730 peak=none
2026-09-23T02:54:21.549Z CTX label=laborer_worker#4 childId=e0b623fd-f03e-4dbf-8d5d-1cbc3a18f922 tok=37264 base=14453 window=215040 pct=0.1733 peak=none
2026-09-23T02:54:22.549Z CTX label=laborer_worker#4 childId=e0b623fd-f03e-4dbf-8d5d-1cbc3a18f922 tok=37373 base=14453 window=215040 pct=0.1738 peak=none
2026-09-23T02:54:23.550Z CTX label=laborer_worker#4 childId=e0b623fd-f03e-4dbf-8d5d-1cbc3a18f922 tok=37494 base=14453 window=215040 pct=0.1744 peak=none
2026-09-23T02:54:24.553Z CTX label=laborer_worker#4 childId=e0b623fd-f03e-4dbf-8d5d-1cbc3a18f922 tok=37561 base=14453 window=215040 pct=0.1747 peak=none
2026-09-23T02:54:25.553Z CTX label=laborer_worker#4 childId=e0b623fd-f03e-4dbf-8d5d-1cbc3a18f922 tok=37634 base=14453 window=215040 pct=0.1750 peak=none
2026-09-23T02:54:26.552Z CTX label=laborer_worker#4 childId=e0b623fd-f03e-4dbf-8d5d-1cbc3a18f922 tok=37708 base=14453 window=215040 pct=0.1754 peak=none
2026-09-23T02:54:27.552Z CTX label=laborer_worker#4 childId=e0b623fd-f03e-4dbf-8d5d-1cbc3a18f922 tok=37782 base=14453 window=215040 pct=0.1757 peak=none
2026-09-23T02:54:28.554Z CTX label=laborer_worker#4 childId=e0b623fd-f03e-4dbf-8d5d-1cbc3a18f922 tok=37844 base=14453 window=215040 pct=0.1760 peak=none
2026-09-23T02:54:29.557Z CTX label=laborer_worker#4 childId=e0b623fd-f03e-4dbf-8d5d-1cbc3a18f922 tok=37935 base=14453 window=215040 pct=0.1764 peak=none
2026-09-23T02:54:30.558Z CTX label=laborer_worker#4 childId=e0b623fd-f03e-4dbf-8d5d-1cbc3a18f922 tok=38020 base=14453 window=215040 pct=0.1768 peak=none
2026-09-23T02:54:31.557Z CTX label=laborer_worker#4 childId=e0b623fd-f03e-4dbf-8d5d-1cbc3a18f922 tok=38097 base=14453 window=215040 pct=0.1772 peak=none
2026-09-23T02:54:32.558Z CTX label=laborer_worker#4 childId=e0b623fd-f03e-4dbf-8d5d-1cbc3a18f922 tok=38181 base=14453 window=215040 pct=0.1776 peak=none
2026-09-23T02:54:33.559Z CTX label=laborer_worker#4 childId=e0b623fd-f03e-4dbf-8d5d-1cbc3a18f922 tok=38263 base=14453 window=215040 pct=0.1779 peak=none
2026-09-23T02:54:34.559Z CTX label=laborer_worker#4 childId=e0b623fd-f03e-4dbf-8d5d-1cbc3a18f922 tok=38349 base=14453 window=215040 pct=0.1783 peak=none
2026-09-23T02:54:35.560Z CTX label=laborer_worker#4 childId=e0b623fd-f03e-4dbf-8d5d-1cbc3a18f922 tok=38416 base=14453 window=215040 pct=0.1786 peak=none
2026-09-23T02:54:36.561Z CTX label=laborer_worker#4 childId=e0b623fd-f03e-4dbf-8d5d-1cbc3a18f922 tok=38517 base=14453 window=215040 pct=0.1791 peak=none
2026-09-23T02:54:37.562Z CTX label=laborer_worker#4 childId=e0b623fd-f03e-4dbf-8d5d-1cbc3a18f922 tok=38586 base=14453 window=215040 pct=0.1794 peak=none
2026-09-23T02:54:38.563Z CTX label=laborer_worker#4 childId=e0b623fd-f03e-4dbf-8d5d-1cbc3a18f922 tok=38668 base=14453 window=215040 pct=0.1798 peak=none
2026-09-23T02:54:39.564Z CTX label=laborer_worker#4 childId=e0b623fd-f03e-4dbf-8d5d-1cbc3a18f922 tok=38743 base=14453 window=215040 pct=0.1802 peak=none
2026-09-23T02:54:40.565Z CTX label=laborer_worker#4 childId=e0b623fd-f03e-4dbf-8d5d-1cbc3a18f922 tok=38810 base=14453 window=215040 pct=0.1805 peak=none
2026-09-23T02:54:41.567Z CTX label=laborer_worker#4 childId=e0b623fd-f03e-4dbf-8d5d-1cbc3a18f922 tok=38882 base=14453 window=215040 pct=0.1808 peak=none
2026-09-23T02:54:42.568Z CTX label=laborer_worker#4 childId=e0b623fd-f03e-4dbf-8d5d-1cbc3a18f922 tok=38953 base=14453 window=215040 pct=0.1811 peak=none
2026-09-23T02:54:43.567Z CTX label=laborer_worker#4 childId=e0b623fd-f03e-4dbf-8d5d-1cbc3a18f922 tok=39027 base=14453 window=215040 pct=0.1815 peak=none
2026-09-23T02:54:44.567Z CTX label=laborer_worker#4 childId=e0b623fd-f03e-4dbf-8d5d-1cbc3a18f922 tok=39094 base=14453 window=215040 pct=0.1818 peak=none
2026-09-23T02:54:45.569Z CTX label=laborer_worker#4 childId=e0b623fd-f03e-4dbf-8d5d-1cbc3a18f922 tok=39148 base=14453 window=215040 pct=0.1820 peak=none
2026-09-23T02:54:46.569Z CTX label=laborer_worker#4 childId=e0b623fd-f03e-4dbf-8d5d-1cbc3a18f922 tok=39211 base=14453 window=215040 pct=0.1823 peak=none
2026-09-23T02:54:47.571Z CTX label=laborer_worker#4 childId=e0b623fd-f03e-4dbf-8d5d-1cbc3a18f922 tok=39282 base=14453 window=215040 pct=0.1827 peak=none
2026-09-23T02:54:48.570Z CTX label=laborer_worker#4 childId=e0b623fd-f03e-4dbf-8d5d-1cbc3a18f922 tok=39356 base=14453 window=215040 pct=0.1830 peak=none
2026-09-23T02:54:49.572Z CTX label=laborer_worker#4 childId=e0b623fd-f03e-4dbf-8d5d-1cbc3a18f922 tok=39423 base=14453 window=215040 pct=0.1833 peak=none
2026-09-23T02:54:50.573Z CTX label=laborer_worker#4 childId=e0b623fd-f03e-4dbf-8d5d-1cbc3a18f922 tok=39502 base=14453 window=215040 pct=0.1837 peak=none
2026-09-23T02:54:51.575Z CTX label=laborer_worker#4 childId=e0b623fd-f03e-4dbf-8d5d-1cbc3a18f922 tok=39558 base=14453 window=215040 pct=0.1840 peak=none
2026-09-23T02:54:52.576Z CTX label=laborer_worker#4 childId=e0b623fd-f03e-4dbf-8d5d-1cbc3a18f922 tok=39631 base=14453 window=215040 pct=0.1843 peak=none
2026-09-23T02:54:53.577Z CTX label=laborer_worker#4 childId=e0b623fd-f03e-4dbf-8d5d-1cbc3a18f922 tok=39689 base=14453 window=215040 pct=0.1846 peak=none
2026-09-23T02:54:54.577Z CTX label=laborer_worker#4 childId=e0b623fd-f03e-4dbf-8d5d-1cbc3a18f922 tok=39765 base=14453 window=215040 pct=0.1849 peak=none
2026-09-23T02:54:55.579Z CTX label=laborer_worker#4 childId=e0b623fd-f03e-4dbf-8d5d-1cbc3a18f922 tok=39814 base=14453 window=215040 pct=0.1851 peak=none
2026-09-23T02:54:56.581Z CTX label=laborer_worker#4 childId=e0b623fd-f03e-4dbf-8d5d-1cbc3a18f922 tok=39884 base=14453 window=215040 pct=0.1855 peak=none
2026-09-23T02:54:57.581Z CTX label=laborer_worker#4 childId=e0b623fd-f03e-4dbf-8d5d-1cbc3a18f922 tok=39966 base=14453 window=215040 pct=0.1859 peak=none
2026-09-23T02:54:58.582Z CTX label=laborer_worker#4 childId=e0b623fd-f03e-4dbf-8d5d-1cbc3a18f922 tok=40047 base=14453 window=215040 pct=0.1862 peak=none
2026-09-23T02:54:59.582Z CTX label=laborer_worker#4 childId=e0b623fd-f03e-4dbf-8d5d-1cbc3a18f922 tok=40125 base=14453 window=215040 pct=0.1866 peak=none
2026-09-23T02:55:00.583Z CTX label=laborer_worker#4 childId=e0b623fd-f03e-4dbf-8d5d-1cbc3a18f922 tok=40193 base=14453 window=215040 pct=0.1869 peak=none
2026-09-23T02:55:01.583Z CTX label=laborer_worker#4 childId=e0b623fd-f03e-4dbf-8d5d-1cbc3a18f922 tok=40278 base=14453 window=215040 pct=0.1873 peak=none
2026-09-23T02:55:02.584Z CTX label=laborer_worker#4 childId=e0b623fd-f03e-4dbf-8d5d-1cbc3a18f922 tok=40347 base=14453 window=215040 pct=0.1876 peak=none
2026-09-23T02:55:03.585Z CTX label=laborer_worker#4 childId=e0b623fd-f03e-4dbf-8d5d-1cbc3a18f922 tok=40426 base=14453 window=215040 pct=0.1880 peak=none
2026-09-23T02:55:04.585Z CTX label=laborer_worker#4 childId=e0b623fd-f03e-4dbf-8d5d-1cbc3a18f922 tok=40504 base=14453 window=215040 pct=0.1884 peak=none
2026-09-23T02:55:05.586Z CTX label=laborer_worker#4 childId=e0b623fd-f03e-4dbf-8d5d-1cbc3a18f922 tok=40583 base=14453 window=215040 pct=0.1887 peak=none
2026-09-23T02:55:06.586Z CTX label=laborer_worker#4 childId=e0b623fd-f03e-4dbf-8d5d-1cbc3a18f922 tok=40653 base=14453 window=215040 pct=0.1890 peak=none
2026-09-23T02:55:07.586Z CTX label=laborer_worker#4 childId=e0b623fd-f03e-4dbf-8d5d-1cbc3a18f922 tok=40722 base=14453 window=215040 pct=0.1894 peak=none
2026-09-23T02:55:08.587Z CTX label=laborer_worker#4 childId=e0b623fd-f03e-4dbf-8d5d-1cbc3a18f922 tok=40766 base=14453 window=215040 pct=0.1896 peak=none
2026-09-23T02:55:09.586Z CTX label=laborer_worker#4 childId=e0b623fd-f03e-4dbf-8d5d-1cbc3a18f922 tok=40853 base=14453 window=215040 pct=0.1900 peak=none
2026-09-23T02:55:10.587Z CTX label=laborer_worker#4 childId=e0b623fd-f03e-4dbf-8d5d-1cbc3a18f922 tok=40925 base=14453 window=215040 pct=0.1903 peak=none
2026-09-23T02:55:11.589Z CTX label=laborer_worker#4 childId=e0b623fd-f03e-4dbf-8d5d-1cbc3a18f922 tok=40997 base=14453 window=215040 pct=0.1906 peak=none
2026-09-23T02:55:12.590Z CTX label=laborer_worker#4 childId=e0b623fd-f03e-4dbf-8d5d-1cbc3a18f922 tok=41080 base=14453 window=215040 pct=0.1910 peak=none
2026-09-23T02:55:13.590Z CTX label=laborer_worker#4 childId=e0b623fd-f03e-4dbf-8d5d-1cbc3a18f922 tok=41157 base=14453 window=215040 pct=0.1914 peak=none
2026-09-23T02:55:14.590Z CTX label=laborer_worker#4 childId=e0b623fd-f03e-4dbf-8d5d-1cbc3a18f922 tok=41247 base=14453 window=215040 pct=0.1918 peak=none
2026-09-23T02:55:15.591Z CTX label=laborer_worker#4 childId=e0b623fd-f03e-4dbf-8d5d-1cbc3a18f922 tok=41334 base=14453 window=215040 pct=0.1922 peak=none
2026-09-23T02:55:16.592Z CTX label=laborer_worker#4 childId=e0b623fd-f03e-4dbf-8d5d-1cbc3a18f922 tok=41408 base=14453 window=215040 pct=0.1926 peak=none
2026-09-23T02:55:17.594Z CTX label=laborer_worker#4 childId=e0b623fd-f03e-4dbf-8d5d-1cbc3a18f922 tok=41469 base=14453 window=215040 pct=0.1928 peak=none
2026-09-23T02:55:18.595Z CTX label=laborer_worker#4 childId=e0b623fd-f03e-4dbf-8d5d-1cbc3a18f922 tok=41550 base=14453 window=215040 pct=0.1932 peak=none
2026-09-23T02:55:19.595Z CTX label=laborer_worker#4 childId=e0b623fd-f03e-4dbf-8d5d-1cbc3a18f922 tok=41606 base=14453 window=215040 pct=0.1935 peak=none
2026-09-23T02:55:20.595Z CTX label=laborer_worker#4 childId=e0b623fd-f03e-4dbf-8d5d-1cbc3a18f922 tok=41683 base=14453 window=215040 pct=0.1938 peak=none
2026-09-23T02:55:21.596Z CTX label=laborer_worker#4 childId=e0b623fd-f03e-4dbf-8d5d-1cbc3a18f922 tok=41751 base=14453 window=215040 pct=0.1942 peak=none
2026-09-23T02:55:22.596Z CTX label=laborer_worker#4 childId=e0b623fd-f03e-4dbf-8d5d-1cbc3a18f922 tok=41828 base=14453 window=215040 pct=0.1945 peak=none
2026-09-23T02:55:23.597Z CTX label=laborer_worker#4 childId=e0b623fd-f03e-4dbf-8d5d-1cbc3a18f922 tok=41904 base=14453 window=215040 pct=0.1949 peak=none
2026-09-23T02:55:24.598Z CTX label=laborer_worker#4 childId=e0b623fd-f03e-4dbf-8d5d-1cbc3a18f922 tok=41973 base=14453 window=215040 pct=0.1952 peak=none
2026-09-23T02:55:25.597Z CTX label=laborer_worker#4 childId=e0b623fd-f03e-4dbf-8d5d-1cbc3a18f922 tok=42032 base=14453 window=215040 pct=0.1955 peak=none
2026-09-23T02:55:26.598Z CTX label=laborer_worker#4 childId=e0b623fd-f03e-4dbf-8d5d-1cbc3a18f922 tok=42103 base=14453 window=215040 pct=0.1958 peak=none
2026-09-23T02:55:27.598Z CTX label=laborer_worker#4 childId=e0b623fd-f03e-4dbf-8d5d-1cbc3a18f922 tok=42170 base=14453 window=215040 pct=0.1961 peak=none
2026-09-23T02:55:28.599Z CTX label=laborer_worker#4 childId=e0b623fd-f03e-4dbf-8d5d-1cbc3a18f922 tok=42247 base=14453 window=215040 pct=0.1965 peak=none
2026-09-23T02:55:29.601Z CTX label=laborer_worker#4 childId=e0b623fd-f03e-4dbf-8d5d-1cbc3a18f922 tok=42305 base=14453 window=215040 pct=0.1967 peak=none
2026-09-23T02:55:30.600Z CTX label=laborer_worker#4 childId=e0b623fd-f03e-4dbf-8d5d-1cbc3a18f922 tok=42370 base=14453 window=215040 pct=0.1970 peak=none
2026-09-23T02:55:31.601Z CTX label=laborer_worker#4 childId=e0b623fd-f03e-4dbf-8d5d-1cbc3a18f922 tok=42433 base=14453 window=215040 pct=0.1973 peak=none
2026-09-23T02:55:32.603Z CTX label=laborer_worker#4 childId=e0b623fd-f03e-4dbf-8d5d-1cbc3a18f922 tok=42510 base=14453 window=215040 pct=0.1977 peak=none
2026-09-23T02:55:33.603Z CTX label=laborer_worker#4 childId=e0b623fd-f03e-4dbf-8d5d-1cbc3a18f922 tok=42581 base=14453 window=215040 pct=0.1980 peak=none
2026-09-23T02:55:34.604Z CTX label=laborer_worker#4 childId=e0b623fd-f03e-4dbf-8d5d-1cbc3a18f922 tok=42663 base=14453 window=215040 pct=0.1984 peak=none
2026-09-23T02:55:35.606Z CTX label=laborer_worker#4 childId=e0b623fd-f03e-4dbf-8d5d-1cbc3a18f922 tok=42736 base=14453 window=215040 pct=0.1987 peak=none
2026-09-23T02:55:36.604Z CTX label=laborer_worker#4 childId=e0b623fd-f03e-4dbf-8d5d-1cbc3a18f922 tok=42800 base=14453 window=215040 pct=0.1990 peak=none
2026-09-23T02:55:37.607Z CTX label=laborer_worker#4 childId=e0b623fd-f03e-4dbf-8d5d-1cbc3a18f922 tok=42874 base=14453 window=215040 pct=0.1994 peak=none
2026-09-23T02:55:38.607Z CTX label=laborer_worker#4 childId=e0b623fd-f03e-4dbf-8d5d-1cbc3a18f922 tok=42954 base=14453 window=215040 pct=0.1997 peak=none
2026-09-23T02:55:39.609Z CTX label=laborer_worker#4 childId=e0b623fd-f03e-4dbf-8d5d-1cbc3a18f922 tok=43013 base=14453 window=215040 pct=0.2000 peak=none
2026-09-23T02:55:40.609Z CTX label=laborer_worker#4 childId=e0b623fd-f03e-4dbf-8d5d-1cbc3a18f922 tok=43079 base=14453 window=215040 pct=0.2003 peak=none
2026-09-23T02:55:41.611Z CTX label=laborer_worker#4 childId=e0b623fd-f03e-4dbf-8d5d-1cbc3a18f922 tok=43136 base=14453 window=215040 pct=0.2006 peak=none
2026-09-23T02:55:42.613Z CTX label=laborer_worker#4 childId=e0b623fd-f03e-4dbf-8d5d-1cbc3a18f922 tok=43198 base=14453 window=215040 pct=0.2009 peak=none
2026-09-23T02:55:43.612Z CTX label=laborer_worker#4 childId=e0b623fd-f03e-4dbf-8d5d-1cbc3a18f922 tok=43252 base=14453 window=215040 pct=0.2011 peak=none
2026-09-23T02:55:44.614Z CTX label=laborer_worker#4 childId=e0b623fd-f03e-4dbf-8d5d-1cbc3a18f922 tok=43325 base=14453 window=215040 pct=0.2015 peak=none
2026-09-23T02:55:45.614Z CTX label=laborer_worker#4 childId=e0b623fd-f03e-4dbf-8d5d-1cbc3a18f922 tok=43394 base=14453 window=215040 pct=0.2018 peak=none
2026-09-23T02:55:46.615Z CTX label=laborer_worker#4 childId=e0b623fd-f03e-4dbf-8d5d-1cbc3a18f922 tok=43469 base=14453 window=215040 pct=0.2021 peak=none
2026-09-23T02:55:47.616Z CTX label=laborer_worker#4 childId=e0b623fd-f03e-4dbf-8d5d-1cbc3a18f922 tok=43544 base=14453 window=215040 pct=0.2025 peak=none
2026-09-23T02:55:48.618Z CTX label=laborer_worker#4 childId=e0b623fd-f03e-4dbf-8d5d-1cbc3a18f922 tok=43610 base=14453 window=215040 pct=0.2028 peak=none
2026-09-23T02:55:49.619Z CTX label=laborer_worker#4 childId=e0b623fd-f03e-4dbf-8d5d-1cbc3a18f922 tok=43686 base=14453 window=215040 pct=0.2032 peak=none
2026-09-23T02:55:50.620Z CTX label=laborer_worker#4 childId=e0b623fd-f03e-4dbf-8d5d-1cbc3a18f922 tok=43765 base=14453 window=215040 pct=0.2035 peak=none
2026-09-23T02:55:51.620Z CTX label=laborer_worker#4 childId=e0b623fd-f03e-4dbf-8d5d-1cbc3a18f922 tok=43824 base=14453 window=215040 pct=0.2038 peak=none
2026-09-23T02:55:52.622Z CTX label=laborer_worker#4 childId=e0b623fd-f03e-4dbf-8d5d-1cbc3a18f922 tok=43877 base=14453 window=215040 pct=0.2040 peak=none
2026-09-23T02:55:53.621Z CTX label=laborer_worker#4 childId=e0b623fd-f03e-4dbf-8d5d-1cbc3a18f922 tok=43937 base=14453 window=215040 pct=0.2043 peak=none
2026-09-23T02:55:54.622Z CTX label=laborer_worker#4 childId=e0b623fd-f03e-4dbf-8d5d-1cbc3a18f922 tok=44003 base=14453 window=215040 pct=0.2046 peak=none
2026-09-23T02:55:55.623Z CTX label=laborer_worker#4 childId=e0b623fd-f03e-4dbf-8d5d-1cbc3a18f922 tok=44060 base=14453 window=215040 pct=0.2049 peak=none
2026-09-23T02:55:56.625Z CTX label=laborer_worker#4 childId=e0b623fd-f03e-4dbf-8d5d-1cbc3a18f922 tok=44136 base=14453 window=215040 pct=0.2052 peak=none
2026-09-23T02:55:57.625Z CTX label=laborer_worker#4 childId=e0b623fd-f03e-4dbf-8d5d-1cbc3a18f922 tok=44196 base=14453 window=215040 pct=0.2055 peak=none
2026-09-23T02:55:58.626Z CTX label=laborer_worker#4 childId=e0b623fd-f03e-4dbf-8d5d-1cbc3a18f922 tok=44258 base=14453 window=215040 pct=0.2058 peak=none
2026-09-23T02:55:59.627Z CTX label=laborer_worker#4 childId=e0b623fd-f03e-4dbf-8d5d-1cbc3a18f922 tok=44314 base=14453 window=215040 pct=0.2061 peak=none
2026-09-23T02:56:00.626Z CTX label=laborer_worker#4 childId=e0b623fd-f03e-4dbf-8d5d-1cbc3a18f922 tok=44370 base=14453 window=215040 pct=0.2063 peak=none
2026-09-23T02:56:01.629Z CTX label=laborer_worker#4 childId=e0b623fd-f03e-4dbf-8d5d-1cbc3a18f922 tok=44430 base=14453 window=215040 pct=0.2066 peak=none
2026-09-23T02:56:02.627Z CTX label=laborer_worker#4 childId=e0b623fd-f03e-4dbf-8d5d-1cbc3a18f922 tok=44490 base=14453 window=215040 pct=0.2069 peak=none
2026-09-23T02:56:03.627Z CTX label=laborer_worker#4 childId=e0b623fd-f03e-4dbf-8d5d-1cbc3a18f922 tok=44555 base=14453 window=215040 pct=0.2072 peak=none
2026-09-23T02:56:04.629Z CTX label=laborer_worker#4 childId=e0b623fd-f03e-4dbf-8d5d-1cbc3a18f922 tok=44622 base=14453 window=215040 pct=0.2075 peak=none
2026-09-23T02:56:05.630Z CTX label=laborer_worker#4 childId=e0b623fd-f03e-4dbf-8d5d-1cbc3a18f922 tok=44682 base=14453 window=215040 pct=0.2078 peak=none
2026-09-23T02:56:06.632Z CTX label=laborer_worker#4 childId=e0b623fd-f03e-4dbf-8d5d-1cbc3a18f922 tok=44750 base=14453 window=215040 pct=0.2081 peak=none
2026-09-23T02:56:07.632Z CTX label=laborer_worker#4 childId=e0b623fd-f03e-4dbf-8d5d-1cbc3a18f922 tok=44824 base=14453 window=215040 pct=0.2084 peak=none
2026-09-23T02:56:08.633Z CTX label=laborer_worker#4 childId=e0b623fd-f03e-4dbf-8d5d-1cbc3a18f922 tok=44863 base=14453 window=215040 pct=0.2086 peak=none
2026-09-23T02:56:09.634Z CTX label=laborer_worker#4 childId=e0b623fd-f03e-4dbf-8d5d-1cbc3a18f922 tok=44922 base=14453 window=215040 pct=0.2089 peak=none
2026-09-23T02:56:10.634Z CTX label=laborer_worker#4 childId=e0b623fd-f03e-4dbf-8d5d-1cbc3a18f922 tok=44968 base=14453 window=215040 pct=0.2091 peak=none
2026-09-23T02:56:11.635Z CTX label=laborer_worker#4 childId=e0b623fd-f03e-4dbf-8d5d-1cbc3a18f922 tok=45020 base=14453 window=215040 pct=0.2094 peak=none
2026-09-23T02:56:12.636Z CTX label=laborer_worker#4 childId=e0b623fd-f03e-4dbf-8d5d-1cbc3a18f922 tok=45074 base=14453 window=215040 pct=0.2096 peak=none
2026-09-23T02:56:13.638Z CTX label=laborer_worker#4 childId=e0b623fd-f03e-4dbf-8d5d-1cbc3a18f922 tok=45140 base=14453 window=215040 pct=0.2099 peak=none
2026-09-23T02:56:14.637Z CTX label=laborer_worker#4 childId=e0b623fd-f03e-4dbf-8d5d-1cbc3a18f922 tok=45205 base=14453 window=215040 pct=0.2102 peak=none
2026-09-23T02:56:15.639Z CTX label=laborer_worker#4 childId=e0b623fd-f03e-4dbf-8d5d-1cbc3a18f922 tok=45268 base=14453 window=215040 pct=0.2105 peak=none
2026-09-23T02:56:16.639Z CTX label=laborer_worker#4 childId=e0b623fd-f03e-4dbf-8d5d-1cbc3a18f922 tok=45309 base=14453 window=215040 pct=0.2107 peak=none
2026-09-23T02:56:17.641Z CTX label=laborer_worker#4 childId=e0b623fd-f03e-4dbf-8d5d-1cbc3a18f922 tok=45366 base=14453 window=215040 pct=0.2110 peak=none
2026-09-23T02:56:18.641Z CTX label=laborer_worker#4 childId=e0b623fd-f03e-4dbf-8d5d-1cbc3a18f922 tok=45430 base=14453 window=215040 pct=0.2113 peak=none
2026-09-23T02:56:19.643Z CTX label=laborer_worker#4 childId=e0b623fd-f03e-4dbf-8d5d-1cbc3a18f922 tok=45518 base=14453 window=215040 pct=0.2117 peak=none
2026-09-23T02:56:20.644Z CTX label=laborer_worker#4 childId=e0b623fd-f03e-4dbf-8d5d-1cbc3a18f922 tok=45607 base=14453 window=215040 pct=0.2121 peak=none
2026-09-23T02:56:21.644Z CTX label=laborer_worker#4 childId=e0b623fd-f03e-4dbf-8d5d-1cbc3a18f922 tok=45697 base=14453 window=215040 pct=0.2125 peak=none
2026-09-23T02:56:22.644Z CTX label=laborer_worker#4 childId=e0b623fd-f03e-4dbf-8d5d-1cbc3a18f922 tok=45760 base=14453 window=215040 pct=0.2128 peak=none
2026-09-23T02:56:23.645Z CTX label=laborer_worker#4 childId=e0b623fd-f03e-4dbf-8d5d-1cbc3a18f922 tok=45825 base=14453 window=215040 pct=0.2131 peak=none
2026-09-23T02:56:24.646Z CTX label=laborer_worker#4 childId=e0b623fd-f03e-4dbf-8d5d-1cbc3a18f922 tok=45901 base=14453 window=215040 pct=0.2135 peak=none
2026-09-23T02:56:25.647Z CTX label=laborer_worker#4 childId=e0b623fd-f03e-4dbf-8d5d-1cbc3a18f922 tok=45978 base=14453 window=215040 pct=0.2138 peak=none
2026-09-23T02:56:26.647Z CTX label=laborer_worker#4 childId=e0b623fd-f03e-4dbf-8d5d-1cbc3a18f922 tok=46055 base=14453 window=215040 pct=0.2142 peak=none
2026-09-23T02:56:27.648Z CTX label=laborer_worker#4 childId=e0b623fd-f03e-4dbf-8d5d-1cbc3a18f922 tok=46134 base=14453 window=215040 pct=0.2145 peak=none
2026-09-23T02:56:28.649Z CTX label=laborer_worker#4 childId=e0b623fd-f03e-4dbf-8d5d-1cbc3a18f922 tok=46200 base=14453 window=215040 pct=0.2148 peak=none
2026-09-23T02:56:29.650Z CTX label=laborer_worker#4 childId=e0b623fd-f03e-4dbf-8d5d-1cbc3a18f922 tok=46267 base=14453 window=215040 pct=0.2152 peak=none
2026-09-23T02:56:30.651Z CTX label=laborer_worker#4 childId=e0b623fd-f03e-4dbf-8d5d-1cbc3a18f922 tok=46345 base=14453 window=215040 pct=0.2155 peak=none
2026-09-23T02:56:31.652Z CTX label=laborer_worker#4 childId=e0b623fd-f03e-4dbf-8d5d-1cbc3a18f922 tok=46402 base=14453 window=215040 pct=0.2158 peak=none
2026-09-23T02:56:32.652Z CTX label=laborer_worker#4 childId=e0b623fd-f03e-4dbf-8d5d-1cbc3a18f922 tok=46454 base=14453 window=215040 pct=0.2160 peak=none
2026-09-23T02:56:33.654Z CTX label=laborer_worker#4 childId=e0b623fd-f03e-4dbf-8d5d-1cbc3a18f922 tok=46513 base=14453 window=215040 pct=0.2163 peak=none
2026-09-23T02:56:34.655Z CTX label=laborer_worker#4 childId=e0b623fd-f03e-4dbf-8d5d-1cbc3a18f922 tok=46589 base=14453 window=215040 pct=0.2167 peak=none
2026-09-23T02:56:35.655Z CTX label=laborer_worker#4 childId=e0b623fd-f03e-4dbf-8d5d-1cbc3a18f922 tok=46685 base=14453 window=215040 pct=0.2171 peak=none
2026-09-23T02:56:36.656Z CTX label=laborer_worker#4 childId=e0b623fd-f03e-4dbf-8d5d-1cbc3a18f922 tok=46776 base=14453 window=215040 pct=0.2175 peak=none
2026-09-23T02:56:37.657Z CTX label=laborer_worker#4 childId=e0b623fd-f03e-4dbf-8d5d-1cbc3a18f922 tok=46858 base=14453 window=215040 pct=0.2179 peak=none
2026-09-23T02:56:38.657Z CTX label=laborer_worker#4 childId=e0b623fd-f03e-4dbf-8d5d-1cbc3a18f922 tok=46949 base=14453 window=215040 pct=0.2183 peak=none
2026-09-23T02:56:39.657Z CTX label=laborer_worker#4 childId=e0b623fd-f03e-4dbf-8d5d-1cbc3a18f922 tok=47040 base=14453 window=215040 pct=0.2188 peak=none
2026-09-23T02:56:40.659Z CTX label=laborer_worker#4 childId=e0b623fd-f03e-4dbf-8d5d-1cbc3a18f922 tok=47117 base=14453 window=215040 pct=0.2191 peak=none
2026-09-23T02:56:41.660Z CTX label=laborer_worker#4 childId=e0b623fd-f03e-4dbf-8d5d-1cbc3a18f922 tok=47207 base=14453 window=215040 pct=0.2195 peak=none
2026-09-23T02:56:42.662Z CTX label=laborer_worker#4 childId=e0b623fd-f03e-4dbf-8d5d-1cbc3a18f922 tok=47309 base=14453 window=215040 pct=0.2200 peak=none
2026-09-23T02:56:43.663Z CTX label=laborer_worker#4 childId=e0b623fd-f03e-4dbf-8d5d-1cbc3a18f922 tok=47364 base=14453 window=215040 pct=0.2203 peak=none
2026-09-23T02:56:44.664Z CTX label=laborer_worker#4 childId=e0b623fd-f03e-4dbf-8d5d-1cbc3a18f922 tok=47434 base=14453 window=215040 pct=0.2206 peak=none
2026-09-23T02:56:45.664Z CTX label=laborer_worker#4 childId=e0b623fd-f03e-4dbf-8d5d-1cbc3a18f922 tok=47473 base=14453 window=215040 pct=0.2208 peak=none
2026-09-23T02:56:46.665Z CTX label=laborer_worker#4 childId=e0b623fd-f03e-4dbf-8d5d-1cbc3a18f922 tok=47516 base=14453 window=215040 pct=0.2210 peak=none
2026-09-23T02:56:47.665Z CTX label=laborer_worker#4 childId=e0b623fd-f03e-4dbf-8d5d-1cbc3a18f922 tok=47574 base=14453 window=215040 pct=0.2212 peak=none
2026-09-23T02:56:48.667Z CTX label=laborer_worker#4 childId=e0b623fd-f03e-4dbf-8d5d-1cbc3a18f922 tok=47616 base=14453 window=215040 pct=0.2214 peak=none
2026-09-23T02:56:49.668Z CTX label=laborer_worker#4 childId=e0b623fd-f03e-4dbf-8d5d-1cbc3a18f922 tok=47681 base=14453 window=215040 pct=0.2217 peak=none
2026-09-23T02:56:50.668Z CTX label=laborer_worker#4 childId=e0b623fd-f03e-4dbf-8d5d-1cbc3a18f922 tok=47727 base=14453 window=215040 pct=0.2219 peak=none
2026-09-23T02:56:51.668Z CTX label=laborer_worker#4 childId=e0b623fd-f03e-4dbf-8d5d-1cbc3a18f922 tok=47783 base=14453 window=215040 pct=0.2222 peak=none
2026-09-23T02:56:52.670Z CTX label=laborer_worker#4 childId=e0b623fd-f03e-4dbf-8d5d-1cbc3a18f922 tok=47831 base=14453 window=215040 pct=0.2224 peak=none
2026-09-23T02:56:53.670Z CTX label=laborer_worker#4 childId=e0b623fd-f03e-4dbf-8d5d-1cbc3a18f922 tok=47901 base=14453 window=215040 pct=0.2228 peak=none
2026-09-23T02:56:54.672Z CTX label=laborer_worker#4 childId=e0b623fd-f03e-4dbf-8d5d-1cbc3a18f922 tok=47978 base=14453 window=215040 pct=0.2231 peak=none
2026-09-23T02:56:55.673Z CTX label=laborer_worker#4 childId=e0b623fd-f03e-4dbf-8d5d-1cbc3a18f922 tok=48040 base=14453 window=215040 pct=0.2234 peak=none
2026-09-23T02:56:56.673Z CTX label=laborer_worker#4 childId=e0b623fd-f03e-4dbf-8d5d-1cbc3a18f922 tok=48095 base=14453 window=215040 pct=0.2237 peak=none
2026-09-23T02:56:57.674Z CTX label=laborer_worker#4 childId=e0b623fd-f03e-4dbf-8d5d-1cbc3a18f922 tok=48160 base=14453 window=215040 pct=0.2240 peak=none
2026-09-23T02:56:58.675Z CTX label=laborer_worker#4 childId=e0b623fd-f03e-4dbf-8d5d-1cbc3a18f922 tok=48205 base=14453 window=215040 pct=0.2242 peak=none
2026-09-23T02:56:59.675Z CTX label=laborer_worker#4 childId=e0b623fd-f03e-4dbf-8d5d-1cbc3a18f922 tok=48260 base=14453 window=215040 pct=0.2244 peak=none
2026-09-23T02:57:00.676Z CTX label=laborer_worker#4 childId=e0b623fd-f03e-4dbf-8d5d-1cbc3a18f922 tok=48326 base=14453 window=215040 pct=0.2247 peak=none
2026-09-23T02:57:01.678Z CTX label=laborer_worker#4 childId=e0b623fd-f03e-4dbf-8d5d-1cbc3a18f922 tok=48393 base=14453 window=215040 pct=0.2250 peak=none
2026-09-23T02:57:02.677Z CTX label=laborer_worker#4 childId=e0b623fd-f03e-4dbf-8d5d-1cbc3a18f922 tok=48433 base=14453 window=215040 pct=0.2252 peak=none
2026-09-23T02:57:03.679Z CTX label=laborer_worker#4 childId=e0b623fd-f03e-4dbf-8d5d-1cbc3a18f922 tok=48489 base=14453 window=215040 pct=0.2255 peak=none
2026-09-23T02:57:04.680Z CTX label=laborer_worker#4 childId=e0b623fd-f03e-4dbf-8d5d-1cbc3a18f922 tok=48552 base=14453 window=215040 pct=0.2258 peak=none
2026-09-23T02:57:05.681Z CTX label=laborer_worker#4 childId=e0b623fd-f03e-4dbf-8d5d-1cbc3a18f922 tok=48605 base=14453 window=215040 pct=0.2260 peak=none
2026-09-23T02:57:06.681Z CTX label=laborer_worker#4 childId=e0b623fd-f03e-4dbf-8d5d-1cbc3a18f922 tok=48652 base=14453 window=215040 pct=0.2262 peak=none
2026-09-23T02:57:07.681Z CTX label=laborer_worker#4 childId=e0b623fd-f03e-4dbf-8d5d-1cbc3a18f922 tok=48726 base=14453 window=215040 pct=0.2266 peak=none
2026-09-23T02:57:08.682Z CTX label=laborer_worker#4 childId=e0b623fd-f03e-4dbf-8d5d-1cbc3a18f922 tok=48767 base=14453 window=215040 pct=0.2268 peak=none
2026-09-23T02:57:09.683Z CTX label=laborer_worker#4 childId=e0b623fd-f03e-4dbf-8d5d-1cbc3a18f922 tok=48823 base=14453 window=215040 pct=0.2270 peak=none
2026-09-23T02:57:10.683Z CTX label=laborer_worker#4 childId=e0b623fd-f03e-4dbf-8d5d-1cbc3a18f922 tok=48871 base=14453 window=215040 pct=0.2273 peak=none
2026-09-23T02:57:11.683Z CTX label=laborer_worker#4 childId=e0b623fd-f03e-4dbf-8d5d-1cbc3a18f922 tok=48955 base=14453 window=215040 pct=0.2277 peak=none
2026-09-23T02:57:12.685Z CTX label=laborer_worker#4 childId=e0b623fd-f03e-4dbf-8d5d-1cbc3a18f922 tok=49006 base=14453 window=215040 pct=0.2279 peak=none
2026-09-23T02:57:13.687Z CTX label=laborer_worker#4 childId=e0b623fd-f03e-4dbf-8d5d-1cbc3a18f922 tok=49062 base=14453 window=215040 pct=0.2282 peak=none
2026-09-23T02:57:14.688Z CTX label=laborer_worker#4 childId=e0b623fd-f03e-4dbf-8d5d-1cbc3a18f922 tok=49123 base=14453 window=215040 pct=0.2284 peak=none
2026-09-23T02:57:15.689Z CTX label=laborer_worker#4 childId=e0b623fd-f03e-4dbf-8d5d-1cbc3a18f922 tok=49172 base=14453 window=215040 pct=0.2287 peak=none
2026-09-23T02:57:16.690Z CTX label=laborer_worker#4 childId=e0b623fd-f03e-4dbf-8d5d-1cbc3a18f922 tok=49216 base=14453 window=215040 pct=0.2289 peak=none
2026-09-23T02:57:17.690Z CTX label=laborer_worker#4 childId=e0b623fd-f03e-4dbf-8d5d-1cbc3a18f922 tok=49257 base=14453 window=215040 pct=0.2291 peak=none
2026-09-23T02:57:18.691Z CTX label=laborer_worker#4 childId=e0b623fd-f03e-4dbf-8d5d-1cbc3a18f922 tok=49311 base=14453 window=215040 pct=0.2293 peak=none
2026-09-23T02:57:19.692Z CTX label=laborer_worker#4 childId=e0b623fd-f03e-4dbf-8d5d-1cbc3a18f922 tok=49369 base=14453 window=215040 pct=0.2296 peak=none
2026-09-23T02:57:20.694Z CTX label=laborer_worker#4 childId=e0b623fd-f03e-4dbf-8d5d-1cbc3a18f922 tok=49424 base=14453 window=215040 pct=0.2298 peak=none
2026-09-23T02:57:21.694Z CTX label=laborer_worker#4 childId=e0b623fd-f03e-4dbf-8d5d-1cbc3a18f922 tok=49469 base=14453 window=215040 pct=0.2300 peak=none
2026-09-23T02:57:22.694Z CTX label=laborer_worker#4 childId=e0b623fd-f03e-4dbf-8d5d-1cbc3a18f922 tok=49516 base=14453 window=215040 pct=0.2303 peak=none
2026-09-23T02:57:23.695Z CTX label=laborer_worker#4 childId=e0b623fd-f03e-4dbf-8d5d-1cbc3a18f922 tok=49559 base=14453 window=215040 pct=0.2305 peak=none
2026-09-23T02:57:24.698Z CTX label=laborer_worker#4 childId=e0b623fd-f03e-4dbf-8d5d-1cbc3a18f922 tok=49615 base=14453 window=215040 pct=0.2307 peak=none
2026-09-23T02:57:25.699Z CTX label=laborer_worker#4 childId=e0b623fd-f03e-4dbf-8d5d-1cbc3a18f922 tok=49651 base=14453 window=215040 pct=0.2309 peak=none
2026-09-23T02:57:26.699Z CTX label=laborer_worker#4 childId=e0b623fd-f03e-4dbf-8d5d-1cbc3a18f922 tok=49712 base=14453 window=215040 pct=0.2312 peak=none
2026-09-23T02:57:27.701Z CTX label=laborer_worker#4 childId=e0b623fd-f03e-4dbf-8d5d-1cbc3a18f922 tok=49765 base=14453 window=215040 pct=0.2314 peak=none
2026-09-23T02:57:28.702Z CTX label=laborer_worker#4 childId=e0b623fd-f03e-4dbf-8d5d-1cbc3a18f922 tok=49812 base=14453 window=215040 pct=0.2316 peak=none
2026-09-23T02:57:29.702Z CTX label=laborer_worker#4 childId=e0b623fd-f03e-4dbf-8d5d-1cbc3a18f922 tok=49853 base=14453 window=215040 pct=0.2318 peak=none
2026-09-23T02:57:30.703Z CTX label=laborer_worker#4 childId=e0b623fd-f03e-4dbf-8d5d-1cbc3a18f922 tok=49908 base=14453 window=215040 pct=0.2321 peak=none
2026-09-23T02:57:31.703Z CTX label=laborer_worker#4 childId=e0b623fd-f03e-4dbf-8d5d-1cbc3a18f922 tok=49965 base=14453 window=215040 pct=0.2324 peak=none
2026-09-23T02:57:32.704Z CTX label=laborer_worker#4 childId=e0b623fd-f03e-4dbf-8d5d-1cbc3a18f922 tok=50024 base=14453 window=215040 pct=0.2326 peak=none
2026-09-23T02:57:33.704Z CTX label=laborer_worker#4 childId=e0b623fd-f03e-4dbf-8d5d-1cbc3a18f922 tok=50103 base=14453 window=215040 pct=0.2330 peak=none
2026-09-23T02:57:34.705Z CTX label=laborer_worker#4 childId=e0b623fd-f03e-4dbf-8d5d-1cbc3a18f922 tok=50189 base=14453 window=215040 pct=0.2334 peak=none
2026-09-23T02:57:35.706Z CTX label=laborer_worker#4 childId=e0b623fd-f03e-4dbf-8d5d-1cbc3a18f922 tok=50296 base=14453 window=215040 pct=0.2339 peak=none
2026-09-23T02:57:36.708Z CTX label=laborer_worker#4 childId=e0b623fd-f03e-4dbf-8d5d-1cbc3a18f922 tok=50411 base=14453 window=215040 pct=0.2344 peak=none
2026-09-23T02:57:37.708Z CTX label=laborer_worker#4 childId=e0b623fd-f03e-4dbf-8d5d-1cbc3a18f922 tok=50548 base=14453 window=215040 pct=0.2351 peak=none
2026-09-23T02:57:38.708Z CTX label=laborer_worker#4 childId=e0b623fd-f03e-4dbf-8d5d-1cbc3a18f922 tok=50623 base=14453 window=215040 pct=0.2354 peak=none
2026-09-23T02:57:39.708Z CTX label=laborer_worker#4 childId=e0b623fd-f03e-4dbf-8d5d-1cbc3a18f922 tok=50688 base=14453 window=215040 pct=0.2357 peak=none
2026-09-23T02:57:40.708Z CTX label=laborer_worker#4 childId=e0b623fd-f03e-4dbf-8d5d-1cbc3a18f922 tok=50743 base=14453 window=215040 pct=0.2360 peak=none
2026-09-23T02:57:41.708Z CTX label=laborer_worker#4 childId=e0b623fd-f03e-4dbf-8d5d-1cbc3a18f922 tok=50819 base=14453 window=215040 pct=0.2363 peak=none
2026-09-23T02:57:42.709Z CTX label=laborer_worker#4 childId=e0b623fd-f03e-4dbf-8d5d-1cbc3a18f922 tok=50892 base=14453 window=215040 pct=0.2367 peak=none
2026-09-23T02:57:43.709Z CTX label=laborer_worker#4 childId=e0b623fd-f03e-4dbf-8d5d-1cbc3a18f922 tok=50941 base=14453 window=215040 pct=0.2369 peak=none
2026-09-23T02:57:44.710Z CTX label=laborer_worker#4 childId=e0b623fd-f03e-4dbf-8d5d-1cbc3a18f922 tok=51021 base=14453 window=215040 pct=0.2373 peak=none
2026-09-23T02:57:45.713Z CTX label=laborer_worker#4 childId=e0b623fd-f03e-4dbf-8d5d-1cbc3a18f922 tok=51074 base=14453 window=215040 pct=0.2375 peak=none
2026-09-23T02:57:46.712Z CTX label=laborer_worker#4 childId=e0b623fd-f03e-4dbf-8d5d-1cbc3a18f922 tok=51124 base=14453 window=215040 pct=0.2377 peak=none
2026-09-23T02:57:47.712Z CTX label=laborer_worker#4 childId=e0b623fd-f03e-4dbf-8d5d-1cbc3a18f922 tok=51185 base=14453 window=215040 pct=0.2380 peak=none
2026-09-23T02:57:48.713Z CTX label=laborer_worker#4 childId=e0b623fd-f03e-4dbf-8d5d-1cbc3a18f922 tok=51263 base=14453 window=215040 pct=0.2384 peak=none
2026-09-23T02:57:49.714Z CTX label=laborer_worker#4 childId=e0b623fd-f03e-4dbf-8d5d-1cbc3a18f922 tok=51361 base=14453 window=215040 pct=0.2388 peak=none
2026-09-23T02:57:50.715Z CTX label=laborer_worker#4 childId=e0b623fd-f03e-4dbf-8d5d-1cbc3a18f922 tok=51457 base=14453 window=215040 pct=0.2393 peak=none
2026-09-23T02:57:51.716Z CTX label=laborer_worker#4 childId=e0b623fd-f03e-4dbf-8d5d-1cbc3a18f922 tok=51543 base=14453 window=215040 pct=0.2397 peak=none
2026-09-23T02:57:52.717Z CTX label=laborer_worker#4 childId=e0b623fd-f03e-4dbf-8d5d-1cbc3a18f922 tok=51600 base=14453 window=215040 pct=0.2400 peak=none
2026-09-23T02:57:53.717Z CTX label=laborer_worker#4 childId=e0b623fd-f03e-4dbf-8d5d-1cbc3a18f922 tok=51680 base=14453 window=215040 pct=0.2403 peak=none
2026-09-23T02:57:54.718Z CTX label=laborer_worker#4 childId=e0b623fd-f03e-4dbf-8d5d-1cbc3a18f922 tok=51766 base=14453 window=215040 pct=0.2407 peak=none
2026-09-23T02:57:55.720Z CTX label=laborer_worker#4 childId=e0b623fd-f03e-4dbf-8d5d-1cbc3a18f922 tok=51835 base=14453 window=215040 pct=0.2410 peak=none
2026-09-23T02:57:56.720Z CTX label=laborer_worker#4 childId=e0b623fd-f03e-4dbf-8d5d-1cbc3a18f922 tok=51911 base=14453 window=215040 pct=0.2414 peak=none
2026-09-23T02:57:57.721Z CTX label=laborer_worker#4 childId=e0b623fd-f03e-4dbf-8d5d-1cbc3a18f922 tok=51911 base=14453 window=215040 pct=0.2414 peak=none
2026-09-23T02:57:58.723Z CTX label=laborer_worker#4 childId=e0b623fd-f03e-4dbf-8d5d-1cbc3a18f922 tok=55122 base=14453 window=215040 pct=0.2563 peak=none
2026-09-23T02:57:59.722Z CTX label=laborer_worker#4 childId=e0b623fd-f03e-4dbf-8d5d-1cbc3a18f922 tok=55122 base=14453 window=215040 pct=0.2563 peak=none
2026-09-23T02:58:00.726Z CTX label=laborer_worker#4 childId=e0b623fd-f03e-4dbf-8d5d-1cbc3a18f922 tok=55122 base=14453 window=215040 pct=0.2563 peak=none
2026-09-23T02:58:01.726Z CTX label=laborer_worker#4 childId=e0b623fd-f03e-4dbf-8d5d-1cbc3a18f922 tok=55122 base=14453 window=215040 pct=0.2563 peak=none
2026-09-23T02:58:02.725Z CTX label=laborer_worker#4 childId=e0b623fd-f03e-4dbf-8d5d-1cbc3a18f922 tok=55122 base=14453 window=215040 pct=0.2563 peak=none
2026-09-23T02:58:03.727Z CTX label=laborer_worker#4 childId=e0b623fd-f03e-4dbf-8d5d-1cbc3a18f922 tok=55122 base=14453 window=215040 pct=0.2563 peak=none
2026-09-23T02:58:04.726Z CTX label=laborer_worker#4 childId=e0b623fd-f03e-4dbf-8d5d-1cbc3a18f922 tok=55122 base=14453 window=215040 pct=0.2563 peak=none
2026-09-23T02:58:05.728Z CTX label=laborer_worker#4 childId=e0b623fd-f03e-4dbf-8d5d-1cbc3a18f922 tok=55122 base=14453 window=215040 pct=0.2563 peak=none
2026-09-23T02:58:06.729Z CTX label=laborer_worker#4 childId=e0b623fd-f03e-4dbf-8d5d-1cbc3a18f922 tok=55122 base=14453 window=215040 pct=0.2563 peak=none
2026-09-23T02:58:07.730Z CTX label=laborer_worker#4 childId=e0b623fd-f03e-4dbf-8d5d-1cbc3a18f922 tok=55122 base=14453 window=215040 pct=0.2563 peak=none
2026-09-23T02:58:08.731Z CTX label=laborer_worker#4 childId=e0b623fd-f03e-4dbf-8d5d-1cbc3a18f922 tok=55122 base=14453 window=215040 pct=0.2563 peak=none
2026-09-23T02:58:09.732Z CTX label=laborer_worker#4 childId=e0b623fd-f03e-4dbf-8d5d-1cbc3a18f922 tok=55122 base=14453 window=215040 pct=0.2563 peak=none
2026-09-23T02:58:10.732Z CTX label=laborer_worker#4 childId=e0b623fd-f03e-4dbf-8d5d-1cbc3a18f922 tok=55122 base=14453 window=215040 pct=0.2563 peak=none
2026-09-23T02:58:11.734Z CTX label=laborer_worker#4 childId=e0b623fd-f03e-4dbf-8d5d-1cbc3a18f922 tok=55122 base=14453 window=215040 pct=0.2563 peak=none
2026-09-23T02:58:12.733Z CTX label=laborer_worker#4 childId=e0b623fd-f03e-4dbf-8d5d-1cbc3a18f922 tok=55122 base=14453 window=215040 pct=0.2563 peak=none
2026-09-23T02:58:13.734Z CTX label=laborer_worker#4 childId=e0b623fd-f03e-4dbf-8d5d-1cbc3a18f922 tok=55122 base=14453 window=215040 pct=0.2563 peak=none
2026-09-23T02:58:14.735Z CTX label=laborer_worker#4 childId=e0b623fd-f03e-4dbf-8d5d-1cbc3a18f922 tok=55122 base=14453 window=215040 pct=0.2563 peak=none
2026-09-23T02:58:15.736Z CTX label=laborer_worker#4 childId=e0b623fd-f03e-4dbf-8d5d-1cbc3a18f922 tok=55122 base=14453 window=215040 pct=0.2563 peak=none
2026-09-23T02:58:16.738Z CTX label=laborer_worker#4 childId=e0b623fd-f03e-4dbf-8d5d-1cbc3a18f922 tok=55122 base=14453 window=215040 pct=0.2563 peak=none
2026-09-23T02:58:17.738Z CTX label=laborer_worker#4 childId=e0b623fd-f03e-4dbf-8d5d-1cbc3a18f922 tok=55122 base=14453 window=215040 pct=0.2563 peak=none
2026-09-23T02:58:18.738Z CTX label=laborer_worker#4 childId=e0b623fd-f03e-4dbf-8d5d-1cbc3a18f922 tok=55122 base=14453 window=215040 pct=0.2563 peak=none
2026-09-23T02:58:19.738Z CTX label=laborer_worker#4 childId=e0b623fd-f03e-4dbf-8d5d-1cbc3a18f922 tok=55122 base=14453 window=215040 pct=0.2563 peak=none
2026-09-23T02:58:20.739Z CTX label=laborer_worker#4 childId=e0b623fd-f03e-4dbf-8d5d-1cbc3a18f922 tok=55122 base=14453 window=215040 pct=0.2563 peak=none
2026-09-23T02:58:21.740Z CTX label=laborer_worker#4 childId=e0b623fd-f03e-4dbf-8d5d-1cbc3a18f922 tok=55122 base=14453 window=215040 pct=0.2563 peak=none
2026-09-23T02:58:22.742Z CTX label=laborer_worker#4 childId=e0b623fd-f03e-4dbf-8d5d-1cbc3a18f922 tok=55122 base=14453 window=215040 pct=0.2563 peak=none
2026-09-23T02:58:23.742Z CTX label=laborer_worker#4 childId=e0b623fd-f03e-4dbf-8d5d-1cbc3a18f922 tok=55133 base=14453 window=215040 pct=0.2564 peak=none
2026-09-23T02:58:24.744Z CTX label=laborer_worker#4 childId=e0b623fd-f03e-4dbf-8d5d-1cbc3a18f922 tok=55176 base=14453 window=215040 pct=0.2566 peak=none
2026-09-23T02:58:25.743Z CTX label=laborer_worker#4 childId=e0b623fd-f03e-4dbf-8d5d-1cbc3a18f922 tok=66082 base=14453 window=215040 pct=0.3073 peak=none
2026-09-23T02:58:26.743Z CTX label=laborer_worker#4 childId=e0b623fd-f03e-4dbf-8d5d-1cbc3a18f922 tok=66082 base=14453 window=215040 pct=0.3073 peak=none
2026-09-23T02:58:27.744Z CTX label=laborer_worker#4 childId=e0b623fd-f03e-4dbf-8d5d-1cbc3a18f922 tok=66082 base=14453 window=215040 pct=0.3073 peak=none
2026-09-23T02:58:28.744Z CTX label=laborer_worker#4 childId=e0b623fd-f03e-4dbf-8d5d-1cbc3a18f922 tok=66082 base=14453 window=215040 pct=0.3073 peak=none
2026-09-23T02:58:29.746Z CTX label=laborer_worker#4 childId=e0b623fd-f03e-4dbf-8d5d-1cbc3a18f922 tok=66082 base=14453 window=215040 pct=0.3073 peak=none
2026-09-23T02:58:30.747Z CTX label=laborer_worker#4 childId=e0b623fd-f03e-4dbf-8d5d-1cbc3a18f922 tok=66082 base=14453 window=215040 pct=0.3073 peak=none
2026-09-23T02:58:31.747Z CTX label=laborer_worker#4 childId=e0b623fd-f03e-4dbf-8d5d-1cbc3a18f922 tok=66242 base=14453 window=215040 pct=0.3080 peak=none
2026-09-23T02:58:32.749Z CTX label=laborer_worker#4 childId=e0b623fd-f03e-4dbf-8d5d-1cbc3a18f922 tok=66493 base=14453 window=215040 pct=0.3092 peak=none
2026-09-23T02:58:33.749Z CTX label=laborer_worker#4 childId=e0b623fd-f03e-4dbf-8d5d-1cbc3a18f922 tok=66563 base=14453 window=215040 pct=0.3095 peak=none
2026-09-23T02:58:34.750Z CTX label=laborer_worker#4 childId=e0b623fd-f03e-4dbf-8d5d-1cbc3a18f922 tok=66816 base=14453 window=215040 pct=0.3107 peak=none
2026-09-23T02:58:35.753Z CTX label=laborer_worker#4 childId=e0b623fd-f03e-4dbf-8d5d-1cbc3a18f922 tok=66882 base=14453 window=215040 pct=0.3110 peak=none
2026-09-23T02:58:36.754Z CTX label=laborer_worker#4 childId=e0b623fd-f03e-4dbf-8d5d-1cbc3a18f922 tok=66952 base=14453 window=215040 pct=0.3113 peak=none
2026-09-23T02:58:37.756Z CTX label=laborer_worker#4 childId=e0b623fd-f03e-4dbf-8d5d-1cbc3a18f922 tok=67241 base=14453 window=215040 pct=0.3127 peak=none
2026-09-23T02:58:38.757Z CTX label=laborer_worker#4 childId=e0b623fd-f03e-4dbf-8d5d-1cbc3a18f922 tok=67314 base=14453 window=215040 pct=0.3130 peak=none
2026-09-23T02:58:39.758Z CTX label=laborer_worker#4 childId=e0b623fd-f03e-4dbf-8d5d-1cbc3a18f922 tok=67351 base=14453 window=215040 pct=0.3132 peak=none
2026-09-23T02:58:40.758Z CTX label=laborer_worker#4 childId=e0b623fd-f03e-4dbf-8d5d-1cbc3a18f922 tok=67351 base=14453 window=215040 pct=0.3132 peak=none
2026-09-23T02:58:41.759Z CTX label=laborer_worker#4 childId=e0b623fd-f03e-4dbf-8d5d-1cbc3a18f922 tok=67351 base=14453 window=215040 pct=0.3132 peak=none
2026-09-23T02:58:42.759Z CTX label=laborer_worker#4 childId=e0b623fd-f03e-4dbf-8d5d-1cbc3a18f922 tok=67351 base=14453 window=215040 pct=0.3132 peak=none
2026-09-23T02:58:43.760Z CTX label=laborer_worker#4 childId=e0b623fd-f03e-4dbf-8d5d-1cbc3a18f922 tok=67351 base=14453 window=215040 pct=0.3132 peak=none
2026-09-23T02:58:44.761Z CTX label=laborer_worker#4 childId=e0b623fd-f03e-4dbf-8d5d-1cbc3a18f922 tok=67351 base=14453 window=215040 pct=0.3132 peak=none
2026-09-23T02:58:45.762Z CTX label=laborer_worker#4 childId=e0b623fd-f03e-4dbf-8d5d-1cbc3a18f922 tok=67351 base=14453 window=215040 pct=0.3132 peak=none
2026-09-23T02:58:46.762Z CTX label=laborer_worker#4 childId=e0b623fd-f03e-4dbf-8d5d-1cbc3a18f922 tok=67351 base=14453 window=215040 pct=0.3132 peak=none
2026-09-23T02:58:47.763Z CTX label=laborer_worker#4 childId=e0b623fd-f03e-4dbf-8d5d-1cbc3a18f922 tok=67351 base=14453 window=215040 pct=0.3132 peak=none
2026-09-23T02:58:48.763Z CTX label=laborer_worker#4 childId=e0b623fd-f03e-4dbf-8d5d-1cbc3a18f922 tok=67351 base=14453 window=215040 pct=0.3132 peak=none
2026-09-23T02:58:49.764Z CTX label=laborer_worker#4 childId=e0b623fd-f03e-4dbf-8d5d-1cbc3a18f922 tok=67351 base=14453 window=215040 pct=0.3132 peak=none
2026-09-23T02:58:50.764Z CTX label=laborer_worker#4 childId=e0b623fd-f03e-4dbf-8d5d-1cbc3a18f922 tok=67351 base=14453 window=215040 pct=0.3132 peak=none
2026-09-23T02:58:51.764Z CTX label=laborer_worker#4 childId=e0b623fd-f03e-4dbf-8d5d-1cbc3a18f922 tok=67351 base=14453 window=215040 pct=0.3132 peak=none
2026-09-23T02:58:52.764Z CTX label=laborer_worker#4 childId=e0b623fd-f03e-4dbf-8d5d-1cbc3a18f922 tok=67351 base=14453 window=215040 pct=0.3132 peak=none
2026-09-23T02:58:53.764Z CTX label=laborer_worker#4 childId=e0b623fd-f03e-4dbf-8d5d-1cbc3a18f922 tok=67351 base=14453 window=215040 pct=0.3132 peak=none
2026-09-23T02:58:54.765Z CTX label=laborer_worker#4 childId=e0b623fd-f03e-4dbf-8d5d-1cbc3a18f922 tok=67351 base=14453 window=215040 pct=0.3132 peak=none
2026-09-23T02:58:55.766Z CTX label=laborer_worker#4 childId=e0b623fd-f03e-4dbf-8d5d-1cbc3a18f922 tok=67351 base=14453 window=215040 pct=0.3132 peak=none
2026-09-23T02:58:56.767Z CTX label=laborer_worker#4 childId=e0b623fd-f03e-4dbf-8d5d-1cbc3a18f922 tok=67351 base=14453 window=215040 pct=0.3132 peak=none
2026-09-23T02:58:57.769Z CTX label=laborer_worker#4 childId=e0b623fd-f03e-4dbf-8d5d-1cbc3a18f922 tok=67351 base=14453 window=215040 pct=0.3132 peak=none
2026-09-23T02:58:58.769Z CTX label=laborer_worker#4 childId=e0b623fd-f03e-4dbf-8d5d-1cbc3a18f922 tok=67351 base=14453 window=215040 pct=0.3132 peak=none
2026-09-23T02:58:59.770Z CTX label=laborer_worker#4 childId=e0b623fd-f03e-4dbf-8d5d-1cbc3a18f922 tok=67351 base=14453 window=215040 pct=0.3132 peak=none
2026-09-23T02:59:00.771Z CTX label=laborer_worker#4 childId=e0b623fd-f03e-4dbf-8d5d-1cbc3a18f922 tok=67351 base=14453 window=215040 pct=0.3132 peak=none
2026-09-23T02:59:01.773Z CTX label=laborer_worker#4 childId=e0b623fd-f03e-4dbf-8d5d-1cbc3a18f922 tok=67351 base=14453 window=215040 pct=0.3132 peak=none
2026-09-23T02:59:02.774Z CTX label=laborer_worker#4 childId=e0b623fd-f03e-4dbf-8d5d-1cbc3a18f922 tok=67351 base=14453 window=215040 pct=0.3132 peak=none
2026-09-23T02:59:03.774Z CTX label=laborer_worker#4 childId=e0b623fd-f03e-4dbf-8d5d-1cbc3a18f922 tok=67351 base=14453 window=215040 pct=0.3132 peak=none
2026-09-23T02:59:04.775Z CTX label=laborer_worker#4 childId=e0b623fd-f03e-4dbf-8d5d-1cbc3a18f922 tok=67351 base=14453 window=215040 pct=0.3132 peak=none
2026-09-23T02:59:05.776Z CTX label=laborer_worker#4 childId=e0b623fd-f03e-4dbf-8d5d-1cbc3a18f922 tok=67351 base=14453 window=215040 pct=0.3132 peak=none
2026-09-23T02:59:06.775Z CTX label=laborer_worker#4 childId=e0b623fd-f03e-4dbf-8d5d-1cbc3a18f922 tok=67351 base=14453 window=215040 pct=0.3132 peak=none
2026-09-23T02:59:07.777Z CTX label=laborer_worker#4 childId=e0b623fd-f03e-4dbf-8d5d-1cbc3a18f922 tok=67351 base=14453 window=215040 pct=0.3132 peak=none
2026-09-23T02:59:08.778Z CTX label=laborer_worker#4 childId=e0b623fd-f03e-4dbf-8d5d-1cbc3a18f922 tok=67351 base=14453 window=215040 pct=0.3132 peak=none
2026-09-23T02:59:09.779Z CTX label=laborer_worker#4 childId=e0b623fd-f03e-4dbf-8d5d-1cbc3a18f922 tok=67351 base=14453 window=215040 pct=0.3132 peak=none
2026-09-23T02:59:10.780Z CTX label=laborer_worker#4 childId=e0b623fd-f03e-4dbf-8d5d-1cbc3a18f922 tok=67351 base=14453 window=215040 pct=0.3132 peak=none
2026-09-23T02:59:11.780Z CTX label=laborer_worker#4 childId=e0b623fd-f03e-4dbf-8d5d-1cbc3a18f922 tok=67351 base=14453 window=215040 pct=0.3132 peak=none
2026-09-23T02:59:12.781Z CTX label=laborer_worker#4 childId=e0b623fd-f03e-4dbf-8d5d-1cbc3a18f922 tok=67351 base=14453 window=215040 pct=0.3132 peak=none
2026-09-23T02:59:13.783Z CTX label=laborer_worker#4 childId=e0b623fd-f03e-4dbf-8d5d-1cbc3a18f922 tok=67351 base=14453 window=215040 pct=0.3132 peak=none
2026-09-23T02:59:14.783Z CTX label=laborer_worker#4 childId=e0b623fd-f03e-4dbf-8d5d-1cbc3a18f922 tok=67351 base=14453 window=215040 pct=0.3132 peak=none
2026-09-23T02:59:15.784Z CTX label=laborer_worker#4 childId=e0b623fd-f03e-4dbf-8d5d-1cbc3a18f922 tok=67351 base=14453 window=215040 pct=0.3132 peak=none
2026-09-23T02:59:16.785Z CTX label=laborer_worker#4 childId=e0b623fd-f03e-4dbf-8d5d-1cbc3a18f922 tok=67351 base=14453 window=215040 pct=0.3132 peak=none
2026-09-23T02:59:17.786Z CTX label=laborer_worker#4 childId=e0b623fd-f03e-4dbf-8d5d-1cbc3a18f922 tok=67351 base=14453 window=215040 pct=0.3132 peak=none
2026-09-23T02:59:18.787Z CTX label=laborer_worker#4 childId=e0b623fd-f03e-4dbf-8d5d-1cbc3a18f922 tok=67351 base=14453 window=215040 pct=0.3132 peak=none
2026-09-23T02:59:19.786Z CTX label=laborer_worker#4 childId=e0b623fd-f03e-4dbf-8d5d-1cbc3a18f922 tok=67351 base=14453 window=215040 pct=0.3132 peak=none
2026-09-23T02:59:20.787Z CTX label=laborer_worker#4 childId=e0b623fd-f03e-4dbf-8d5d-1cbc3a18f922 tok=67351 base=14453 window=215040 pct=0.3132 peak=none
2026-09-23T02:59:21.788Z CTX label=laborer_worker#4 childId=e0b623fd-f03e-4dbf-8d5d-1cbc3a18f922 tok=67351 base=14453 window=215040 pct=0.3132 peak=none
2026-09-23T02:59:22.789Z CTX label=laborer_worker#4 childId=e0b623fd-f03e-4dbf-8d5d-1cbc3a18f922 tok=67351 base=14453 window=215040 pct=0.3132 peak=none
2026-09-23T02:59:23.790Z CTX label=laborer_worker#4 childId=e0b623fd-f03e-4dbf-8d5d-1cbc3a18f922 tok=67351 base=14453 window=215040 pct=0.3132 peak=none
2026-09-23T02:59:24.792Z CTX label=laborer_worker#4 childId=e0b623fd-f03e-4dbf-8d5d-1cbc3a18f922 tok=67351 base=14453 window=215040 pct=0.3132 peak=none
2026-09-23T02:59:25.791Z CTX label=laborer_worker#4 childId=e0b623fd-f03e-4dbf-8d5d-1cbc3a18f922 tok=67351 base=14453 window=215040 pct=0.3132 peak=none
2026-09-23T02:59:26.791Z CTX label=laborer_worker#4 childId=e0b623fd-f03e-4dbf-8d5d-1cbc3a18f922 tok=67351 base=14453 window=215040 pct=0.3132 peak=none
2026-09-23T02:59:27.794Z CTX label=laborer_worker#4 childId=e0b623fd-f03e-4dbf-8d5d-1cbc3a18f922 tok=67351 base=14453 window=215040 pct=0.3132 peak=none
2026-09-23T02:59:28.792Z CTX label=laborer_worker#4 childId=e0b623fd-f03e-4dbf-8d5d-1cbc3a18f922 tok=67351 base=14453 window=215040 pct=0.3132 peak=none
2026-09-23T02:59:29.794Z CTX label=laborer_worker#4 childId=e0b623fd-f03e-4dbf-8d5d-1cbc3a18f922 tok=67351 base=14453 window=215040 pct=0.3132 peak=none
2026-09-23T02:59:30.795Z CTX label=laborer_worker#4 childId=e0b623fd-f03e-4dbf-8d5d-1cbc3a18f922 tok=67351 base=14453 window=215040 pct=0.3132 peak=none
2026-09-23T02:59:31.794Z CTX label=laborer_worker#4 childId=e0b623fd-f03e-4dbf-8d5d-1cbc3a18f922 tok=67351 base=14453 window=215040 pct=0.3132 peak=none
2026-09-23T02:59:32.795Z CTX label=laborer_worker#4 childId=e0b623fd-f03e-4dbf-8d5d-1cbc3a18f922 tok=67351 base=14453 window=215040 pct=0.3132 peak=none
2026-09-23T02:59:33.796Z CTX label=laborer_worker#4 childId=e0b623fd-f03e-4dbf-8d5d-1cbc3a18f922 tok=67351 base=14453 window=215040 pct=0.3132 peak=none
2026-09-23T02:59:34.796Z CTX label=laborer_worker#4 childId=e0b623fd-f03e-4dbf-8d5d-1cbc3a18f922 tok=67351 base=14453 window=215040 pct=0.3132 peak=none
2026-09-23T02:59:35.797Z CTX label=laborer_worker#4 childId=e0b623fd-f03e-4dbf-8d5d-1cbc3a18f922 tok=67351 base=14453 window=215040 pct=0.3132 peak=none
2026-09-23T02:59:36.796Z CTX label=laborer_worker#4 childId=e0b623fd-f03e-4dbf-8d5d-1cbc3a18f922 tok=71245 base=14453 window=215040 pct=0.3313 peak=none
2026-09-23T02:59:37.796Z CTX label=laborer_worker#4 childId=e0b623fd-f03e-4dbf-8d5d-1cbc3a18f922 tok=71268 base=14453 window=215040 pct=0.3314 peak=none
2026-09-23T02:59:38.797Z CTX label=laborer_worker#4 childId=e0b623fd-f03e-4dbf-8d5d-1cbc3a18f922 tok=76498 base=14453 window=215040 pct=0.3557 peak=none
2026-09-23T02:59:39.798Z CTX label=laborer_worker#4 childId=e0b623fd-f03e-4dbf-8d5d-1cbc3a18f922 tok=76532 base=14453 window=215040 pct=0.3559 peak=none
2026-09-23T02:59:40.798Z CTX label=laborer_worker#4 childId=e0b623fd-f03e-4dbf-8d5d-1cbc3a18f922 tok=76715 base=14453 window=215040 pct=0.3567 peak=none
2026-09-23T02:59:41.799Z CTX label=laborer_worker#4 childId=e0b623fd-f03e-4dbf-8d5d-1cbc3a18f922 tok=76744 base=14453 window=215040 pct=0.3569 peak=none
2026-09-23T02:59:42.799Z CTX label=laborer_worker#4 childId=e0b623fd-f03e-4dbf-8d5d-1cbc3a18f922 tok=76744 base=14453 window=215040 pct=0.3569 peak=none
2026-09-23T02:59:43.800Z CTX label=laborer_worker#4 childId=e0b623fd-f03e-4dbf-8d5d-1cbc3a18f922 tok=77048 base=14453 window=215040 pct=0.3583 peak=none
2026-09-23T02:59:44.801Z CTX label=laborer_worker#4 childId=e0b623fd-f03e-4dbf-8d5d-1cbc3a18f922 tok=77134 base=14453 window=215040 pct=0.3587 peak=none
2026-09-23T02:59:45.801Z CTX label=laborer_worker#4 childId=e0b623fd-f03e-4dbf-8d5d-1cbc3a18f922 tok=77205 base=14453 window=215040 pct=0.3590 peak=none
2026-09-23T02:59:46.801Z CTX label=laborer_worker#4 childId=e0b623fd-f03e-4dbf-8d5d-1cbc3a18f922 tok=77337 base=14453 window=215040 pct=0.3596 peak=none
2026-09-23T02:59:47.802Z CTX label=laborer_worker#4 childId=e0b623fd-f03e-4dbf-8d5d-1cbc3a18f922 tok=77379 base=14453 window=215040 pct=0.3598 peak=none
2026-09-23T02:59:48.802Z CTX label=laborer_worker#4 childId=e0b623fd-f03e-4dbf-8d5d-1cbc3a18f922 tok=77379 base=14453 window=215040 pct=0.3598 peak=none
2026-09-23T02:59:49.803Z CTX label=laborer_worker#4 childId=e0b623fd-f03e-4dbf-8d5d-1cbc3a18f922 tok=77379 base=14453 window=215040 pct=0.3598 peak=none
2026-09-23T02:59:50.803Z CTX label=laborer_worker#4 childId=e0b623fd-f03e-4dbf-8d5d-1cbc3a18f922 tok=77488 base=14453 window=215040 pct=0.3603 peak=none
2026-09-23T02:59:51.804Z CTX label=laborer_worker#4 childId=e0b623fd-f03e-4dbf-8d5d-1cbc3a18f922 tok=77576 base=14453 window=215040 pct=0.3608 peak=none
2026-09-23T02:59:52.806Z CTX label=laborer_worker#4 childId=e0b623fd-f03e-4dbf-8d5d-1cbc3a18f922 tok=77623 base=14453 window=215040 pct=0.3610 peak=none
2026-09-23T02:59:53.806Z CTX label=laborer_worker#4 childId=e0b623fd-f03e-4dbf-8d5d-1cbc3a18f922 tok=77623 base=14453 window=215040 pct=0.3610 peak=none
2026-09-23T02:59:54.808Z CTX label=laborer_worker#4 childId=e0b623fd-f03e-4dbf-8d5d-1cbc3a18f922 tok=77623 base=14453 window=215040 pct=0.3610 peak=none
2026-09-23T02:59:55.810Z CTX label=laborer_worker#4 childId=e0b623fd-f03e-4dbf-8d5d-1cbc3a18f922 tok=77623 base=14453 window=215040 pct=0.3610 peak=none
2026-09-23T02:59:56.810Z CTX label=laborer_worker#4 childId=e0b623fd-f03e-4dbf-8d5d-1cbc3a18f922 tok=77623 base=14453 window=215040 pct=0.3610 peak=none
2026-09-23T02:59:57.810Z CTX label=laborer_worker#4 childId=e0b623fd-f03e-4dbf-8d5d-1cbc3a18f922 tok=78184 base=14453 window=215040 pct=0.3636 peak=none
2026-09-23T02:59:58.812Z CTX label=laborer_worker#4 childId=e0b623fd-f03e-4dbf-8d5d-1cbc3a18f922 tok=78184 base=14453 window=215040 pct=0.3636 peak=none
2026-09-23T02:59:59.812Z CTX label=laborer_worker#4 childId=e0b623fd-f03e-4dbf-8d5d-1cbc3a18f922 tok=78184 base=14453 window=215040 pct=0.3636 peak=none
2026-09-23T03:00:00.813Z CTX label=laborer_worker#4 childId=e0b623fd-f03e-4dbf-8d5d-1cbc3a18f922 tok=78184 base=14453 window=215040 pct=0.3636 peak=none
2026-09-23T03:00:01.814Z CTX label=laborer_worker#4 childId=e0b623fd-f03e-4dbf-8d5d-1cbc3a18f922 tok=78184 base=14453 window=215040 pct=0.3636 peak=none
2026-09-23T03:00:02.815Z CTX label=laborer_worker#4 childId=e0b623fd-f03e-4dbf-8d5d-1cbc3a18f922 tok=78184 base=14453 window=215040 pct=0.3636 peak=none
2026-09-23T03:00:03.816Z CTX label=laborer_worker#4 childId=e0b623fd-f03e-4dbf-8d5d-1cbc3a18f922 tok=78184 base=14453 window=215040 pct=0.3636 peak=none
2026-09-23T03:00:04.816Z CTX label=laborer_worker#4 childId=e0b623fd-f03e-4dbf-8d5d-1cbc3a18f922 tok=78244 base=14453 window=215040 pct=0.3639 peak=none
2026-09-23T03:00:05.818Z CTX label=laborer_worker#4 childId=e0b623fd-f03e-4dbf-8d5d-1cbc3a18f922 tok=78263 base=14453 window=215040 pct=0.3639 peak=none
2026-09-23T03:00:06.818Z CTX label=laborer_worker#4 childId=e0b623fd-f03e-4dbf-8d5d-1cbc3a18f922 tok=78653 base=14453 window=215040 pct=0.3658 peak=none
2026-09-23T03:00:07.820Z CTX label=laborer_worker#4 childId=e0b623fd-f03e-4dbf-8d5d-1cbc3a18f922 tok=78653 base=14453 window=215040 pct=0.3658 peak=none
2026-09-23T03:00:08.821Z CTX label=laborer_worker#4 childId=e0b623fd-f03e-4dbf-8d5d-1cbc3a18f922 tok=78653 base=14453 window=215040 pct=0.3658 peak=none
2026-09-23T03:00:09.821Z CTX label=laborer_worker#4 childId=e0b623fd-f03e-4dbf-8d5d-1cbc3a18f922 tok=78703 base=14453 window=215040 pct=0.3660 peak=none
2026-09-23T03:00:10.822Z CTX label=laborer_worker#4 childId=e0b623fd-f03e-4dbf-8d5d-1cbc3a18f922 tok=78794 base=14453 window=215040 pct=0.3664 peak=none
2026-09-23T03:00:11.825Z CTX label=laborer_worker#4 childId=e0b623fd-f03e-4dbf-8d5d-1cbc3a18f922 tok=78881 base=14453 window=215040 pct=0.3668 peak=none
2026-09-23T03:00:12.825Z CTX label=laborer_worker#4 childId=e0b623fd-f03e-4dbf-8d5d-1cbc3a18f922 tok=78979 base=14453 window=215040 pct=0.3673 peak=none
2026-09-23T03:00:13.824Z CTX label=laborer_worker#4 childId=e0b623fd-f03e-4dbf-8d5d-1cbc3a18f922 tok=79070 base=14453 window=215040 pct=0.3677 peak=none
2026-09-23T03:00:14.825Z CTX label=laborer_worker#4 childId=e0b623fd-f03e-4dbf-8d5d-1cbc3a18f922 tok=79166 base=14453 window=215040 pct=0.3681 peak=none
2026-09-23T03:00:15.826Z CTX label=laborer_worker#4 childId=e0b623fd-f03e-4dbf-8d5d-1cbc3a18f922 tok=80571 base=14453 window=215040 pct=0.3747 peak=none
2026-09-23T03:00:16.827Z CTX label=laborer_worker#4 childId=e0b623fd-f03e-4dbf-8d5d-1cbc3a18f922 tok=80571 base=14453 window=215040 pct=0.3747 peak=none
2026-09-23T03:00:17.826Z CTX label=laborer_worker#4 childId=e0b623fd-f03e-4dbf-8d5d-1cbc3a18f922 tok=80571 base=14453 window=215040 pct=0.3747 peak=none
2026-09-23T03:00:18.827Z CTX label=laborer_worker#4 childId=e0b623fd-f03e-4dbf-8d5d-1cbc3a18f922 tok=80630 base=14453 window=215040 pct=0.3750 peak=none
2026-09-23T03:00:19.828Z CTX label=laborer_worker#4 childId=e0b623fd-f03e-4dbf-8d5d-1cbc3a18f922 tok=80733 base=14453 window=215040 pct=0.3754 peak=none
2026-09-23T03:00:20.829Z CTX label=laborer_worker#4 childId=e0b623fd-f03e-4dbf-8d5d-1cbc3a18f922 tok=80842 base=14453 window=215040 pct=0.3759 peak=none
2026-09-23T03:00:21.829Z CTX label=laborer_worker#4 childId=e0b623fd-f03e-4dbf-8d5d-1cbc3a18f922 tok=80926 base=14453 window=215040 pct=0.3763 peak=none
2026-09-23T03:00:22.830Z CTX label=laborer_worker#4 childId=e0b623fd-f03e-4dbf-8d5d-1cbc3a18f922 tok=81032 base=14453 window=215040 pct=0.3768 peak=none
2026-09-23T03:00:23.831Z CTX label=laborer_worker#4 childId=e0b623fd-f03e-4dbf-8d5d-1cbc3a18f922 tok=81079 base=14453 window=215040 pct=0.3770 peak=none
2026-09-23T03:00:24.832Z CTX label=laborer_worker#4 childId=e0b623fd-f03e-4dbf-8d5d-1cbc3a18f922 tok=81079 base=14453 window=215040 pct=0.3770 peak=none
2026-09-23T03:00:25.833Z CTX label=laborer_worker#4 childId=e0b623fd-f03e-4dbf-8d5d-1cbc3a18f922 tok=81079 base=14453 window=215040 pct=0.3770 peak=none
2026-09-23T03:00:26.835Z CTX label=laborer_worker#4 childId=e0b623fd-f03e-4dbf-8d5d-1cbc3a18f922 tok=81079 base=14453 window=215040 pct=0.3770 peak=none
2026-09-23T03:00:27.834Z CTX label=laborer_worker#4 childId=e0b623fd-f03e-4dbf-8d5d-1cbc3a18f922 tok=82599 base=14453 window=215040 pct=0.3841 peak=none
2026-09-23T03:00:28.835Z CTX label=laborer_worker#4 childId=e0b623fd-f03e-4dbf-8d5d-1cbc3a18f922 tok=82599 base=14453 window=215040 pct=0.3841 peak=none
2026-09-23T03:00:29.836Z CTX label=laborer_worker#4 childId=e0b623fd-f03e-4dbf-8d5d-1cbc3a18f922 tok=82599 base=14453 window=215040 pct=0.3841 peak=none
2026-09-23T03:00:30.839Z CTX label=laborer_worker#4 childId=e0b623fd-f03e-4dbf-8d5d-1cbc3a18f922 tok=82599 base=14453 window=215040 pct=0.3841 peak=none
2026-09-23T03:00:31.840Z CTX label=laborer_worker#4 childId=e0b623fd-f03e-4dbf-8d5d-1cbc3a18f922 tok=82599 base=14453 window=215040 pct=0.3841 peak=none
2026-09-23T03:00:32.841Z CTX label=laborer_worker#4 childId=e0b623fd-f03e-4dbf-8d5d-1cbc3a18f922 tok=82599 base=14453 window=215040 pct=0.3841 peak=none
2026-09-23T03:00:33.843Z CTX label=laborer_worker#4 childId=e0b623fd-f03e-4dbf-8d5d-1cbc3a18f922 tok=82615 base=14453 window=215040 pct=0.3842 peak=none
2026-09-23T03:00:34.842Z CTX label=laborer_worker#4 childId=e0b623fd-f03e-4dbf-8d5d-1cbc3a18f922 tok=82761 base=14453 window=215040 pct=0.3849 peak=none
2026-09-23T03:00:35.843Z CTX label=laborer_worker#4 childId=e0b623fd-f03e-4dbf-8d5d-1cbc3a18f922 tok=82889 base=14453 window=215040 pct=0.3855 peak=none
2026-09-23T03:00:36.844Z CTX label=laborer_worker#4 childId=e0b623fd-f03e-4dbf-8d5d-1cbc3a18f922 tok=82889 base=14453 window=215040 pct=0.3855 peak=none
2026-09-23T03:00:37.845Z CTX label=laborer_worker#4 childId=e0b623fd-f03e-4dbf-8d5d-1cbc3a18f922 tok=82904 base=14453 window=215040 pct=0.3855 peak=none
2026-09-23T03:00:38.846Z CTX label=laborer_worker#4 childId=e0b623fd-f03e-4dbf-8d5d-1cbc3a18f922 tok=82993 base=14453 window=215040 pct=0.3859 peak=none
2026-09-23T03:00:39.847Z CTX label=laborer_worker#4 childId=e0b623fd-f03e-4dbf-8d5d-1cbc3a18f922 tok=83093 base=14453 window=215040 pct=0.3864 peak=none
2026-09-23T03:00:40.849Z CTX label=laborer_worker#4 childId=e0b623fd-f03e-4dbf-8d5d-1cbc3a18f922 tok=83157 base=14453 window=215040 pct=0.3867 peak=none
2026-09-23T03:00:41.849Z CTX label=laborer_worker#4 childId=e0b623fd-f03e-4dbf-8d5d-1cbc3a18f922 tok=84446 base=14453 window=215040 pct=0.3927 peak=none
2026-09-23T03:00:42.850Z CTX label=laborer_worker#4 childId=e0b623fd-f03e-4dbf-8d5d-1cbc3a18f922 tok=84470 base=14453 window=215040 pct=0.3928 peak=none
2026-09-23T03:00:43.849Z CTX label=laborer_worker#4 childId=e0b623fd-f03e-4dbf-8d5d-1cbc3a18f922 tok=84556 base=14453 window=215040 pct=0.3932 peak=none
2026-09-23T03:00:44.850Z CTX label=laborer_worker#4 childId=e0b623fd-f03e-4dbf-8d5d-1cbc3a18f922 tok=84649 base=14453 window=215040 pct=0.3936 peak=none
2026-09-23T03:00:45.851Z CTX label=laborer_worker#4 childId=e0b623fd-f03e-4dbf-8d5d-1cbc3a18f922 tok=84725 base=14453 window=215040 pct=0.3940 peak=none
2026-09-23T03:00:46.850Z CTX label=laborer_worker#4 childId=e0b623fd-f03e-4dbf-8d5d-1cbc3a18f922 tok=84786 base=14453 window=215040 pct=0.3943 peak=none
2026-09-23T03:00:47.852Z CTX label=laborer_worker#4 childId=e0b623fd-f03e-4dbf-8d5d-1cbc3a18f922 tok=84899 base=14453 window=215040 pct=0.3948 peak=none
2026-09-23T03:00:48.852Z CTX label=laborer_worker#4 childId=e0b623fd-f03e-4dbf-8d5d-1cbc3a18f922 tok=84908 base=14453 window=215040 pct=0.3948 peak=none
2026-09-23T03:00:49.853Z CTX label=laborer_worker#4 childId=e0b623fd-f03e-4dbf-8d5d-1cbc3a18f922 tok=84996 base=14453 window=215040 pct=0.3953 peak=none
2026-09-23T03:00:50.855Z CTX label=laborer_worker#4 childId=e0b623fd-f03e-4dbf-8d5d-1cbc3a18f922 tok=85000 base=14453 window=215040 pct=0.3953 peak=none
2026-09-23T03:00:51.855Z CTX label=laborer_worker#4 childId=e0b623fd-f03e-4dbf-8d5d-1cbc3a18f922 tok=85084 base=14453 window=215040 pct=0.3957 peak=none
2026-09-23T03:00:52.856Z CTX label=laborer_worker#4 childId=e0b623fd-f03e-4dbf-8d5d-1cbc3a18f922 tok=85084 base=14453 window=215040 pct=0.3957 peak=none
2026-09-23T03:00:53.858Z CTX label=laborer_worker#4 childId=e0b623fd-f03e-4dbf-8d5d-1cbc3a18f922 tok=85100 base=14453 window=215040 pct=0.3957 peak=none
2026-09-23T03:00:54.858Z CTX label=laborer_worker#4 childId=e0b623fd-f03e-4dbf-8d5d-1cbc3a18f922 tok=85100 base=14453 window=215040 pct=0.3957 peak=none
2026-09-23T03:00:55.859Z CTX label=laborer_worker#4 childId=e0b623fd-f03e-4dbf-8d5d-1cbc3a18f922 tok=85167 base=14453 window=215040 pct=0.3961 peak=none
2026-09-23T03:00:56.859Z CTX label=laborer_worker#4 childId=e0b623fd-f03e-4dbf-8d5d-1cbc3a18f922 tok=85267 base=14453 window=215040 pct=0.3965 peak=none
2026-09-23T03:00:57.860Z CTX label=laborer_worker#4 childId=e0b623fd-f03e-4dbf-8d5d-1cbc3a18f922 tok=85356 base=14453 window=215040 pct=0.3969 peak=none
2026-09-23T03:00:58.861Z CTX label=laborer_worker#4 childId=e0b623fd-f03e-4dbf-8d5d-1cbc3a18f922 tok=85440 base=14453 window=215040 pct=0.3973 peak=none
2026-09-23T03:00:59.861Z CTX label=laborer_worker#4 childId=e0b623fd-f03e-4dbf-8d5d-1cbc3a18f922 tok=85530 base=14453 window=215040 pct=0.3977 peak=none
2026-09-23T03:01:00.862Z CTX label=laborer_worker#4 childId=e0b623fd-f03e-4dbf-8d5d-1cbc3a18f922 tok=85634 base=14453 window=215040 pct=0.3982 peak=none
2026-09-23T03:01:01.864Z CTX label=laborer_worker#4 childId=e0b623fd-f03e-4dbf-8d5d-1cbc3a18f922 tok=85709 base=14453 window=215040 pct=0.3986 peak=none
2026-09-23T03:01:02.864Z CTX label=laborer_worker#4 childId=e0b623fd-f03e-4dbf-8d5d-1cbc3a18f922 tok=85783 base=14453 window=215040 pct=0.3989 peak=none
2026-09-23T03:01:03.865Z CTX label=laborer_worker#4 childId=e0b623fd-f03e-4dbf-8d5d-1cbc3a18f922 tok=85855 base=14453 window=215040 pct=0.3993 peak=none
2026-09-23T03:01:04.866Z CTX label=laborer_worker#4 childId=e0b623fd-f03e-4dbf-8d5d-1cbc3a18f922 tok=85934 base=14453 window=215040 pct=0.3996 peak=none
2026-09-23T03:01:05.866Z CTX label=laborer_worker#4 childId=e0b623fd-f03e-4dbf-8d5d-1cbc3a18f922 tok=86017 base=14453 window=215040 pct=0.4000 peak=none
2026-09-23T03:01:06.867Z CTX label=laborer_worker#4 childId=e0b623fd-f03e-4dbf-8d5d-1cbc3a18f922 tok=86103 base=14453 window=215040 pct=0.4004 peak=none
2026-09-23T03:01:07.869Z CTX label=laborer_worker#4 childId=e0b623fd-f03e-4dbf-8d5d-1cbc3a18f922 tok=86169 base=14453 window=215040 pct=0.4007 peak=none
2026-09-23T03:01:08.870Z CTX label=laborer_worker#4 childId=e0b623fd-f03e-4dbf-8d5d-1cbc3a18f922 tok=86273 base=14453 window=215040 pct=0.4012 peak=none
2026-09-23T03:01:09.871Z CTX label=laborer_worker#4 childId=e0b623fd-f03e-4dbf-8d5d-1cbc3a18f922 tok=86353 base=14453 window=215040 pct=0.4016 peak=none
2026-09-23T03:01:10.869Z CTX label=laborer_worker#4 childId=e0b623fd-f03e-4dbf-8d5d-1cbc3a18f922 tok=86470 base=14453 window=215040 pct=0.4021 peak=none
2026-09-23T03:01:11.872Z CTX label=laborer_worker#4 childId=e0b623fd-f03e-4dbf-8d5d-1cbc3a18f922 tok=86557 base=14453 window=215040 pct=0.4025 peak=none
2026-09-23T03:01:12.872Z CTX label=laborer_worker#4 childId=e0b623fd-f03e-4dbf-8d5d-1cbc3a18f922 tok=86650 base=14453 window=215040 pct=0.4029 peak=none
2026-09-23T03:01:13.872Z CTX label=laborer_worker#4 childId=e0b623fd-f03e-4dbf-8d5d-1cbc3a18f922 tok=86719 base=14453 window=215040 pct=0.4033 peak=none
2026-09-23T03:01:14.872Z CTX label=laborer_worker#4 childId=e0b623fd-f03e-4dbf-8d5d-1cbc3a18f922 tok=86821 base=14453 window=215040 pct=0.4037 peak=none
2026-09-23T03:01:15.874Z CTX label=laborer_worker#4 childId=e0b623fd-f03e-4dbf-8d5d-1cbc3a18f922 tok=86849 base=14453 window=215040 pct=0.4039 peak=none
2026-09-23T03:01:16.874Z CTX label=laborer_worker#4 childId=e0b623fd-f03e-4dbf-8d5d-1cbc3a18f922 tok=86849 base=14453 window=215040 pct=0.4039 peak=none
2026-09-23T03:01:17.873Z CTX label=laborer_worker#4 childId=e0b623fd-f03e-4dbf-8d5d-1cbc3a18f922 tok=86849 base=14453 window=215040 pct=0.4039 peak=none
2026-09-23T03:01:18.874Z CTX label=laborer_worker#4 childId=e0b623fd-f03e-4dbf-8d5d-1cbc3a18f922 tok=86849 base=14453 window=215040 pct=0.4039 peak=none
2026-09-23T03:01:19.874Z CTX label=laborer_worker#4 childId=e0b623fd-f03e-4dbf-8d5d-1cbc3a18f922 tok=86849 base=14453 window=215040 pct=0.4039 peak=none
2026-09-23T03:01:20.876Z CTX label=laborer_worker#4 childId=e0b623fd-f03e-4dbf-8d5d-1cbc3a18f922 tok=86849 base=14453 window=215040 pct=0.4039 peak=none
2026-09-23T03:01:21.876Z CTX label=laborer_worker#4 childId=e0b623fd-f03e-4dbf-8d5d-1cbc3a18f922 tok=86849 base=14453 window=215040 pct=0.4039 peak=none
2026-09-23T03:01:22.877Z CTX label=laborer_worker#4 childId=e0b623fd-f03e-4dbf-8d5d-1cbc3a18f922 tok=86849 base=14453 window=215040 pct=0.4039 peak=none
2026-09-23T03:01:23.878Z CTX label=laborer_worker#4 childId=e0b623fd-f03e-4dbf-8d5d-1cbc3a18f922 tok=86849 base=14453 window=215040 pct=0.4039 peak=none
2026-09-23T03:01:24.878Z CTX label=laborer_worker#4 childId=e0b623fd-f03e-4dbf-8d5d-1cbc3a18f922 tok=86849 base=14453 window=215040 pct=0.4039 peak=none
2026-09-23T03:01:25.880Z CTX label=laborer_worker#4 childId=e0b623fd-f03e-4dbf-8d5d-1cbc3a18f922 tok=87450 base=14453 window=215040 pct=0.4067 peak=none
2026-09-23T03:01:26.880Z CTX label=laborer_worker#4 childId=e0b623fd-f03e-4dbf-8d5d-1cbc3a18f922 tok=87450 base=14453 window=215040 pct=0.4067 peak=none
2026-09-23T03:01:27.881Z CTX label=laborer_worker#4 childId=e0b623fd-f03e-4dbf-8d5d-1cbc3a18f922 tok=87450 base=14453 window=215040 pct=0.4067 peak=none
2026-09-23T03:01:28.882Z CTX label=laborer_worker#4 childId=e0b623fd-f03e-4dbf-8d5d-1cbc3a18f922 tok=87450 base=14453 window=215040 pct=0.4067 peak=none
2026-09-23T03:01:29.883Z CTX label=laborer_worker#4 childId=e0b623fd-f03e-4dbf-8d5d-1cbc3a18f922 tok=87450 base=14453 window=215040 pct=0.4067 peak=none
2026-09-23T03:01:30.883Z CTX label=laborer_worker#4 childId=e0b623fd-f03e-4dbf-8d5d-1cbc3a18f922 tok=87576 base=14453 window=215040 pct=0.4073 peak=none
2026-09-23T03:01:31.883Z CTX label=laborer_worker#4 childId=e0b623fd-f03e-4dbf-8d5d-1cbc3a18f922 tok=88304 base=14453 window=215040 pct=0.4106 peak=none
2026-09-23T03:01:32.884Z CTX label=laborer_worker#4 childId=e0b623fd-f03e-4dbf-8d5d-1cbc3a18f922 tok=88363 base=14453 window=215040 pct=0.4109 peak=none
2026-09-23T03:01:33.885Z CTX label=laborer_worker#4 childId=e0b623fd-f03e-4dbf-8d5d-1cbc3a18f922 tok=88557 base=14453 window=215040 pct=0.4118 peak=none
2026-09-23T03:01:34.884Z CTX label=laborer_worker#4 childId=e0b623fd-f03e-4dbf-8d5d-1cbc3a18f922 tok=88727 base=14453 window=215040 pct=0.4126 peak=none
2026-09-23T03:01:35.886Z CTX label=laborer_worker#4 childId=e0b623fd-f03e-4dbf-8d5d-1cbc3a18f922 tok=88851 base=14453 window=215040 pct=0.4132 peak=none
2026-09-23T03:01:36.885Z CTX label=laborer_worker#4 childId=e0b623fd-f03e-4dbf-8d5d-1cbc3a18f922 tok=89008 base=14453 window=215040 pct=0.4139 peak=none
2026-09-23T03:01:37.516Z WF-END meta=gvs-solve childId=e0b623fd-f03e-4dbf-8d5d-1cbc3a18f922 outcome=completed
2026-09-23T03:01:37.517Z END label=laborer_worker#4 childId=e0b623fd-f03e-4dbf-8d5d-1cbc3a18f922 peak=none base=14453
2026-09-23T03:01:37.609Z START meta=gvs-solve label=check_worker#4 phase=solve childId=beebb30a-1c38-47cc-8aeb-a58bdc83afdd
2026-09-23T03:01:37.609Z GOT agent=true status=running label=check_worker#4 sess=beebb30a-1c38-47cc-8aeb-a58bdc83afdd
2026-09-23T03:01:37.609Z CHECK-INJECT grade=none
2026-09-23T03:02:24.752Z WF-END meta=gvs-solve childId=beebb30a-1c38-47cc-8aeb-a58bdc83afdd outcome=completed
2026-09-23T03:02:24.841Z START meta=gvs-solve label=decision_manager#5 phase=solve childId=5d69d90c-8548-44c0-aba8-843b61d30f6a
2026-09-23T03:02:24.841Z GOT agent=true status=running label=decision_manager#5 sess=5d69d90c-8548-44c0-aba8-843b61d30f6a
2026-09-23T03:03:24.007Z WF-END meta=gvs-solve childId=5d69d90c-8548-44c0-aba8-843b61d30f6a outcome=completed
2026-09-23T03:03:24.092Z START meta=gvs-solve label=laborer_worker#5 phase=solve childId=06cf8d43-bf44-44cf-b9d4-f7b13580874e
2026-09-23T03:03:24.092Z GOT agent=true status=running label=laborer_worker#5 sess=06cf8d43-bf44-44cf-b9d4-f7b13580874e
2026-09-23T03:03:24.093Z CTX label=laborer_worker#5 childId=06cf8d43-bf44-44cf-b9d4-f7b13580874e tok=0 base=0 window=0 pct=0.0000 peak=none
2026-09-23T03:03:25.094Z CTX label=laborer_worker#5 childId=06cf8d43-bf44-44cf-b9d4-f7b13580874e tok=14505 base=0 window=215040 pct=0.0675 peak=none
2026-09-23T03:03:25.094Z BASE label=laborer_worker#5 childId=06cf8d43-bf44-44cf-b9d4-f7b13580874e base=14505 window=215040
2026-09-23T03:03:26.095Z CTX label=laborer_worker#5 childId=06cf8d43-bf44-44cf-b9d4-f7b13580874e tok=14505 base=14505 window=215040 pct=0.0675 peak=none
2026-09-23T03:03:27.095Z CTX label=laborer_worker#5 childId=06cf8d43-bf44-44cf-b9d4-f7b13580874e tok=14505 base=14505 window=215040 pct=0.0675 peak=none
2026-09-23T03:03:28.096Z CTX label=laborer_worker#5 childId=06cf8d43-bf44-44cf-b9d4-f7b13580874e tok=14505 base=14505 window=215040 pct=0.0675 peak=none
2026-09-23T03:03:29.095Z CTX label=laborer_worker#5 childId=06cf8d43-bf44-44cf-b9d4-f7b13580874e tok=14505 base=14505 window=215040 pct=0.0675 peak=none
2026-09-23T03:03:30.097Z CTX label=laborer_worker#5 childId=06cf8d43-bf44-44cf-b9d4-f7b13580874e tok=14523 base=14505 window=215040 pct=0.0675 peak=none
2026-09-23T03:03:31.096Z CTX label=laborer_worker#5 childId=06cf8d43-bf44-44cf-b9d4-f7b13580874e tok=17794 base=14505 window=215040 pct=0.0827 peak=none
2026-09-23T03:03:32.097Z CTX label=laborer_worker#5 childId=06cf8d43-bf44-44cf-b9d4-f7b13580874e tok=17817 base=14505 window=215040 pct=0.0829 peak=none
2026-09-23T03:03:33.098Z CTX label=laborer_worker#5 childId=06cf8d43-bf44-44cf-b9d4-f7b13580874e tok=17911 base=14505 window=215040 pct=0.0833 peak=none
2026-09-23T03:03:34.098Z CTX label=laborer_worker#5 childId=06cf8d43-bf44-44cf-b9d4-f7b13580874e tok=19077 base=14505 window=215040 pct=0.0887 peak=none
2026-09-23T03:03:35.099Z CTX label=laborer_worker#5 childId=06cf8d43-bf44-44cf-b9d4-f7b13580874e tok=19112 base=14505 window=215040 pct=0.0889 peak=none
2026-09-23T03:03:36.101Z CTX label=laborer_worker#5 childId=06cf8d43-bf44-44cf-b9d4-f7b13580874e tok=21347 base=14505 window=215040 pct=0.0993 peak=none
2026-09-23T03:03:37.100Z CTX label=laborer_worker#5 childId=06cf8d43-bf44-44cf-b9d4-f7b13580874e tok=21347 base=14505 window=215040 pct=0.0993 peak=none
2026-09-23T03:03:38.101Z CTX label=laborer_worker#5 childId=06cf8d43-bf44-44cf-b9d4-f7b13580874e tok=21347 base=14505 window=215040 pct=0.0993 peak=none
2026-09-23T03:03:39.102Z CTX label=laborer_worker#5 childId=06cf8d43-bf44-44cf-b9d4-f7b13580874e tok=21364 base=14505 window=215040 pct=0.0993 peak=none
2026-09-23T03:03:40.103Z CTX label=laborer_worker#5 childId=06cf8d43-bf44-44cf-b9d4-f7b13580874e tok=21392 base=14505 window=215040 pct=0.0995 peak=none
2026-09-23T03:03:41.105Z CTX label=laborer_worker#5 childId=06cf8d43-bf44-44cf-b9d4-f7b13580874e tok=24431 base=14505 window=215040 pct=0.1136 peak=none
2026-09-23T03:03:42.106Z CTX label=laborer_worker#5 childId=06cf8d43-bf44-44cf-b9d4-f7b13580874e tok=24431 base=14505 window=215040 pct=0.1136 peak=none
2026-09-23T03:03:43.107Z CTX label=laborer_worker#5 childId=06cf8d43-bf44-44cf-b9d4-f7b13580874e tok=27459 base=14505 window=215040 pct=0.1277 peak=none
2026-09-23T03:03:44.107Z CTX label=laborer_worker#5 childId=06cf8d43-bf44-44cf-b9d4-f7b13580874e tok=27459 base=14505 window=215040 pct=0.1277 peak=none
2026-09-23T03:03:45.108Z CTX label=laborer_worker#5 childId=06cf8d43-bf44-44cf-b9d4-f7b13580874e tok=27459 base=14505 window=215040 pct=0.1277 peak=none
2026-09-23T03:03:46.109Z CTX label=laborer_worker#5 childId=06cf8d43-bf44-44cf-b9d4-f7b13580874e tok=27459 base=14505 window=215040 pct=0.1277 peak=none
2026-09-23T03:03:47.110Z CTX label=laborer_worker#5 childId=06cf8d43-bf44-44cf-b9d4-f7b13580874e tok=27478 base=14505 window=215040 pct=0.1278 peak=none
2026-09-23T03:03:48.111Z CTX label=laborer_worker#5 childId=06cf8d43-bf44-44cf-b9d4-f7b13580874e tok=33931 base=14505 window=215040 pct=0.1578 peak=none
2026-09-23T03:03:49.112Z CTX label=laborer_worker#5 childId=06cf8d43-bf44-44cf-b9d4-f7b13580874e tok=33931 base=14505 window=215040 pct=0.1578 peak=none
2026-09-23T03:03:50.113Z CTX label=laborer_worker#5 childId=06cf8d43-bf44-44cf-b9d4-f7b13580874e tok=33931 base=14505 window=215040 pct=0.1578 peak=none
2026-09-23T03:03:51.114Z CTX label=laborer_worker#5 childId=06cf8d43-bf44-44cf-b9d4-f7b13580874e tok=33931 base=14505 window=215040 pct=0.1578 peak=none
2026-09-23T03:03:52.115Z CTX label=laborer_worker#5 childId=06cf8d43-bf44-44cf-b9d4-f7b13580874e tok=33931 base=14505 window=215040 pct=0.1578 peak=none
2026-09-23T03:03:53.125Z CTX label=laborer_worker#5 childId=06cf8d43-bf44-44cf-b9d4-f7b13580874e tok=33931 base=14505 window=215040 pct=0.1578 peak=none
2026-09-23T03:03:54.118Z CTX label=laborer_worker#5 childId=06cf8d43-bf44-44cf-b9d4-f7b13580874e tok=33931 base=14505 window=215040 pct=0.1578 peak=none
2026-09-23T03:03:55.119Z CTX label=laborer_worker#5 childId=06cf8d43-bf44-44cf-b9d4-f7b13580874e tok=33931 base=14505 window=215040 pct=0.1578 peak=none
2026-09-23T03:03:56.119Z CTX label=laborer_worker#5 childId=06cf8d43-bf44-44cf-b9d4-f7b13580874e tok=33931 base=14505 window=215040 pct=0.1578 peak=none
2026-09-23T03:03:57.119Z CTX label=laborer_worker#5 childId=06cf8d43-bf44-44cf-b9d4-f7b13580874e tok=33959 base=14505 window=215040 pct=0.1579 peak=none
2026-09-23T03:03:58.121Z CTX label=laborer_worker#5 childId=06cf8d43-bf44-44cf-b9d4-f7b13580874e tok=43965 base=14505 window=215040 pct=0.2045 peak=none
2026-09-23T03:03:59.120Z CTX label=laborer_worker#5 childId=06cf8d43-bf44-44cf-b9d4-f7b13580874e tok=43965 base=14505 window=215040 pct=0.2045 peak=none
2026-09-23T03:04:00.121Z CTX label=laborer_worker#5 childId=06cf8d43-bf44-44cf-b9d4-f7b13580874e tok=43965 base=14505 window=215040 pct=0.2045 peak=none
2026-09-23T03:04:01.122Z CTX label=laborer_worker#5 childId=06cf8d43-bf44-44cf-b9d4-f7b13580874e tok=43965 base=14505 window=215040 pct=0.2045 peak=none
2026-09-23T03:04:02.121Z CTX label=laborer_worker#5 childId=06cf8d43-bf44-44cf-b9d4-f7b13580874e tok=43965 base=14505 window=215040 pct=0.2045 peak=none
2026-09-23T03:04:03.122Z CTX label=laborer_worker#5 childId=06cf8d43-bf44-44cf-b9d4-f7b13580874e tok=43965 base=14505 window=215040 pct=0.2045 peak=none
2026-09-23T03:04:04.124Z CTX label=laborer_worker#5 childId=06cf8d43-bf44-44cf-b9d4-f7b13580874e tok=43965 base=14505 window=215040 pct=0.2045 peak=none
2026-09-23T03:04:05.124Z CTX label=laborer_worker#5 childId=06cf8d43-bf44-44cf-b9d4-f7b13580874e tok=43965 base=14505 window=215040 pct=0.2045 peak=none
2026-09-23T03:04:06.127Z CTX label=laborer_worker#5 childId=06cf8d43-bf44-44cf-b9d4-f7b13580874e tok=43965 base=14505 window=215040 pct=0.2045 peak=none
2026-09-23T03:04:07.127Z CTX label=laborer_worker#5 childId=06cf8d43-bf44-44cf-b9d4-f7b13580874e tok=43992 base=14505 window=215040 pct=0.2046 peak=none
2026-09-23T03:04:08.128Z CTX label=laborer_worker#5 childId=06cf8d43-bf44-44cf-b9d4-f7b13580874e tok=44086 base=14505 window=215040 pct=0.2050 peak=none
2026-09-23T03:04:09.129Z CTX label=laborer_worker#5 childId=06cf8d43-bf44-44cf-b9d4-f7b13580874e tok=44196 base=14505 window=215040 pct=0.2055 peak=none
2026-09-23T03:04:10.130Z CTX label=laborer_worker#5 childId=06cf8d43-bf44-44cf-b9d4-f7b13580874e tok=44304 base=14505 window=215040 pct=0.2060 peak=none
2026-09-23T03:04:11.131Z CTX label=laborer_worker#5 childId=06cf8d43-bf44-44cf-b9d4-f7b13580874e tok=44438 base=14505 window=215040 pct=0.2066 peak=none
2026-09-23T03:04:12.131Z CTX label=laborer_worker#5 childId=06cf8d43-bf44-44cf-b9d4-f7b13580874e tok=44549 base=14505 window=215040 pct=0.2072 peak=none
2026-09-23T03:04:13.133Z CTX label=laborer_worker#5 childId=06cf8d43-bf44-44cf-b9d4-f7b13580874e tok=44633 base=14505 window=215040 pct=0.2076 peak=none
2026-09-23T03:04:14.133Z CTX label=laborer_worker#5 childId=06cf8d43-bf44-44cf-b9d4-f7b13580874e tok=44681 base=14505 window=215040 pct=0.2078 peak=none
2026-09-23T03:04:15.133Z CTX label=laborer_worker#5 childId=06cf8d43-bf44-44cf-b9d4-f7b13580874e tok=44748 base=14505 window=215040 pct=0.2081 peak=none
2026-09-23T03:04:16.136Z CTX label=laborer_worker#5 childId=06cf8d43-bf44-44cf-b9d4-f7b13580874e tok=44817 base=14505 window=215040 pct=0.2084 peak=none
2026-09-23T03:04:17.135Z CTX label=laborer_worker#5 childId=06cf8d43-bf44-44cf-b9d4-f7b13580874e tok=44883 base=14505 window=215040 pct=0.2087 peak=none
2026-09-23T03:04:18.136Z CTX label=laborer_worker#5 childId=06cf8d43-bf44-44cf-b9d4-f7b13580874e tok=44992 base=14505 window=215040 pct=0.2092 peak=none
2026-09-23T03:04:19.138Z CTX label=laborer_worker#5 childId=06cf8d43-bf44-44cf-b9d4-f7b13580874e tok=45094 base=14505 window=215040 pct=0.2097 peak=none
2026-09-23T03:04:20.138Z CTX label=laborer_worker#5 childId=06cf8d43-bf44-44cf-b9d4-f7b13580874e tok=45178 base=14505 window=215040 pct=0.2101 peak=none
2026-09-23T03:04:21.139Z CTX label=laborer_worker#5 childId=06cf8d43-bf44-44cf-b9d4-f7b13580874e tok=45253 base=14505 window=215040 pct=0.2104 peak=none
2026-09-23T03:04:22.140Z CTX label=laborer_worker#5 childId=06cf8d43-bf44-44cf-b9d4-f7b13580874e tok=45327 base=14505 window=215040 pct=0.2108 peak=none
2026-09-23T03:04:23.140Z CTX label=laborer_worker#5 childId=06cf8d43-bf44-44cf-b9d4-f7b13580874e tok=45433 base=14505 window=215040 pct=0.2113 peak=none
2026-09-23T03:04:24.140Z CTX label=laborer_worker#5 childId=06cf8d43-bf44-44cf-b9d4-f7b13580874e tok=45522 base=14505 window=215040 pct=0.2117 peak=none
2026-09-23T03:04:25.140Z CTX label=laborer_worker#5 childId=06cf8d43-bf44-44cf-b9d4-f7b13580874e tok=45585 base=14505 window=215040 pct=0.2120 peak=none
2026-09-23T03:04:26.140Z CTX label=laborer_worker#5 childId=06cf8d43-bf44-44cf-b9d4-f7b13580874e tok=45663 base=14505 window=215040 pct=0.2123 peak=none
2026-09-23T03:04:27.140Z CTX label=laborer_worker#5 childId=06cf8d43-bf44-44cf-b9d4-f7b13580874e tok=45725 base=14505 window=215040 pct=0.2126 peak=none
2026-09-23T03:04:28.141Z CTX label=laborer_worker#5 childId=06cf8d43-bf44-44cf-b9d4-f7b13580874e tok=45797 base=14505 window=215040 pct=0.2130 peak=none
2026-09-23T03:04:29.143Z CTX label=laborer_worker#5 childId=06cf8d43-bf44-44cf-b9d4-f7b13580874e tok=45864 base=14505 window=215040 pct=0.2133 peak=none
2026-09-23T03:04:30.143Z CTX label=laborer_worker#5 childId=06cf8d43-bf44-44cf-b9d4-f7b13580874e tok=45930 base=14505 window=215040 pct=0.2136 peak=none
2026-09-23T03:04:31.143Z CTX label=laborer_worker#5 childId=06cf8d43-bf44-44cf-b9d4-f7b13580874e tok=46006 base=14505 window=215040 pct=0.2139 peak=none
2026-09-23T03:04:32.143Z CTX label=laborer_worker#5 childId=06cf8d43-bf44-44cf-b9d4-f7b13580874e tok=46098 base=14505 window=215040 pct=0.2144 peak=none
2026-09-23T03:04:33.145Z CTX label=laborer_worker#5 childId=06cf8d43-bf44-44cf-b9d4-f7b13580874e tok=46183 base=14505 window=215040 pct=0.2148 peak=none
2026-09-23T03:04:34.146Z CTX label=laborer_worker#5 childId=06cf8d43-bf44-44cf-b9d4-f7b13580874e tok=46251 base=14505 window=215040 pct=0.2151 peak=none
2026-09-23T03:04:35.147Z CTX label=laborer_worker#5 childId=06cf8d43-bf44-44cf-b9d4-f7b13580874e tok=46332 base=14505 window=215040 pct=0.2155 peak=none
2026-09-23T03:04:36.147Z CTX label=laborer_worker#5 childId=06cf8d43-bf44-44cf-b9d4-f7b13580874e tok=46426 base=14505 window=215040 pct=0.2159 peak=none
2026-09-23T03:04:37.147Z CTX label=laborer_worker#5 childId=06cf8d43-bf44-44cf-b9d4-f7b13580874e tok=46487 base=14505 window=215040 pct=0.2162 peak=none
2026-09-23T03:04:38.147Z CTX label=laborer_worker#5 childId=06cf8d43-bf44-44cf-b9d4-f7b13580874e tok=46543 base=14505 window=215040 pct=0.2164 peak=none
2026-09-23T03:04:39.148Z CTX label=laborer_worker#5 childId=06cf8d43-bf44-44cf-b9d4-f7b13580874e tok=46601 base=14505 window=215040 pct=0.2167 peak=none
2026-09-23T03:04:40.147Z CTX label=laborer_worker#5 childId=06cf8d43-bf44-44cf-b9d4-f7b13580874e tok=46686 base=14505 window=215040 pct=0.2171 peak=none
2026-09-23T03:04:41.149Z CTX label=laborer_worker#5 childId=06cf8d43-bf44-44cf-b9d4-f7b13580874e tok=46764 base=14505 window=215040 pct=0.2175 peak=none
2026-09-23T03:04:42.150Z CTX label=laborer_worker#5 childId=06cf8d43-bf44-44cf-b9d4-f7b13580874e tok=46851 base=14505 window=215040 pct=0.2179 peak=none
2026-09-23T03:04:43.150Z CTX label=laborer_worker#5 childId=06cf8d43-bf44-44cf-b9d4-f7b13580874e tok=46925 base=14505 window=215040 pct=0.2182 peak=none
2026-09-23T03:04:44.150Z CTX label=laborer_worker#5 childId=06cf8d43-bf44-44cf-b9d4-f7b13580874e tok=46980 base=14505 window=215040 pct=0.2185 peak=none
2026-09-23T03:04:45.152Z CTX label=laborer_worker#5 childId=06cf8d43-bf44-44cf-b9d4-f7b13580874e tok=47078 base=14505 window=215040 pct=0.2189 peak=none
2026-09-23T03:04:46.153Z CTX label=laborer_worker#5 childId=06cf8d43-bf44-44cf-b9d4-f7b13580874e tok=47169 base=14505 window=215040 pct=0.2193 peak=none
2026-09-23T03:04:47.153Z CTX label=laborer_worker#5 childId=06cf8d43-bf44-44cf-b9d4-f7b13580874e tok=47222 base=14505 window=215040 pct=0.2196 peak=none
2026-09-23T03:04:48.154Z CTX label=laborer_worker#5 childId=06cf8d43-bf44-44cf-b9d4-f7b13580874e tok=47278 base=14505 window=215040 pct=0.2199 peak=none
2026-09-23T03:04:49.155Z CTX label=laborer_worker#5 childId=06cf8d43-bf44-44cf-b9d4-f7b13580874e tok=47341 base=14505 window=215040 pct=0.2201 peak=none
2026-09-23T03:04:50.156Z CTX label=laborer_worker#5 childId=06cf8d43-bf44-44cf-b9d4-f7b13580874e tok=47406 base=14505 window=215040 pct=0.2205 peak=none
2026-09-23T03:04:51.156Z CTX label=laborer_worker#5 childId=06cf8d43-bf44-44cf-b9d4-f7b13580874e tok=47479 base=14505 window=215040 pct=0.2208 peak=none
2026-09-23T03:04:52.157Z CTX label=laborer_worker#5 childId=06cf8d43-bf44-44cf-b9d4-f7b13580874e tok=47541 base=14505 window=215040 pct=0.2211 peak=none
2026-09-23T03:04:53.158Z CTX label=laborer_worker#5 childId=06cf8d43-bf44-44cf-b9d4-f7b13580874e tok=47619 base=14505 window=215040 pct=0.2214 peak=none
2026-09-23T03:04:54.158Z CTX label=laborer_worker#5 childId=06cf8d43-bf44-44cf-b9d4-f7b13580874e tok=47699 base=14505 window=215040 pct=0.2218 peak=none
2026-09-23T03:04:55.159Z CTX label=laborer_worker#5 childId=06cf8d43-bf44-44cf-b9d4-f7b13580874e tok=47793 base=14505 window=215040 pct=0.2223 peak=none
2026-09-23T03:04:56.159Z CTX label=laborer_worker#5 childId=06cf8d43-bf44-44cf-b9d4-f7b13580874e tok=47865 base=14505 window=215040 pct=0.2226 peak=none
2026-09-23T03:04:57.160Z CTX label=laborer_worker#5 childId=06cf8d43-bf44-44cf-b9d4-f7b13580874e tok=47943 base=14505 window=215040 pct=0.2229 peak=none
2026-09-23T03:04:58.160Z CTX label=laborer_worker#5 childId=06cf8d43-bf44-44cf-b9d4-f7b13580874e tok=48001 base=14505 window=215040 pct=0.2232 peak=none
2026-09-23T03:04:59.161Z CTX label=laborer_worker#5 childId=06cf8d43-bf44-44cf-b9d4-f7b13580874e tok=48097 base=14505 window=215040 pct=0.2237 peak=none
2026-09-23T03:05:00.162Z CTX label=laborer_worker#5 childId=06cf8d43-bf44-44cf-b9d4-f7b13580874e tok=48163 base=14505 window=215040 pct=0.2240 peak=none
2026-09-23T03:05:01.162Z CTX label=laborer_worker#5 childId=06cf8d43-bf44-44cf-b9d4-f7b13580874e tok=48225 base=14505 window=215040 pct=0.2243 peak=none
2026-09-23T03:05:02.163Z CTX label=laborer_worker#5 childId=06cf8d43-bf44-44cf-b9d4-f7b13580874e tok=48319 base=14505 window=215040 pct=0.2247 peak=none
2026-09-23T03:05:03.163Z CTX label=laborer_worker#5 childId=06cf8d43-bf44-44cf-b9d4-f7b13580874e tok=48407 base=14505 window=215040 pct=0.2251 peak=none
2026-09-23T03:05:04.165Z CTX label=laborer_worker#5 childId=06cf8d43-bf44-44cf-b9d4-f7b13580874e tok=48480 base=14505 window=215040 pct=0.2254 peak=none
2026-09-23T03:05:05.164Z CTX label=laborer_worker#5 childId=06cf8d43-bf44-44cf-b9d4-f7b13580874e tok=48580 base=14505 window=215040 pct=0.2259 peak=none
2026-09-23T03:05:06.165Z CTX label=laborer_worker#5 childId=06cf8d43-bf44-44cf-b9d4-f7b13580874e tok=48642 base=14505 window=215040 pct=0.2262 peak=none
2026-09-23T03:05:07.165Z CTX label=laborer_worker#5 childId=06cf8d43-bf44-44cf-b9d4-f7b13580874e tok=48719 base=14505 window=215040 pct=0.2266 peak=none
2026-09-23T03:05:08.165Z CTX label=laborer_worker#5 childId=06cf8d43-bf44-44cf-b9d4-f7b13580874e tok=48784 base=14505 window=215040 pct=0.2269 peak=none
2026-09-23T03:05:09.166Z CTX label=laborer_worker#5 childId=06cf8d43-bf44-44cf-b9d4-f7b13580874e tok=48844 base=14505 window=215040 pct=0.2271 peak=none
2026-09-23T03:05:10.168Z CTX label=laborer_worker#5 childId=06cf8d43-bf44-44cf-b9d4-f7b13580874e tok=48905 base=14505 window=215040 pct=0.2274 peak=none
2026-09-23T03:05:11.166Z CTX label=laborer_worker#5 childId=06cf8d43-bf44-44cf-b9d4-f7b13580874e tok=48958 base=14505 window=215040 pct=0.2277 peak=none
2026-09-23T03:05:12.168Z CTX label=laborer_worker#5 childId=06cf8d43-bf44-44cf-b9d4-f7b13580874e tok=49023 base=14505 window=215040 pct=0.2280 peak=none
2026-09-23T03:05:13.169Z CTX label=laborer_worker#5 childId=06cf8d43-bf44-44cf-b9d4-f7b13580874e tok=49071 base=14505 window=215040 pct=0.2282 peak=none
2026-09-23T03:05:14.169Z CTX label=laborer_worker#5 childId=06cf8d43-bf44-44cf-b9d4-f7b13580874e tok=49123 base=14505 window=215040 pct=0.2284 peak=none
2026-09-23T03:05:15.170Z CTX label=laborer_worker#5 childId=06cf8d43-bf44-44cf-b9d4-f7b13580874e tok=49186 base=14505 window=215040 pct=0.2287 peak=none
2026-09-23T03:05:16.173Z CTX label=laborer_worker#5 childId=06cf8d43-bf44-44cf-b9d4-f7b13580874e tok=49237 base=14505 window=215040 pct=0.2290 peak=none
2026-09-23T03:05:17.173Z CTX label=laborer_worker#5 childId=06cf8d43-bf44-44cf-b9d4-f7b13580874e tok=49307 base=14505 window=215040 pct=0.2293 peak=none
2026-09-23T03:05:18.174Z CTX label=laborer_worker#5 childId=06cf8d43-bf44-44cf-b9d4-f7b13580874e tok=49368 base=14505 window=215040 pct=0.2296 peak=none
2026-09-23T03:05:19.175Z CTX label=laborer_worker#5 childId=06cf8d43-bf44-44cf-b9d4-f7b13580874e tok=49424 base=14505 window=215040 pct=0.2298 peak=none
2026-09-23T03:05:20.176Z CTX label=laborer_worker#5 childId=06cf8d43-bf44-44cf-b9d4-f7b13580874e tok=49498 base=14505 window=215040 pct=0.2302 peak=none
2026-09-23T03:05:21.175Z CTX label=laborer_worker#5 childId=06cf8d43-bf44-44cf-b9d4-f7b13580874e tok=49565 base=14505 window=215040 pct=0.2305 peak=none
2026-09-23T03:05:22.176Z CTX label=laborer_worker#5 childId=06cf8d43-bf44-44cf-b9d4-f7b13580874e tok=49646 base=14505 window=215040 pct=0.2309 peak=none
2026-09-23T03:05:23.177Z CTX label=laborer_worker#5 childId=06cf8d43-bf44-44cf-b9d4-f7b13580874e tok=49684 base=14505 window=215040 pct=0.2310 peak=none
2026-09-23T03:05:24.177Z CTX label=laborer_worker#5 childId=06cf8d43-bf44-44cf-b9d4-f7b13580874e tok=49746 base=14505 window=215040 pct=0.2313 peak=none
2026-09-23T03:05:25.178Z CTX label=laborer_worker#5 childId=06cf8d43-bf44-44cf-b9d4-f7b13580874e tok=49824 base=14505 window=215040 pct=0.2317 peak=none
2026-09-23T03:05:26.179Z CTX label=laborer_worker#5 childId=06cf8d43-bf44-44cf-b9d4-f7b13580874e tok=49902 base=14505 window=215040 pct=0.2321 peak=none
2026-09-23T03:05:27.181Z CTX label=laborer_worker#5 childId=06cf8d43-bf44-44cf-b9d4-f7b13580874e tok=49984 base=14505 window=215040 pct=0.2324 peak=none
2026-09-23T03:05:28.182Z CTX label=laborer_worker#5 childId=06cf8d43-bf44-44cf-b9d4-f7b13580874e tok=50062 base=14505 window=215040 pct=0.2328 peak=none
2026-09-23T03:05:29.182Z CTX label=laborer_worker#5 childId=06cf8d43-bf44-44cf-b9d4-f7b13580874e tok=50135 base=14505 window=215040 pct=0.2331 peak=none
2026-09-23T03:05:30.183Z CTX label=laborer_worker#5 childId=06cf8d43-bf44-44cf-b9d4-f7b13580874e tok=50201 base=14505 window=215040 pct=0.2334 peak=none
2026-09-23T03:05:31.185Z CTX label=laborer_worker#5 childId=06cf8d43-bf44-44cf-b9d4-f7b13580874e tok=50272 base=14505 window=215040 pct=0.2338 peak=none
2026-09-23T03:05:32.185Z CTX label=laborer_worker#5 childId=06cf8d43-bf44-44cf-b9d4-f7b13580874e tok=50351 base=14505 window=215040 pct=0.2341 peak=none
2026-09-23T03:05:33.187Z CTX label=laborer_worker#5 childId=06cf8d43-bf44-44cf-b9d4-f7b13580874e tok=50419 base=14505 window=215040 pct=0.2345 peak=none
2026-09-23T03:05:34.189Z CTX label=laborer_worker#5 childId=06cf8d43-bf44-44cf-b9d4-f7b13580874e tok=50476 base=14505 window=215040 pct=0.2347 peak=none
2026-09-23T03:05:35.189Z CTX label=laborer_worker#5 childId=06cf8d43-bf44-44cf-b9d4-f7b13580874e tok=50540 base=14505 window=215040 pct=0.2350 peak=none
2026-09-23T03:05:36.191Z CTX label=laborer_worker#5 childId=06cf8d43-bf44-44cf-b9d4-f7b13580874e tok=50618 base=14505 window=215040 pct=0.2354 peak=none
2026-09-23T03:05:37.191Z CTX label=laborer_worker#5 childId=06cf8d43-bf44-44cf-b9d4-f7b13580874e tok=50678 base=14505 window=215040 pct=0.2357 peak=none
2026-09-23T03:05:38.192Z CTX label=laborer_worker#5 childId=06cf8d43-bf44-44cf-b9d4-f7b13580874e tok=50743 base=14505 window=215040 pct=0.2360 peak=none
2026-09-23T03:05:39.192Z CTX label=laborer_worker#5 childId=06cf8d43-bf44-44cf-b9d4-f7b13580874e tok=50825 base=14505 window=215040 pct=0.2364 peak=none
2026-09-23T03:05:40.193Z CTX label=laborer_worker#5 childId=06cf8d43-bf44-44cf-b9d4-f7b13580874e tok=50876 base=14505 window=215040 pct=0.2366 peak=none
2026-09-23T03:05:41.193Z CTX label=laborer_worker#5 childId=06cf8d43-bf44-44cf-b9d4-f7b13580874e tok=50947 base=14505 window=215040 pct=0.2369 peak=none
2026-09-23T03:05:42.193Z CTX label=laborer_worker#5 childId=06cf8d43-bf44-44cf-b9d4-f7b13580874e tok=50997 base=14505 window=215040 pct=0.2372 peak=none
2026-09-23T03:05:43.193Z CTX label=laborer_worker#5 childId=06cf8d43-bf44-44cf-b9d4-f7b13580874e tok=51072 base=14505 window=215040 pct=0.2375 peak=none
2026-09-23T03:05:44.194Z CTX label=laborer_worker#5 childId=06cf8d43-bf44-44cf-b9d4-f7b13580874e tok=51152 base=14505 window=215040 pct=0.2379 peak=none
2026-09-23T03:05:45.195Z CTX label=laborer_worker#5 childId=06cf8d43-bf44-44cf-b9d4-f7b13580874e tok=51245 base=14505 window=215040 pct=0.2383 peak=none
2026-09-23T03:05:46.195Z CTX label=laborer_worker#5 childId=06cf8d43-bf44-44cf-b9d4-f7b13580874e tok=51309 base=14505 window=215040 pct=0.2386 peak=none
2026-09-23T03:05:47.197Z CTX label=laborer_worker#5 childId=06cf8d43-bf44-44cf-b9d4-f7b13580874e tok=51380 base=14505 window=215040 pct=0.2389 peak=none
2026-09-23T03:05:48.197Z CTX label=laborer_worker#5 childId=06cf8d43-bf44-44cf-b9d4-f7b13580874e tok=51466 base=14505 window=215040 pct=0.2393 peak=none
2026-09-23T03:05:49.199Z CTX label=laborer_worker#5 childId=06cf8d43-bf44-44cf-b9d4-f7b13580874e tok=51549 base=14505 window=215040 pct=0.2397 peak=none
2026-09-23T03:05:50.200Z CTX label=laborer_worker#5 childId=06cf8d43-bf44-44cf-b9d4-f7b13580874e tok=51629 base=14505 window=215040 pct=0.2401 peak=none
2026-09-23T03:05:51.200Z CTX label=laborer_worker#5 childId=06cf8d43-bf44-44cf-b9d4-f7b13580874e tok=51702 base=14505 window=215040 pct=0.2404 peak=none
2026-09-23T03:05:52.201Z CTX label=laborer_worker#5 childId=06cf8d43-bf44-44cf-b9d4-f7b13580874e tok=51778 base=14505 window=215040 pct=0.2408 peak=none
2026-09-23T03:05:53.202Z CTX label=laborer_worker#5 childId=06cf8d43-bf44-44cf-b9d4-f7b13580874e tok=51871 base=14505 window=215040 pct=0.2412 peak=none
2026-09-23T03:05:54.203Z CTX label=laborer_worker#5 childId=06cf8d43-bf44-44cf-b9d4-f7b13580874e tok=51941 base=14505 window=215040 pct=0.2415 peak=none
2026-09-23T03:05:55.204Z CTX label=laborer_worker#5 childId=06cf8d43-bf44-44cf-b9d4-f7b13580874e tok=52012 base=14505 window=215040 pct=0.2419 peak=none
2026-09-23T03:05:56.204Z CTX label=laborer_worker#5 childId=06cf8d43-bf44-44cf-b9d4-f7b13580874e tok=52093 base=14505 window=215040 pct=0.2422 peak=none
2026-09-23T03:05:57.206Z CTX label=laborer_worker#5 childId=06cf8d43-bf44-44cf-b9d4-f7b13580874e tok=52184 base=14505 window=215040 pct=0.2427 peak=none
2026-09-23T03:05:58.205Z CTX label=laborer_worker#5 childId=06cf8d43-bf44-44cf-b9d4-f7b13580874e tok=52290 base=14505 window=215040 pct=0.2432 peak=none
2026-09-23T03:05:59.207Z CTX label=laborer_worker#5 childId=06cf8d43-bf44-44cf-b9d4-f7b13580874e tok=52390 base=14505 window=215040 pct=0.2436 peak=none
2026-09-23T03:06:00.209Z CTX label=laborer_worker#5 childId=06cf8d43-bf44-44cf-b9d4-f7b13580874e tok=52474 base=14505 window=215040 pct=0.2440 peak=none
2026-09-23T03:06:01.209Z CTX label=laborer_worker#5 childId=06cf8d43-bf44-44cf-b9d4-f7b13580874e tok=52560 base=14505 window=215040 pct=0.2444 peak=none
2026-09-23T03:06:02.211Z CTX label=laborer_worker#5 childId=06cf8d43-bf44-44cf-b9d4-f7b13580874e tok=52610 base=14505 window=215040 pct=0.2447 peak=none
2026-09-23T03:06:03.211Z CTX label=laborer_worker#5 childId=06cf8d43-bf44-44cf-b9d4-f7b13580874e tok=52715 base=14505 window=215040 pct=0.2451 peak=none
2026-09-23T03:06:04.212Z CTX label=laborer_worker#5 childId=06cf8d43-bf44-44cf-b9d4-f7b13580874e tok=52827 base=14505 window=215040 pct=0.2457 peak=none
2026-09-23T03:06:05.213Z CTX label=laborer_worker#5 childId=06cf8d43-bf44-44cf-b9d4-f7b13580874e tok=52932 base=14505 window=215040 pct=0.2461 peak=none
2026-09-23T03:06:06.214Z CTX label=laborer_worker#5 childId=06cf8d43-bf44-44cf-b9d4-f7b13580874e tok=53030 base=14505 window=215040 pct=0.2466 peak=none
2026-09-23T03:06:07.214Z CTX label=laborer_worker#5 childId=06cf8d43-bf44-44cf-b9d4-f7b13580874e tok=53112 base=14505 window=215040 pct=0.2470 peak=none
2026-09-23T03:06:08.215Z CTX label=laborer_worker#5 childId=06cf8d43-bf44-44cf-b9d4-f7b13580874e tok=53233 base=14505 window=215040 pct=0.2475 peak=none
2026-09-23T03:06:09.215Z CTX label=laborer_worker#5 childId=06cf8d43-bf44-44cf-b9d4-f7b13580874e tok=53309 base=14505 window=215040 pct=0.2479 peak=none
2026-09-23T03:06:10.216Z CTX label=laborer_worker#5 childId=06cf8d43-bf44-44cf-b9d4-f7b13580874e tok=53363 base=14505 window=215040 pct=0.2482 peak=none
2026-09-23T03:06:11.218Z CTX label=laborer_worker#5 childId=06cf8d43-bf44-44cf-b9d4-f7b13580874e tok=53419 base=14505 window=215040 pct=0.2484 peak=none
2026-09-23T03:06:12.218Z CTX label=laborer_worker#5 childId=06cf8d43-bf44-44cf-b9d4-f7b13580874e tok=53552 base=14505 window=215040 pct=0.2490 peak=none
2026-09-23T03:06:13.218Z CTX label=laborer_worker#5 childId=06cf8d43-bf44-44cf-b9d4-f7b13580874e tok=53632 base=14505 window=215040 pct=0.2494 peak=none
2026-09-23T03:06:14.219Z CTX label=laborer_worker#5 childId=06cf8d43-bf44-44cf-b9d4-f7b13580874e tok=53712 base=14505 window=215040 pct=0.2498 peak=none
2026-09-23T03:06:15.220Z CTX label=laborer_worker#5 childId=06cf8d43-bf44-44cf-b9d4-f7b13580874e tok=53808 base=14505 window=215040 pct=0.2502 peak=none
2026-09-23T03:06:16.219Z CTX label=laborer_worker#5 childId=06cf8d43-bf44-44cf-b9d4-f7b13580874e tok=53890 base=14505 window=215040 pct=0.2506 peak=none
2026-09-23T03:06:17.219Z CTX label=laborer_worker#5 childId=06cf8d43-bf44-44cf-b9d4-f7b13580874e tok=53985 base=14505 window=215040 pct=0.2510 peak=none
2026-09-23T03:06:18.220Z CTX label=laborer_worker#5 childId=06cf8d43-bf44-44cf-b9d4-f7b13580874e tok=54063 base=14505 window=215040 pct=0.2514 peak=none
2026-09-23T03:06:19.221Z CTX label=laborer_worker#5 childId=06cf8d43-bf44-44cf-b9d4-f7b13580874e tok=54159 base=14505 window=215040 pct=0.2519 peak=none
2026-09-23T03:06:20.223Z CTX label=laborer_worker#5 childId=06cf8d43-bf44-44cf-b9d4-f7b13580874e tok=54250 base=14505 window=215040 pct=0.2523 peak=none
2026-09-23T03:06:21.224Z CTX label=laborer_worker#5 childId=06cf8d43-bf44-44cf-b9d4-f7b13580874e tok=54340 base=14505 window=215040 pct=0.2527 peak=none
2026-09-23T03:06:22.224Z CTX label=laborer_worker#5 childId=06cf8d43-bf44-44cf-b9d4-f7b13580874e tok=54439 base=14505 window=215040 pct=0.2532 peak=none
2026-09-23T03:06:23.226Z CTX label=laborer_worker#5 childId=06cf8d43-bf44-44cf-b9d4-f7b13580874e tok=54501 base=14505 window=215040 pct=0.2534 peak=none
2026-09-23T03:06:24.226Z CTX label=laborer_worker#5 childId=06cf8d43-bf44-44cf-b9d4-f7b13580874e tok=54593 base=14505 window=215040 pct=0.2539 peak=none
2026-09-23T03:06:25.227Z CTX label=laborer_worker#5 childId=06cf8d43-bf44-44cf-b9d4-f7b13580874e tok=54657 base=14505 window=215040 pct=0.2542 peak=none
2026-09-23T03:06:26.228Z CTX label=laborer_worker#5 childId=06cf8d43-bf44-44cf-b9d4-f7b13580874e tok=54730 base=14505 window=215040 pct=0.2545 peak=none
2026-09-23T03:06:27.229Z CTX label=laborer_worker#5 childId=06cf8d43-bf44-44cf-b9d4-f7b13580874e tok=54806 base=14505 window=215040 pct=0.2549 peak=none
2026-09-23T03:06:28.232Z CTX label=laborer_worker#5 childId=06cf8d43-bf44-44cf-b9d4-f7b13580874e tok=54858 base=14505 window=215040 pct=0.2551 peak=none
2026-09-23T03:06:29.233Z CTX label=laborer_worker#5 childId=06cf8d43-bf44-44cf-b9d4-f7b13580874e tok=54938 base=14505 window=215040 pct=0.2555 peak=none
2026-09-23T03:06:30.233Z CTX label=laborer_worker#5 childId=06cf8d43-bf44-44cf-b9d4-f7b13580874e tok=55012 base=14505 window=215040 pct=0.2558 peak=none
2026-09-23T03:06:31.233Z CTX label=laborer_worker#5 childId=06cf8d43-bf44-44cf-b9d4-f7b13580874e tok=55092 base=14505 window=215040 pct=0.2562 peak=none
2026-09-23T03:06:32.236Z CTX label=laborer_worker#5 childId=06cf8d43-bf44-44cf-b9d4-f7b13580874e tok=55161 base=14505 window=215040 pct=0.2565 peak=none
2026-09-23T03:06:33.237Z CTX label=laborer_worker#5 childId=06cf8d43-bf44-44cf-b9d4-f7b13580874e tok=55247 base=14505 window=215040 pct=0.2569 peak=none
2026-09-23T03:06:34.237Z CTX label=laborer_worker#5 childId=06cf8d43-bf44-44cf-b9d4-f7b13580874e tok=55334 base=14505 window=215040 pct=0.2573 peak=none
2026-09-23T03:06:35.238Z CTX label=laborer_worker#5 childId=06cf8d43-bf44-44cf-b9d4-f7b13580874e tok=55436 base=14505 window=215040 pct=0.2578 peak=none
2026-09-23T03:06:36.238Z CTX label=laborer_worker#5 childId=06cf8d43-bf44-44cf-b9d4-f7b13580874e tok=55558 base=14505 window=215040 pct=0.2584 peak=none
2026-09-23T03:06:37.240Z CTX label=laborer_worker#5 childId=06cf8d43-bf44-44cf-b9d4-f7b13580874e tok=55639 base=14505 window=215040 pct=0.2587 peak=none
2026-09-23T03:06:38.240Z CTX label=laborer_worker#5 childId=06cf8d43-bf44-44cf-b9d4-f7b13580874e tok=55728 base=14505 window=215040 pct=0.2592 peak=none
2026-09-23T03:06:39.241Z CTX label=laborer_worker#5 childId=06cf8d43-bf44-44cf-b9d4-f7b13580874e tok=55797 base=14505 window=215040 pct=0.2595 peak=none
2026-09-23T03:06:40.243Z CTX label=laborer_worker#5 childId=06cf8d43-bf44-44cf-b9d4-f7b13580874e tok=55883 base=14505 window=215040 pct=0.2599 peak=none
2026-09-23T03:06:41.243Z CTX label=laborer_worker#5 childId=06cf8d43-bf44-44cf-b9d4-f7b13580874e tok=55945 base=14505 window=215040 pct=0.2602 peak=none
2026-09-23T03:06:42.244Z CTX label=laborer_worker#5 childId=06cf8d43-bf44-44cf-b9d4-f7b13580874e tok=56018 base=14505 window=215040 pct=0.2605 peak=none
2026-09-23T03:06:43.245Z CTX label=laborer_worker#5 childId=06cf8d43-bf44-44cf-b9d4-f7b13580874e tok=56098 base=14505 window=215040 pct=0.2609 peak=none
2026-09-23T03:06:44.245Z CTX label=laborer_worker#5 childId=06cf8d43-bf44-44cf-b9d4-f7b13580874e tok=56173 base=14505 window=215040 pct=0.2612 peak=none
2026-09-23T03:06:45.248Z CTX label=laborer_worker#5 childId=06cf8d43-bf44-44cf-b9d4-f7b13580874e tok=56269 base=14505 window=215040 pct=0.2617 peak=none
2026-09-23T03:06:46.248Z CTX label=laborer_worker#5 childId=06cf8d43-bf44-44cf-b9d4-f7b13580874e tok=56334 base=14505 window=215040 pct=0.2620 peak=none
2026-09-23T03:06:47.249Z CTX label=laborer_worker#5 childId=06cf8d43-bf44-44cf-b9d4-f7b13580874e tok=56391 base=14505 window=215040 pct=0.2622 peak=none
2026-09-23T03:06:48.249Z CTX label=laborer_worker#5 childId=06cf8d43-bf44-44cf-b9d4-f7b13580874e tok=56468 base=14505 window=215040 pct=0.2626 peak=none
2026-09-23T03:06:49.249Z CTX label=laborer_worker#5 childId=06cf8d43-bf44-44cf-b9d4-f7b13580874e tok=56530 base=14505 window=215040 pct=0.2629 peak=none
2026-09-23T03:06:50.250Z CTX label=laborer_worker#5 childId=06cf8d43-bf44-44cf-b9d4-f7b13580874e tok=56610 base=14505 window=215040 pct=0.2633 peak=none
2026-09-23T03:06:51.251Z CTX label=laborer_worker#5 childId=06cf8d43-bf44-44cf-b9d4-f7b13580874e tok=56696 base=14505 window=215040 pct=0.2637 peak=none
2026-09-23T03:06:52.251Z CTX label=laborer_worker#5 childId=06cf8d43-bf44-44cf-b9d4-f7b13580874e tok=56790 base=14505 window=215040 pct=0.2641 peak=none
2026-09-23T03:06:53.253Z CTX label=laborer_worker#5 childId=06cf8d43-bf44-44cf-b9d4-f7b13580874e tok=56862 base=14505 window=215040 pct=0.2644 peak=none
2026-09-23T03:06:54.254Z CTX label=laborer_worker#5 childId=06cf8d43-bf44-44cf-b9d4-f7b13580874e tok=56961 base=14505 window=215040 pct=0.2649 peak=none
2026-09-23T03:06:55.256Z CTX label=laborer_worker#5 childId=06cf8d43-bf44-44cf-b9d4-f7b13580874e tok=57042 base=14505 window=215040 pct=0.2653 peak=none
2026-09-23T03:06:56.256Z CTX label=laborer_worker#5 childId=06cf8d43-bf44-44cf-b9d4-f7b13580874e tok=57067 base=14505 window=215040 pct=0.2654 peak=none
2026-09-23T03:06:57.255Z CTX label=laborer_worker#5 childId=06cf8d43-bf44-44cf-b9d4-f7b13580874e tok=63154 base=14505 window=215040 pct=0.2937 peak=none
2026-09-23T03:06:58.257Z CTX label=laborer_worker#5 childId=06cf8d43-bf44-44cf-b9d4-f7b13580874e tok=63784 base=14505 window=215040 pct=0.2966 peak=none
2026-09-23T03:06:59.258Z CTX label=laborer_worker#5 childId=06cf8d43-bf44-44cf-b9d4-f7b13580874e tok=63784 base=14505 window=215040 pct=0.2966 peak=none
2026-09-23T03:07:00.258Z CTX label=laborer_worker#5 childId=06cf8d43-bf44-44cf-b9d4-f7b13580874e tok=63863 base=14505 window=215040 pct=0.2970 peak=none
2026-09-23T03:07:01.258Z CTX label=laborer_worker#5 childId=06cf8d43-bf44-44cf-b9d4-f7b13580874e tok=63880 base=14505 window=215040 pct=0.2971 peak=none
2026-09-23T03:07:02.258Z CTX label=laborer_worker#5 childId=06cf8d43-bf44-44cf-b9d4-f7b13580874e tok=70568 base=14505 window=215040 pct=0.3282 peak=none
2026-09-23T03:07:03.259Z CTX label=laborer_worker#5 childId=06cf8d43-bf44-44cf-b9d4-f7b13580874e tok=70568 base=14505 window=215040 pct=0.3282 peak=none
2026-09-23T03:07:04.260Z CTX label=laborer_worker#5 childId=06cf8d43-bf44-44cf-b9d4-f7b13580874e tok=70568 base=14505 window=215040 pct=0.3282 peak=none
2026-09-23T03:07:05.261Z CTX label=laborer_worker#5 childId=06cf8d43-bf44-44cf-b9d4-f7b13580874e tok=70627 base=14505 window=215040 pct=0.3284 peak=none
2026-09-23T03:07:06.261Z CTX label=laborer_worker#5 childId=06cf8d43-bf44-44cf-b9d4-f7b13580874e tok=70712 base=14505 window=215040 pct=0.3288 peak=none
2026-09-23T03:07:07.261Z CTX label=laborer_worker#5 childId=06cf8d43-bf44-44cf-b9d4-f7b13580874e tok=70820 base=14505 window=215040 pct=0.3293 peak=none
2026-09-23T03:07:08.262Z CTX label=laborer_worker#5 childId=06cf8d43-bf44-44cf-b9d4-f7b13580874e tok=70830 base=14505 window=215040 pct=0.3294 peak=none
2026-09-23T03:07:09.263Z CTX label=laborer_worker#5 childId=06cf8d43-bf44-44cf-b9d4-f7b13580874e tok=71121 base=14505 window=215040 pct=0.3307 peak=none
2026-09-23T03:07:10.263Z CTX label=laborer_worker#5 childId=06cf8d43-bf44-44cf-b9d4-f7b13580874e tok=71192 base=14505 window=215040 pct=0.3311 peak=none
2026-09-23T03:07:11.264Z CTX label=laborer_worker#5 childId=06cf8d43-bf44-44cf-b9d4-f7b13580874e tok=71257 base=14505 window=215040 pct=0.3314 peak=none
2026-09-23T03:07:12.265Z CTX label=laborer_worker#5 childId=06cf8d43-bf44-44cf-b9d4-f7b13580874e tok=71336 base=14505 window=215040 pct=0.3317 peak=none
2026-09-23T03:07:13.266Z CTX label=laborer_worker#5 childId=06cf8d43-bf44-44cf-b9d4-f7b13580874e tok=71425 base=14505 window=215040 pct=0.3321 peak=none
2026-09-23T03:07:14.266Z CTX label=laborer_worker#5 childId=06cf8d43-bf44-44cf-b9d4-f7b13580874e tok=71486 base=14505 window=215040 pct=0.3324 peak=none
2026-09-23T03:07:15.267Z CTX label=laborer_worker#5 childId=06cf8d43-bf44-44cf-b9d4-f7b13580874e tok=71570 base=14505 window=215040 pct=0.3328 peak=none
2026-09-23T03:07:16.269Z CTX label=laborer_worker#5 childId=06cf8d43-bf44-44cf-b9d4-f7b13580874e tok=71652 base=14505 window=215040 pct=0.3332 peak=none
2026-09-23T03:07:17.271Z CTX label=laborer_worker#5 childId=06cf8d43-bf44-44cf-b9d4-f7b13580874e tok=71713 base=14505 window=215040 pct=0.3335 peak=none
2026-09-23T03:07:18.270Z CTX label=laborer_worker#5 childId=06cf8d43-bf44-44cf-b9d4-f7b13580874e tok=71785 base=14505 window=215040 pct=0.3338 peak=none
2026-09-23T03:07:19.271Z CTX label=laborer_worker#5 childId=06cf8d43-bf44-44cf-b9d4-f7b13580874e tok=71885 base=14505 window=215040 pct=0.3343 peak=none
2026-09-23T03:07:20.272Z CTX label=laborer_worker#5 childId=06cf8d43-bf44-44cf-b9d4-f7b13580874e tok=71991 base=14505 window=215040 pct=0.3348 peak=none
2026-09-23T03:07:21.274Z CTX label=laborer_worker#5 childId=06cf8d43-bf44-44cf-b9d4-f7b13580874e tok=72075 base=14505 window=215040 pct=0.3352 peak=none
2026-09-23T03:07:22.274Z CTX label=laborer_worker#5 childId=06cf8d43-bf44-44cf-b9d4-f7b13580874e tok=72138 base=14505 window=215040 pct=0.3355 peak=none
2026-09-23T03:07:23.274Z CTX label=laborer_worker#5 childId=06cf8d43-bf44-44cf-b9d4-f7b13580874e tok=72207 base=14505 window=215040 pct=0.3358 peak=none
2026-09-23T03:07:24.273Z CTX label=laborer_worker#5 childId=06cf8d43-bf44-44cf-b9d4-f7b13580874e tok=72266 base=14505 window=215040 pct=0.3361 peak=none
2026-09-23T03:07:25.274Z CTX label=laborer_worker#5 childId=06cf8d43-bf44-44cf-b9d4-f7b13580874e tok=72372 base=14505 window=215040 pct=0.3366 peak=none
2026-09-23T03:07:26.275Z CTX label=laborer_worker#5 childId=06cf8d43-bf44-44cf-b9d4-f7b13580874e tok=72450 base=14505 window=215040 pct=0.3369 peak=none
2026-09-23T03:07:27.274Z CTX label=laborer_worker#5 childId=06cf8d43-bf44-44cf-b9d4-f7b13580874e tok=72544 base=14505 window=215040 pct=0.3374 peak=none
2026-09-23T03:07:28.275Z CTX label=laborer_worker#5 childId=06cf8d43-bf44-44cf-b9d4-f7b13580874e tok=72617 base=14505 window=215040 pct=0.3377 peak=none
2026-09-23T03:07:29.276Z CTX label=laborer_worker#5 childId=06cf8d43-bf44-44cf-b9d4-f7b13580874e tok=72680 base=14505 window=215040 pct=0.3380 peak=none
2026-09-23T03:07:30.278Z CTX label=laborer_worker#5 childId=06cf8d43-bf44-44cf-b9d4-f7b13580874e tok=72747 base=14505 window=215040 pct=0.3383 peak=none
2026-09-23T03:07:31.277Z CTX label=laborer_worker#5 childId=06cf8d43-bf44-44cf-b9d4-f7b13580874e tok=72821 base=14505 window=215040 pct=0.3386 peak=none
2026-09-23T03:07:32.279Z CTX label=laborer_worker#5 childId=06cf8d43-bf44-44cf-b9d4-f7b13580874e tok=72880 base=14505 window=215040 pct=0.3389 peak=none
2026-09-23T03:07:33.279Z CTX label=laborer_worker#5 childId=06cf8d43-bf44-44cf-b9d4-f7b13580874e tok=72950 base=14505 window=215040 pct=0.3392 peak=none
2026-09-23T03:07:34.280Z CTX label=laborer_worker#5 childId=06cf8d43-bf44-44cf-b9d4-f7b13580874e tok=73007 base=14505 window=215040 pct=0.3395 peak=none
2026-09-23T03:07:35.281Z CTX label=laborer_worker#5 childId=06cf8d43-bf44-44cf-b9d4-f7b13580874e tok=73110 base=14505 window=215040 pct=0.3400 peak=none
2026-09-23T03:07:36.281Z CTX label=laborer_worker#5 childId=06cf8d43-bf44-44cf-b9d4-f7b13580874e tok=73197 base=14505 window=215040 pct=0.3404 peak=none
2026-09-23T03:07:37.282Z CTX label=laborer_worker#5 childId=06cf8d43-bf44-44cf-b9d4-f7b13580874e tok=73281 base=14505 window=215040 pct=0.3408 peak=none
2026-09-23T03:07:38.282Z CTX label=laborer_worker#5 childId=06cf8d43-bf44-44cf-b9d4-f7b13580874e tok=73360 base=14505 window=215040 pct=0.3411 peak=none
2026-09-23T03:07:39.284Z CTX label=laborer_worker#5 childId=06cf8d43-bf44-44cf-b9d4-f7b13580874e tok=73426 base=14505 window=215040 pct=0.3415 peak=none
2026-09-23T03:07:40.285Z CTX label=laborer_worker#5 childId=06cf8d43-bf44-44cf-b9d4-f7b13580874e tok=73508 base=14505 window=215040 pct=0.3418 peak=none
2026-09-23T03:07:41.286Z CTX label=laborer_worker#5 childId=06cf8d43-bf44-44cf-b9d4-f7b13580874e tok=73597 base=14505 window=215040 pct=0.3422 peak=none
2026-09-23T03:07:42.287Z CTX label=laborer_worker#5 childId=06cf8d43-bf44-44cf-b9d4-f7b13580874e tok=73677 base=14505 window=215040 pct=0.3426 peak=none
2026-09-23T03:07:43.289Z CTX label=laborer_worker#5 childId=06cf8d43-bf44-44cf-b9d4-f7b13580874e tok=73758 base=14505 window=215040 pct=0.3430 peak=none
2026-09-23T03:07:44.289Z CTX label=laborer_worker#5 childId=06cf8d43-bf44-44cf-b9d4-f7b13580874e tok=73849 base=14505 window=215040 pct=0.3434 peak=none
2026-09-23T03:07:45.290Z CTX label=laborer_worker#5 childId=06cf8d43-bf44-44cf-b9d4-f7b13580874e tok=73945 base=14505 window=215040 pct=0.3439 peak=none
2026-09-23T03:07:46.291Z CTX label=laborer_worker#5 childId=06cf8d43-bf44-44cf-b9d4-f7b13580874e tok=74005 base=14505 window=215040 pct=0.3441 peak=none
2026-09-23T03:07:47.291Z CTX label=laborer_worker#5 childId=06cf8d43-bf44-44cf-b9d4-f7b13580874e tok=74061 base=14505 window=215040 pct=0.3444 peak=none
2026-09-23T03:07:48.293Z CTX label=laborer_worker#5 childId=06cf8d43-bf44-44cf-b9d4-f7b13580874e tok=74136 base=14505 window=215040 pct=0.3448 peak=none
2026-09-23T03:07:49.293Z CTX label=laborer_worker#5 childId=06cf8d43-bf44-44cf-b9d4-f7b13580874e tok=74211 base=14505 window=215040 pct=0.3451 peak=none
2026-09-23T03:07:50.295Z CTX label=laborer_worker#5 childId=06cf8d43-bf44-44cf-b9d4-f7b13580874e tok=74348 base=14505 window=215040 pct=0.3457 peak=none
2026-09-23T03:07:51.297Z CTX label=laborer_worker#5 childId=06cf8d43-bf44-44cf-b9d4-f7b13580874e tok=74438 base=14505 window=215040 pct=0.3462 peak=none
2026-09-23T03:07:52.296Z CTX label=laborer_worker#5 childId=06cf8d43-bf44-44cf-b9d4-f7b13580874e tok=74537 base=14505 window=215040 pct=0.3466 peak=none
2026-09-23T03:07:53.296Z CTX label=laborer_worker#5 childId=06cf8d43-bf44-44cf-b9d4-f7b13580874e tok=74600 base=14505 window=215040 pct=0.3469 peak=none
2026-09-23T03:07:54.296Z CTX label=laborer_worker#5 childId=06cf8d43-bf44-44cf-b9d4-f7b13580874e tok=74699 base=14505 window=215040 pct=0.3474 peak=none
2026-09-23T03:07:55.298Z CTX label=laborer_worker#5 childId=06cf8d43-bf44-44cf-b9d4-f7b13580874e tok=74804 base=14505 window=215040 pct=0.3479 peak=none
2026-09-23T03:07:56.298Z CTX label=laborer_worker#5 childId=06cf8d43-bf44-44cf-b9d4-f7b13580874e tok=74916 base=14505 window=215040 pct=0.3484 peak=none
2026-09-23T03:07:57.298Z CTX label=laborer_worker#5 childId=06cf8d43-bf44-44cf-b9d4-f7b13580874e tok=75007 base=14505 window=215040 pct=0.3488 peak=none
2026-09-23T03:07:58.298Z CTX label=laborer_worker#5 childId=06cf8d43-bf44-44cf-b9d4-f7b13580874e tok=75132 base=14505 window=215040 pct=0.3494 peak=none
2026-09-23T03:07:59.299Z CTX label=laborer_worker#5 childId=06cf8d43-bf44-44cf-b9d4-f7b13580874e tok=75228 base=14505 window=215040 pct=0.3498 peak=none
2026-09-23T03:08:00.300Z CTX label=laborer_worker#5 childId=06cf8d43-bf44-44cf-b9d4-f7b13580874e tok=75342 base=14505 window=215040 pct=0.3504 peak=none
2026-09-23T03:08:01.302Z CTX label=laborer_worker#5 childId=06cf8d43-bf44-44cf-b9d4-f7b13580874e tok=75413 base=14505 window=215040 pct=0.3507 peak=none
2026-09-23T03:08:02.302Z CTX label=laborer_worker#5 childId=06cf8d43-bf44-44cf-b9d4-f7b13580874e tok=75479 base=14505 window=215040 pct=0.3510 peak=none
2026-09-23T03:08:03.303Z CTX label=laborer_worker#5 childId=06cf8d43-bf44-44cf-b9d4-f7b13580874e tok=75561 base=14505 window=215040 pct=0.3514 peak=none
2026-09-23T03:08:04.305Z CTX label=laborer_worker#5 childId=06cf8d43-bf44-44cf-b9d4-f7b13580874e tok=75667 base=14505 window=215040 pct=0.3519 peak=none
2026-09-23T03:08:05.305Z CTX label=laborer_worker#5 childId=06cf8d43-bf44-44cf-b9d4-f7b13580874e tok=75779 base=14505 window=215040 pct=0.3524 peak=none
2026-09-23T03:08:06.305Z CTX label=laborer_worker#5 childId=06cf8d43-bf44-44cf-b9d4-f7b13580874e tok=75877 base=14505 window=215040 pct=0.3529 peak=none
2026-09-23T03:08:07.307Z CTX label=laborer_worker#5 childId=06cf8d43-bf44-44cf-b9d4-f7b13580874e tok=75979 base=14505 window=215040 pct=0.3533 peak=none
2026-09-23T03:08:08.308Z CTX label=laborer_worker#5 childId=06cf8d43-bf44-44cf-b9d4-f7b13580874e tok=76065 base=14505 window=215040 pct=0.3537 peak=none
2026-09-23T03:08:09.308Z CTX label=laborer_worker#5 childId=06cf8d43-bf44-44cf-b9d4-f7b13580874e tok=76171 base=14505 window=215040 pct=0.3542 peak=none
2026-09-23T03:08:10.309Z CTX label=laborer_worker#5 childId=06cf8d43-bf44-44cf-b9d4-f7b13580874e tok=76282 base=14505 window=215040 pct=0.3547 peak=none
2026-09-23T03:08:11.311Z CTX label=laborer_worker#5 childId=06cf8d43-bf44-44cf-b9d4-f7b13580874e tok=76383 base=14505 window=215040 pct=0.3552 peak=none
2026-09-23T03:08:12.312Z CTX label=laborer_worker#5 childId=06cf8d43-bf44-44cf-b9d4-f7b13580874e tok=76466 base=14505 window=215040 pct=0.3556 peak=none
2026-09-23T03:08:13.311Z CTX label=laborer_worker#5 childId=06cf8d43-bf44-44cf-b9d4-f7b13580874e tok=76529 base=14505 window=215040 pct=0.3559 peak=none
2026-09-23T03:08:14.311Z CTX label=laborer_worker#5 childId=06cf8d43-bf44-44cf-b9d4-f7b13580874e tok=76618 base=14505 window=215040 pct=0.3563 peak=none
2026-09-23T03:08:15.312Z CTX label=laborer_worker#5 childId=06cf8d43-bf44-44cf-b9d4-f7b13580874e tok=76720 base=14505 window=215040 pct=0.3568 peak=none
2026-09-23T03:08:16.313Z CTX label=laborer_worker#5 childId=06cf8d43-bf44-44cf-b9d4-f7b13580874e tok=76866 base=14505 window=215040 pct=0.3574 peak=none
2026-09-23T03:08:17.314Z CTX label=laborer_worker#5 childId=06cf8d43-bf44-44cf-b9d4-f7b13580874e tok=76981 base=14505 window=215040 pct=0.3580 peak=none
2026-09-23T03:08:18.314Z CTX label=laborer_worker#5 childId=06cf8d43-bf44-44cf-b9d4-f7b13580874e tok=77084 base=14505 window=215040 pct=0.3585 peak=none
2026-09-23T03:08:19.314Z CTX label=laborer_worker#5 childId=06cf8d43-bf44-44cf-b9d4-f7b13580874e tok=77196 base=14505 window=215040 pct=0.3590 peak=none
2026-09-23T03:08:20.316Z CTX label=laborer_worker#5 childId=06cf8d43-bf44-44cf-b9d4-f7b13580874e tok=77259 base=14505 window=215040 pct=0.3593 peak=none
2026-09-23T03:08:21.316Z CTX label=laborer_worker#5 childId=06cf8d43-bf44-44cf-b9d4-f7b13580874e tok=77362 base=14505 window=215040 pct=0.3598 peak=none
2026-09-23T03:08:22.318Z CTX label=laborer_worker#5 childId=06cf8d43-bf44-44cf-b9d4-f7b13580874e tok=77473 base=14505 window=215040 pct=0.3603 peak=none
2026-09-23T03:08:23.318Z CTX label=laborer_worker#5 childId=06cf8d43-bf44-44cf-b9d4-f7b13580874e tok=77593 base=14505 window=215040 pct=0.3608 peak=none
2026-09-23T03:08:24.320Z CTX label=laborer_worker#5 childId=06cf8d43-bf44-44cf-b9d4-f7b13580874e tok=77700 base=14505 window=215040 pct=0.3613 peak=none
2026-09-23T03:08:25.321Z CTX label=laborer_worker#5 childId=06cf8d43-bf44-44cf-b9d4-f7b13580874e tok=77801 base=14505 window=215040 pct=0.3618 peak=none
2026-09-23T03:08:26.321Z CTX label=laborer_worker#5 childId=06cf8d43-bf44-44cf-b9d4-f7b13580874e tok=77894 base=14505 window=215040 pct=0.3622 peak=none
2026-09-23T03:08:27.321Z CTX label=laborer_worker#5 childId=06cf8d43-bf44-44cf-b9d4-f7b13580874e tok=78006 base=14505 window=215040 pct=0.3628 peak=none
2026-09-23T03:08:28.324Z CTX label=laborer_worker#5 childId=06cf8d43-bf44-44cf-b9d4-f7b13580874e tok=78103 base=14505 window=215040 pct=0.3632 peak=none
2026-09-23T03:08:29.325Z CTX label=laborer_worker#5 childId=06cf8d43-bf44-44cf-b9d4-f7b13580874e tok=78176 base=14505 window=215040 pct=0.3635 peak=none
2026-09-23T03:08:30.326Z CTX label=laborer_worker#5 childId=06cf8d43-bf44-44cf-b9d4-f7b13580874e tok=78271 base=14505 window=215040 pct=0.3640 peak=none
2026-09-23T03:08:31.327Z CTX label=laborer_worker#5 childId=06cf8d43-bf44-44cf-b9d4-f7b13580874e tok=78346 base=14505 window=215040 pct=0.3643 peak=none
2026-09-23T03:08:32.329Z CTX label=laborer_worker#5 childId=06cf8d43-bf44-44cf-b9d4-f7b13580874e tok=78430 base=14505 window=215040 pct=0.3647 peak=none
2026-09-23T03:08:33.329Z CTX label=laborer_worker#5 childId=06cf8d43-bf44-44cf-b9d4-f7b13580874e tok=78494 base=14505 window=215040 pct=0.3650 peak=none
2026-09-23T03:08:34.331Z CTX label=laborer_worker#5 childId=06cf8d43-bf44-44cf-b9d4-f7b13580874e tok=78556 base=14505 window=215040 pct=0.3653 peak=none
2026-09-23T03:08:35.332Z CTX label=laborer_worker#5 childId=06cf8d43-bf44-44cf-b9d4-f7b13580874e tok=78635 base=14505 window=215040 pct=0.3657 peak=none
2026-09-23T03:08:36.333Z CTX label=laborer_worker#5 childId=06cf8d43-bf44-44cf-b9d4-f7b13580874e tok=78635 base=14505 window=215040 pct=0.3657 peak=none
2026-09-23T03:08:37.333Z CTX label=laborer_worker#5 childId=06cf8d43-bf44-44cf-b9d4-f7b13580874e tok=78819 base=14505 window=215040 pct=0.3665 peak=none
2026-09-23T03:08:38.334Z CTX label=laborer_worker#5 childId=06cf8d43-bf44-44cf-b9d4-f7b13580874e tok=78865 base=14505 window=215040 pct=0.3667 peak=none
2026-09-23T03:08:39.336Z CTX label=laborer_worker#5 childId=06cf8d43-bf44-44cf-b9d4-f7b13580874e tok=78865 base=14505 window=215040 pct=0.3667 peak=none
2026-09-23T03:08:40.335Z CTX label=laborer_worker#5 childId=06cf8d43-bf44-44cf-b9d4-f7b13580874e tok=78865 base=14505 window=215040 pct=0.3667 peak=none
2026-09-23T03:08:41.338Z CTX label=laborer_worker#5 childId=06cf8d43-bf44-44cf-b9d4-f7b13580874e tok=78865 base=14505 window=215040 pct=0.3667 peak=none
2026-09-23T03:08:42.338Z CTX label=laborer_worker#5 childId=06cf8d43-bf44-44cf-b9d4-f7b13580874e tok=78865 base=14505 window=215040 pct=0.3667 peak=none
2026-09-23T03:08:43.338Z CTX label=laborer_worker#5 childId=06cf8d43-bf44-44cf-b9d4-f7b13580874e tok=78865 base=14505 window=215040 pct=0.3667 peak=none
2026-09-23T03:08:44.340Z CTX label=laborer_worker#5 childId=06cf8d43-bf44-44cf-b9d4-f7b13580874e tok=78865 base=14505 window=215040 pct=0.3667 peak=none
2026-09-23T03:08:45.342Z CTX label=laborer_worker#5 childId=06cf8d43-bf44-44cf-b9d4-f7b13580874e tok=78865 base=14505 window=215040 pct=0.3667 peak=none
2026-09-23T03:08:46.343Z CTX label=laborer_worker#5 childId=06cf8d43-bf44-44cf-b9d4-f7b13580874e tok=78865 base=14505 window=215040 pct=0.3667 peak=none
2026-09-23T03:08:47.343Z CTX label=laborer_worker#5 childId=06cf8d43-bf44-44cf-b9d4-f7b13580874e tok=78865 base=14505 window=215040 pct=0.3667 peak=none
2026-09-23T03:08:48.344Z CTX label=laborer_worker#5 childId=06cf8d43-bf44-44cf-b9d4-f7b13580874e tok=78865 base=14505 window=215040 pct=0.3667 peak=none
2026-09-23T03:08:49.346Z CTX label=laborer_worker#5 childId=06cf8d43-bf44-44cf-b9d4-f7b13580874e tok=78865 base=14505 window=215040 pct=0.3667 peak=none
2026-09-23T03:08:50.345Z CTX label=laborer_worker#5 childId=06cf8d43-bf44-44cf-b9d4-f7b13580874e tok=78865 base=14505 window=215040 pct=0.3667 peak=none
2026-09-23T03:08:51.347Z CTX label=laborer_worker#5 childId=06cf8d43-bf44-44cf-b9d4-f7b13580874e tok=78865 base=14505 window=215040 pct=0.3667 peak=none
2026-09-23T03:08:52.347Z CTX label=laborer_worker#5 childId=06cf8d43-bf44-44cf-b9d4-f7b13580874e tok=78865 base=14505 window=215040 pct=0.3667 peak=none
2026-09-23T03:08:53.349Z CTX label=laborer_worker#5 childId=06cf8d43-bf44-44cf-b9d4-f7b13580874e tok=78865 base=14505 window=215040 pct=0.3667 peak=none
2026-09-23T03:08:54.349Z CTX label=laborer_worker#5 childId=06cf8d43-bf44-44cf-b9d4-f7b13580874e tok=78865 base=14505 window=215040 pct=0.3667 peak=none
2026-09-23T03:08:55.350Z CTX label=laborer_worker#5 childId=06cf8d43-bf44-44cf-b9d4-f7b13580874e tok=78865 base=14505 window=215040 pct=0.3667 peak=none
2026-09-23T03:08:56.351Z CTX label=laborer_worker#5 childId=06cf8d43-bf44-44cf-b9d4-f7b13580874e tok=78865 base=14505 window=215040 pct=0.3667 peak=none
2026-09-23T03:08:57.351Z CTX label=laborer_worker#5 childId=06cf8d43-bf44-44cf-b9d4-f7b13580874e tok=78865 base=14505 window=215040 pct=0.3667 peak=none
2026-09-23T03:08:58.353Z CTX label=laborer_worker#5 childId=06cf8d43-bf44-44cf-b9d4-f7b13580874e tok=78865 base=14505 window=215040 pct=0.3667 peak=none
2026-09-23T03:08:59.354Z CTX label=laborer_worker#5 childId=06cf8d43-bf44-44cf-b9d4-f7b13580874e tok=78865 base=14505 window=215040 pct=0.3667 peak=none
2026-09-23T03:09:00.355Z CTX label=laborer_worker#5 childId=06cf8d43-bf44-44cf-b9d4-f7b13580874e tok=78865 base=14505 window=215040 pct=0.3667 peak=none
2026-09-23T03:09:01.356Z CTX label=laborer_worker#5 childId=06cf8d43-bf44-44cf-b9d4-f7b13580874e tok=78865 base=14505 window=215040 pct=0.3667 peak=none
2026-09-23T03:09:02.358Z CTX label=laborer_worker#5 childId=06cf8d43-bf44-44cf-b9d4-f7b13580874e tok=78865 base=14505 window=215040 pct=0.3667 peak=none
2026-09-23T03:09:03.356Z CTX label=laborer_worker#5 childId=06cf8d43-bf44-44cf-b9d4-f7b13580874e tok=78865 base=14505 window=215040 pct=0.3667 peak=none
2026-09-23T03:09:04.355Z CTX label=laborer_worker#5 childId=06cf8d43-bf44-44cf-b9d4-f7b13580874e tok=78865 base=14505 window=215040 pct=0.3667 peak=none
2026-09-23T03:09:05.357Z CTX label=laborer_worker#5 childId=06cf8d43-bf44-44cf-b9d4-f7b13580874e tok=78865 base=14505 window=215040 pct=0.3667 peak=none
2026-09-23T03:09:06.357Z CTX label=laborer_worker#5 childId=06cf8d43-bf44-44cf-b9d4-f7b13580874e tok=78865 base=14505 window=215040 pct=0.3667 peak=none
2026-09-23T03:09:07.358Z CTX label=laborer_worker#5 childId=06cf8d43-bf44-44cf-b9d4-f7b13580874e tok=78865 base=14505 window=215040 pct=0.3667 peak=none
2026-09-23T03:09:08.359Z CTX label=laborer_worker#5 childId=06cf8d43-bf44-44cf-b9d4-f7b13580874e tok=78865 base=14505 window=215040 pct=0.3667 peak=none
2026-09-23T03:09:09.361Z CTX label=laborer_worker#5 childId=06cf8d43-bf44-44cf-b9d4-f7b13580874e tok=78865 base=14505 window=215040 pct=0.3667 peak=none
2026-09-23T03:09:10.362Z CTX label=laborer_worker#5 childId=06cf8d43-bf44-44cf-b9d4-f7b13580874e tok=78865 base=14505 window=215040 pct=0.3667 peak=none
2026-09-23T03:09:11.363Z CTX label=laborer_worker#5 childId=06cf8d43-bf44-44cf-b9d4-f7b13580874e tok=78865 base=14505 window=215040 pct=0.3667 peak=none
2026-09-23T03:09:12.361Z CTX label=laborer_worker#5 childId=06cf8d43-bf44-44cf-b9d4-f7b13580874e tok=85040 base=14505 window=215040 pct=0.3955 peak=none
2026-09-23T03:09:13.363Z CTX label=laborer_worker#5 childId=06cf8d43-bf44-44cf-b9d4-f7b13580874e tok=85092 base=14505 window=215040 pct=0.3957 peak=none
2026-09-23T03:09:14.363Z CTX label=laborer_worker#5 childId=06cf8d43-bf44-44cf-b9d4-f7b13580874e tok=85127 base=14505 window=215040 pct=0.3959 peak=none
2026-09-23T03:09:15.363Z CTX label=laborer_worker#5 childId=06cf8d43-bf44-44cf-b9d4-f7b13580874e tok=85205 base=14505 window=215040 pct=0.3962 peak=none
2026-09-23T03:09:16.363Z CTX label=laborer_worker#5 childId=06cf8d43-bf44-44cf-b9d4-f7b13580874e tok=85205 base=14505 window=215040 pct=0.3962 peak=none
2026-09-23T03:09:17.363Z CTX label=laborer_worker#5 childId=06cf8d43-bf44-44cf-b9d4-f7b13580874e tok=85205 base=14505 window=215040 pct=0.3962 peak=none
2026-09-23T03:09:18.364Z CTX label=laborer_worker#5 childId=06cf8d43-bf44-44cf-b9d4-f7b13580874e tok=85205 base=14505 window=215040 pct=0.3962 peak=none
2026-09-23T03:09:19.364Z CTX label=laborer_worker#5 childId=06cf8d43-bf44-44cf-b9d4-f7b13580874e tok=87842 base=14505 window=215040 pct=0.4085 peak=none
2026-09-23T03:09:20.367Z CTX label=laborer_worker#5 childId=06cf8d43-bf44-44cf-b9d4-f7b13580874e tok=87907 base=14505 window=215040 pct=0.4088 peak=none
2026-09-23T03:09:21.367Z CTX label=laborer_worker#5 childId=06cf8d43-bf44-44cf-b9d4-f7b13580874e tok=88517 base=14505 window=215040 pct=0.4116 peak=none
2026-09-23T03:09:22.368Z CTX label=laborer_worker#5 childId=06cf8d43-bf44-44cf-b9d4-f7b13580874e tok=88527 base=14505 window=215040 pct=0.4117 peak=none
2026-09-23T03:09:23.369Z CTX label=laborer_worker#5 childId=06cf8d43-bf44-44cf-b9d4-f7b13580874e tok=88593 base=14505 window=215040 pct=0.4120 peak=none
2026-09-23T03:09:24.369Z CTX label=laborer_worker#5 childId=06cf8d43-bf44-44cf-b9d4-f7b13580874e tok=88593 base=14505 window=215040 pct=0.4120 peak=none
2026-09-23T03:09:25.369Z CTX label=laborer_worker#5 childId=06cf8d43-bf44-44cf-b9d4-f7b13580874e tok=88886 base=14505 window=215040 pct=0.4133 peak=none
2026-09-23T03:09:26.369Z CTX label=laborer_worker#5 childId=06cf8d43-bf44-44cf-b9d4-f7b13580874e tok=89232 base=14505 window=215040 pct=0.4150 peak=none
2026-09-23T03:09:27.370Z CTX label=laborer_worker#5 childId=06cf8d43-bf44-44cf-b9d4-f7b13580874e tok=89280 base=14505 window=215040 pct=0.4152 peak=none
2026-09-23T03:09:28.373Z CTX label=laborer_worker#5 childId=06cf8d43-bf44-44cf-b9d4-f7b13580874e tok=89367 base=14505 window=215040 pct=0.4156 peak=none
2026-09-23T03:09:29.371Z CTX label=laborer_worker#5 childId=06cf8d43-bf44-44cf-b9d4-f7b13580874e tok=89495 base=14505 window=215040 pct=0.4162 peak=none
2026-09-23T03:09:30.372Z CTX label=laborer_worker#5 childId=06cf8d43-bf44-44cf-b9d4-f7b13580874e tok=89570 base=14505 window=215040 pct=0.4165 peak=none
2026-09-23T03:09:31.372Z CTX label=laborer_worker#5 childId=06cf8d43-bf44-44cf-b9d4-f7b13580874e tok=89855 base=14505 window=215040 pct=0.4179 peak=none
2026-09-23T03:09:32.373Z CTX label=laborer_worker#5 childId=06cf8d43-bf44-44cf-b9d4-f7b13580874e tok=89952 base=14505 window=215040 pct=0.4183 peak=none
2026-09-23T03:09:33.373Z CTX label=laborer_worker#5 childId=06cf8d43-bf44-44cf-b9d4-f7b13580874e tok=90139 base=14505 window=215040 pct=0.4192 peak=none
2026-09-23T03:09:34.374Z CTX label=laborer_worker#5 childId=06cf8d43-bf44-44cf-b9d4-f7b13580874e tok=90189 base=14505 window=215040 pct=0.4194 peak=none
2026-09-23T03:09:35.374Z CTX label=laborer_worker#5 childId=06cf8d43-bf44-44cf-b9d4-f7b13580874e tok=90189 base=14505 window=215040 pct=0.4194 peak=none
2026-09-23T03:09:36.374Z CTX label=laborer_worker#5 childId=06cf8d43-bf44-44cf-b9d4-f7b13580874e tok=90517 base=14505 window=215040 pct=0.4209 peak=none
2026-09-23T03:09:37.376Z CTX label=laborer_worker#5 childId=06cf8d43-bf44-44cf-b9d4-f7b13580874e tok=90578 base=14505 window=215040 pct=0.4212 peak=none
2026-09-23T03:09:38.377Z CTX label=laborer_worker#5 childId=06cf8d43-bf44-44cf-b9d4-f7b13580874e tok=90578 base=14505 window=215040 pct=0.4212 peak=none
2026-09-23T03:09:39.377Z CTX label=laborer_worker#5 childId=06cf8d43-bf44-44cf-b9d4-f7b13580874e tok=90578 base=14505 window=215040 pct=0.4212 peak=none
2026-09-23T03:09:40.379Z CTX label=laborer_worker#5 childId=06cf8d43-bf44-44cf-b9d4-f7b13580874e tok=90578 base=14505 window=215040 pct=0.4212 peak=none
2026-09-23T03:09:41.382Z CTX label=laborer_worker#5 childId=06cf8d43-bf44-44cf-b9d4-f7b13580874e tok=90578 base=14505 window=215040 pct=0.4212 peak=none
2026-09-23T03:09:42.381Z CTX label=laborer_worker#5 childId=06cf8d43-bf44-44cf-b9d4-f7b13580874e tok=90578 base=14505 window=215040 pct=0.4212 peak=none
2026-09-23T03:09:43.381Z CTX label=laborer_worker#5 childId=06cf8d43-bf44-44cf-b9d4-f7b13580874e tok=90578 base=14505 window=215040 pct=0.4212 peak=none
2026-09-23T03:09:44.382Z CTX label=laborer_worker#5 childId=06cf8d43-bf44-44cf-b9d4-f7b13580874e tok=90578 base=14505 window=215040 pct=0.4212 peak=none
2026-09-23T03:09:45.382Z CTX label=laborer_worker#5 childId=06cf8d43-bf44-44cf-b9d4-f7b13580874e tok=90578 base=14505 window=215040 pct=0.4212 peak=none
2026-09-23T03:09:46.382Z CTX label=laborer_worker#5 childId=06cf8d43-bf44-44cf-b9d4-f7b13580874e tok=91620 base=14505 window=215040 pct=0.4261 peak=none
2026-09-23T03:09:47.383Z CTX label=laborer_worker#5 childId=06cf8d43-bf44-44cf-b9d4-f7b13580874e tok=91697 base=14505 window=215040 pct=0.4264 peak=none
2026-09-23T03:09:48.385Z CTX label=laborer_worker#5 childId=06cf8d43-bf44-44cf-b9d4-f7b13580874e tok=92102 base=14505 window=215040 pct=0.4283 peak=none
2026-09-23T03:09:49.385Z CTX label=laborer_worker#5 childId=06cf8d43-bf44-44cf-b9d4-f7b13580874e tok=92102 base=14505 window=215040 pct=0.4283 peak=none
2026-09-23T03:09:50.386Z CTX label=laborer_worker#5 childId=06cf8d43-bf44-44cf-b9d4-f7b13580874e tok=92102 base=14505 window=215040 pct=0.4283 peak=none
2026-09-23T03:09:51.388Z CTX label=laborer_worker#5 childId=06cf8d43-bf44-44cf-b9d4-f7b13580874e tok=92102 base=14505 window=215040 pct=0.4283 peak=none
2026-09-23T03:09:52.389Z CTX label=laborer_worker#5 childId=06cf8d43-bf44-44cf-b9d4-f7b13580874e tok=92102 base=14505 window=215040 pct=0.4283 peak=none
2026-09-23T03:09:53.391Z CTX label=laborer_worker#5 childId=06cf8d43-bf44-44cf-b9d4-f7b13580874e tok=92102 base=14505 window=215040 pct=0.4283 peak=none
2026-09-23T03:09:54.391Z CTX label=laborer_worker#5 childId=06cf8d43-bf44-44cf-b9d4-f7b13580874e tok=92102 base=14505 window=215040 pct=0.4283 peak=none
2026-09-23T03:09:55.392Z CTX label=laborer_worker#5 childId=06cf8d43-bf44-44cf-b9d4-f7b13580874e tok=92102 base=14505 window=215040 pct=0.4283 peak=none
2026-09-23T03:09:56.393Z CTX label=laborer_worker#5 childId=06cf8d43-bf44-44cf-b9d4-f7b13580874e tok=92177 base=14505 window=215040 pct=0.4287 peak=none
2026-09-23T03:09:57.394Z CTX label=laborer_worker#5 childId=06cf8d43-bf44-44cf-b9d4-f7b13580874e tok=92188 base=14505 window=215040 pct=0.4287 peak=none
2026-09-23T03:09:58.394Z CTX label=laborer_worker#5 childId=06cf8d43-bf44-44cf-b9d4-f7b13580874e tok=92267 base=14505 window=215040 pct=0.4291 peak=none
2026-09-23T03:09:59.396Z CTX label=laborer_worker#5 childId=06cf8d43-bf44-44cf-b9d4-f7b13580874e tok=92681 base=14505 window=215040 pct=0.4310 peak=none
2026-09-23T03:10:00.394Z CTX label=laborer_worker#5 childId=06cf8d43-bf44-44cf-b9d4-f7b13580874e tok=92747 base=14505 window=215040 pct=0.4313 peak=none
2026-09-23T03:10:01.395Z CTX label=laborer_worker#5 childId=06cf8d43-bf44-44cf-b9d4-f7b13580874e tok=92838 base=14505 window=215040 pct=0.4317 peak=none
2026-09-23T03:10:02.396Z CTX label=laborer_worker#5 childId=06cf8d43-bf44-44cf-b9d4-f7b13580874e tok=93097 base=14505 window=215040 pct=0.4329 peak=none
2026-09-23T03:10:03.397Z CTX label=laborer_worker#5 childId=06cf8d43-bf44-44cf-b9d4-f7b13580874e tok=93514 base=14505 window=215040 pct=0.4349 peak=none
2026-09-23T03:10:04.408Z CTX label=laborer_worker#5 childId=06cf8d43-bf44-44cf-b9d4-f7b13580874e tok=93558 base=14505 window=215040 pct=0.4351 peak=none
2026-09-23T03:10:05.405Z CTX label=laborer_worker#5 childId=06cf8d43-bf44-44cf-b9d4-f7b13580874e tok=93861 base=14505 window=215040 pct=0.4365 peak=none
2026-09-23T03:10:06.407Z CTX label=laborer_worker#5 childId=06cf8d43-bf44-44cf-b9d4-f7b13580874e tok=93940 base=14505 window=215040 pct=0.4368 peak=none
2026-09-23T03:10:07.407Z CTX label=laborer_worker#5 childId=06cf8d43-bf44-44cf-b9d4-f7b13580874e tok=94062 base=14505 window=215040 pct=0.4374 peak=none
2026-09-23T03:10:08.408Z CTX label=laborer_worker#5 childId=06cf8d43-bf44-44cf-b9d4-f7b13580874e tok=94062 base=14505 window=215040 pct=0.4374 peak=none
2026-09-23T03:10:09.409Z CTX label=laborer_worker#5 childId=06cf8d43-bf44-44cf-b9d4-f7b13580874e tok=94062 base=14505 window=215040 pct=0.4374 peak=none
2026-09-23T03:10:10.411Z CTX label=laborer_worker#5 childId=06cf8d43-bf44-44cf-b9d4-f7b13580874e tok=94062 base=14505 window=215040 pct=0.4374 peak=none
2026-09-23T03:10:11.413Z CTX label=laborer_worker#5 childId=06cf8d43-bf44-44cf-b9d4-f7b13580874e tok=94062 base=14505 window=215040 pct=0.4374 peak=none
2026-09-23T03:10:12.413Z CTX label=laborer_worker#5 childId=06cf8d43-bf44-44cf-b9d4-f7b13580874e tok=94062 base=14505 window=215040 pct=0.4374 peak=none
2026-09-23T03:10:13.414Z CTX label=laborer_worker#5 childId=06cf8d43-bf44-44cf-b9d4-f7b13580874e tok=94062 base=14505 window=215040 pct=0.4374 peak=none
2026-09-23T03:10:14.415Z CTX label=laborer_worker#5 childId=06cf8d43-bf44-44cf-b9d4-f7b13580874e tok=94062 base=14505 window=215040 pct=0.4374 peak=none
2026-09-23T03:10:15.417Z CTX label=laborer_worker#5 childId=06cf8d43-bf44-44cf-b9d4-f7b13580874e tok=94062 base=14505 window=215040 pct=0.4374 peak=none
2026-09-23T03:10:16.422Z CTX label=laborer_worker#5 childId=06cf8d43-bf44-44cf-b9d4-f7b13580874e tok=94062 base=14505 window=215040 pct=0.4374 peak=none
2026-09-23T03:10:17.422Z CTX label=laborer_worker#5 childId=06cf8d43-bf44-44cf-b9d4-f7b13580874e tok=94062 base=14505 window=215040 pct=0.4374 peak=none
2026-09-23T03:10:18.424Z CTX label=laborer_worker#5 childId=06cf8d43-bf44-44cf-b9d4-f7b13580874e tok=94062 base=14505 window=215040 pct=0.4374 peak=none
2026-09-23T03:10:19.424Z CTX label=laborer_worker#5 childId=06cf8d43-bf44-44cf-b9d4-f7b13580874e tok=94062 base=14505 window=215040 pct=0.4374 peak=none
2026-09-23T03:10:20.425Z CTX label=laborer_worker#5 childId=06cf8d43-bf44-44cf-b9d4-f7b13580874e tok=94062 base=14505 window=215040 pct=0.4374 peak=none
2026-09-23T03:10:21.427Z CTX label=laborer_worker#5 childId=06cf8d43-bf44-44cf-b9d4-f7b13580874e tok=94062 base=14505 window=215040 pct=0.4374 peak=none
2026-09-23T03:10:22.427Z CTX label=laborer_worker#5 childId=06cf8d43-bf44-44cf-b9d4-f7b13580874e tok=94062 base=14505 window=215040 pct=0.4374 peak=none
2026-09-23T03:10:23.429Z CTX label=laborer_worker#5 childId=06cf8d43-bf44-44cf-b9d4-f7b13580874e tok=94062 base=14505 window=215040 pct=0.4374 peak=none
2026-09-23T03:10:24.431Z CTX label=laborer_worker#5 childId=06cf8d43-bf44-44cf-b9d4-f7b13580874e tok=94062 base=14505 window=215040 pct=0.4374 peak=none
2026-09-23T03:10:25.432Z CTX label=laborer_worker#5 childId=06cf8d43-bf44-44cf-b9d4-f7b13580874e tok=94062 base=14505 window=215040 pct=0.4374 peak=none
2026-09-23T03:10:26.432Z CTX label=laborer_worker#5 childId=06cf8d43-bf44-44cf-b9d4-f7b13580874e tok=94062 base=14505 window=215040 pct=0.4374 peak=none
2026-09-23T03:10:27.433Z CTX label=laborer_worker#5 childId=06cf8d43-bf44-44cf-b9d4-f7b13580874e tok=94062 base=14505 window=215040 pct=0.4374 peak=none
2026-09-23T03:10:28.436Z CTX label=laborer_worker#5 childId=06cf8d43-bf44-44cf-b9d4-f7b13580874e tok=94062 base=14505 window=215040 pct=0.4374 peak=none
2026-09-23T03:10:29.438Z CTX label=laborer_worker#5 childId=06cf8d43-bf44-44cf-b9d4-f7b13580874e tok=94062 base=14505 window=215040 pct=0.4374 peak=none
2026-09-23T03:10:30.442Z CTX label=laborer_worker#5 childId=06cf8d43-bf44-44cf-b9d4-f7b13580874e tok=94062 base=14505 window=215040 pct=0.4374 peak=none
2026-09-23T03:10:31.447Z CTX label=laborer_worker#5 childId=06cf8d43-bf44-44cf-b9d4-f7b13580874e tok=94062 base=14505 window=215040 pct=0.4374 peak=none
2026-09-23T03:10:32.448Z CTX label=laborer_worker#5 childId=06cf8d43-bf44-44cf-b9d4-f7b13580874e tok=94062 base=14505 window=215040 pct=0.4374 peak=none
2026-09-23T03:10:33.449Z CTX label=laborer_worker#5 childId=06cf8d43-bf44-44cf-b9d4-f7b13580874e tok=94173 base=14505 window=215040 pct=0.4379 peak=none
2026-09-23T03:10:34.451Z CTX label=laborer_worker#5 childId=06cf8d43-bf44-44cf-b9d4-f7b13580874e tok=94194 base=14505 window=215040 pct=0.4380 peak=none
2026-09-23T03:10:35.450Z CTX label=laborer_worker#5 childId=06cf8d43-bf44-44cf-b9d4-f7b13580874e tok=94280 base=14505 window=215040 pct=0.4384 peak=none
2026-09-23T03:10:36.450Z CTX label=laborer_worker#5 childId=06cf8d43-bf44-44cf-b9d4-f7b13580874e tok=94356 base=14505 window=215040 pct=0.4388 peak=none
2026-09-23T03:10:37.452Z CTX label=laborer_worker#5 childId=06cf8d43-bf44-44cf-b9d4-f7b13580874e tok=94441 base=14505 window=215040 pct=0.4392 peak=none
2026-09-23T03:10:38.451Z CTX label=laborer_worker#5 childId=06cf8d43-bf44-44cf-b9d4-f7b13580874e tok=94517 base=14505 window=215040 pct=0.4395 peak=none
2026-09-23T03:10:39.451Z CTX label=laborer_worker#5 childId=06cf8d43-bf44-44cf-b9d4-f7b13580874e tok=94612 base=14505 window=215040 pct=0.4400 peak=none
2026-09-23T03:10:40.451Z CTX label=laborer_worker#5 childId=06cf8d43-bf44-44cf-b9d4-f7b13580874e tok=94675 base=14505 window=215040 pct=0.4403 peak=none
2026-09-23T03:10:41.452Z CTX label=laborer_worker#5 childId=06cf8d43-bf44-44cf-b9d4-f7b13580874e tok=94752 base=14505 window=215040 pct=0.4406 peak=none
2026-09-23T03:10:42.452Z CTX label=laborer_worker#5 childId=06cf8d43-bf44-44cf-b9d4-f7b13580874e tok=94816 base=14505 window=215040 pct=0.4409 peak=none
2026-09-23T03:10:43.452Z CTX label=laborer_worker#5 childId=06cf8d43-bf44-44cf-b9d4-f7b13580874e tok=94885 base=14505 window=215040 pct=0.4412 peak=none
2026-09-23T03:10:44.453Z CTX label=laborer_worker#5 childId=06cf8d43-bf44-44cf-b9d4-f7b13580874e tok=94945 base=14505 window=215040 pct=0.4415 peak=none
2026-09-23T03:10:45.454Z CTX label=laborer_worker#5 childId=06cf8d43-bf44-44cf-b9d4-f7b13580874e tok=95019 base=14505 window=215040 pct=0.4419 peak=none
2026-09-23T03:10:46.455Z CTX label=laborer_worker#5 childId=06cf8d43-bf44-44cf-b9d4-f7b13580874e tok=95093 base=14505 window=215040 pct=0.4422 peak=none
2026-09-23T03:10:47.455Z CTX label=laborer_worker#5 childId=06cf8d43-bf44-44cf-b9d4-f7b13580874e tok=95160 base=14505 window=215040 pct=0.4425 peak=none
2026-09-23T03:10:48.456Z CTX label=laborer_worker#5 childId=06cf8d43-bf44-44cf-b9d4-f7b13580874e tok=95238 base=14505 window=215040 pct=0.4429 peak=none
2026-09-23T03:10:49.456Z CTX label=laborer_worker#5 childId=06cf8d43-bf44-44cf-b9d4-f7b13580874e tok=95301 base=14505 window=215040 pct=0.4432 peak=none
2026-09-23T03:10:50.457Z CTX label=laborer_worker#5 childId=06cf8d43-bf44-44cf-b9d4-f7b13580874e tok=95366 base=14505 window=215040 pct=0.4435 peak=none
2026-09-23T03:10:51.457Z CTX label=laborer_worker#5 childId=06cf8d43-bf44-44cf-b9d4-f7b13580874e tok=95459 base=14505 window=215040 pct=0.4439 peak=none
2026-09-23T03:10:52.457Z CTX label=laborer_worker#5 childId=06cf8d43-bf44-44cf-b9d4-f7b13580874e tok=95547 base=14505 window=215040 pct=0.4443 peak=none
2026-09-23T03:10:53.457Z CTX label=laborer_worker#5 childId=06cf8d43-bf44-44cf-b9d4-f7b13580874e tok=95721 base=14505 window=215040 pct=0.4451 peak=none
2026-09-23T03:10:54.459Z CTX label=laborer_worker#5 childId=06cf8d43-bf44-44cf-b9d4-f7b13580874e tok=95792 base=14505 window=215040 pct=0.4455 peak=none
2026-09-23T03:10:55.459Z CTX label=laborer_worker#5 childId=06cf8d43-bf44-44cf-b9d4-f7b13580874e tok=95859 base=14505 window=215040 pct=0.4458 peak=none
2026-09-23T03:10:56.459Z CTX label=laborer_worker#5 childId=06cf8d43-bf44-44cf-b9d4-f7b13580874e tok=96227 base=14505 window=215040 pct=0.4475 peak=none
2026-09-23T03:10:57.460Z CTX label=laborer_worker#5 childId=06cf8d43-bf44-44cf-b9d4-f7b13580874e tok=96227 base=14505 window=215040 pct=0.4475 peak=none
2026-09-23T03:10:58.461Z CTX label=laborer_worker#5 childId=06cf8d43-bf44-44cf-b9d4-f7b13580874e tok=96227 base=14505 window=215040 pct=0.4475 peak=none
2026-09-23T03:10:59.462Z CTX label=laborer_worker#5 childId=06cf8d43-bf44-44cf-b9d4-f7b13580874e tok=96290 base=14505 window=215040 pct=0.4478 peak=none
2026-09-23T03:11:00.462Z CTX label=laborer_worker#5 childId=06cf8d43-bf44-44cf-b9d4-f7b13580874e tok=96382 base=14505 window=215040 pct=0.4482 peak=none
2026-09-23T03:11:01.463Z CTX label=laborer_worker#5 childId=06cf8d43-bf44-44cf-b9d4-f7b13580874e tok=96459 base=14505 window=215040 pct=0.4486 peak=none
2026-09-23T03:11:02.463Z CTX label=laborer_worker#5 childId=06cf8d43-bf44-44cf-b9d4-f7b13580874e tok=96553 base=14505 window=215040 pct=0.4490 peak=none
2026-09-23T03:11:03.464Z CTX label=laborer_worker#5 childId=06cf8d43-bf44-44cf-b9d4-f7b13580874e tok=96635 base=14505 window=215040 pct=0.4494 peak=none
2026-09-23T03:11:04.466Z CTX label=laborer_worker#5 childId=06cf8d43-bf44-44cf-b9d4-f7b13580874e tok=98207 base=14505 window=215040 pct=0.4567 peak=none
2026-09-23T03:11:05.467Z CTX label=laborer_worker#5 childId=06cf8d43-bf44-44cf-b9d4-f7b13580874e tok=98207 base=14505 window=215040 pct=0.4567 peak=none
2026-09-23T03:11:06.467Z CTX label=laborer_worker#5 childId=06cf8d43-bf44-44cf-b9d4-f7b13580874e tok=98207 base=14505 window=215040 pct=0.4567 peak=none
2026-09-23T03:11:07.468Z CTX label=laborer_worker#5 childId=06cf8d43-bf44-44cf-b9d4-f7b13580874e tok=98207 base=14505 window=215040 pct=0.4567 peak=none
2026-09-23T03:11:08.469Z CTX label=laborer_worker#5 childId=06cf8d43-bf44-44cf-b9d4-f7b13580874e tok=98207 base=14505 window=215040 pct=0.4567 peak=none
2026-09-23T03:11:09.469Z CTX label=laborer_worker#5 childId=06cf8d43-bf44-44cf-b9d4-f7b13580874e tok=98228 base=14505 window=215040 pct=0.4568 peak=none
2026-09-23T03:11:10.471Z CTX label=laborer_worker#5 childId=06cf8d43-bf44-44cf-b9d4-f7b13580874e tok=98299 base=14505 window=215040 pct=0.4571 peak=none
2026-09-23T03:11:11.471Z CTX label=laborer_worker#5 childId=06cf8d43-bf44-44cf-b9d4-f7b13580874e tok=98396 base=14505 window=215040 pct=0.4576 peak=none
2026-09-23T03:11:12.471Z CTX label=laborer_worker#5 childId=06cf8d43-bf44-44cf-b9d4-f7b13580874e tok=98470 base=14505 window=215040 pct=0.4579 peak=none
2026-09-23T03:11:13.472Z CTX label=laborer_worker#5 childId=06cf8d43-bf44-44cf-b9d4-f7b13580874e tok=98538 base=14505 window=215040 pct=0.4582 peak=none
2026-09-23T03:11:14.472Z CTX label=laborer_worker#5 childId=06cf8d43-bf44-44cf-b9d4-f7b13580874e tok=98609 base=14505 window=215040 pct=0.4586 peak=none
2026-09-23T03:11:15.471Z CTX label=laborer_worker#5 childId=06cf8d43-bf44-44cf-b9d4-f7b13580874e tok=98674 base=14505 window=215040 pct=0.4589 peak=none
2026-09-23T03:11:16.473Z CTX label=laborer_worker#5 childId=06cf8d43-bf44-44cf-b9d4-f7b13580874e tok=98753 base=14505 window=215040 pct=0.4592 peak=none
2026-09-23T03:11:17.473Z CTX label=laborer_worker#5 childId=06cf8d43-bf44-44cf-b9d4-f7b13580874e tok=98795 base=14505 window=215040 pct=0.4594 peak=none
2026-09-23T03:11:18.474Z CTX label=laborer_worker#5 childId=06cf8d43-bf44-44cf-b9d4-f7b13580874e tok=98795 base=14505 window=215040 pct=0.4594 peak=none
2026-09-23T03:11:19.474Z CTX label=laborer_worker#5 childId=06cf8d43-bf44-44cf-b9d4-f7b13580874e tok=98908 base=14505 window=215040 pct=0.4600 peak=none
2026-09-23T03:11:20.474Z CTX label=laborer_worker#5 childId=06cf8d43-bf44-44cf-b9d4-f7b13580874e tok=101426 base=14505 window=215040 pct=0.4717 peak=none
2026-09-23T03:11:21.475Z CTX label=laborer_worker#5 childId=06cf8d43-bf44-44cf-b9d4-f7b13580874e tok=101426 base=14505 window=215040 pct=0.4717 peak=none
2026-09-23T03:11:22.477Z CTX label=laborer_worker#5 childId=06cf8d43-bf44-44cf-b9d4-f7b13580874e tok=101459 base=14505 window=215040 pct=0.4718 peak=none
2026-09-23T03:11:23.477Z CTX label=laborer_worker#5 childId=06cf8d43-bf44-44cf-b9d4-f7b13580874e tok=101892 base=14505 window=215040 pct=0.4738 peak=none
2026-09-23T03:11:24.477Z CTX label=laborer_worker#5 childId=06cf8d43-bf44-44cf-b9d4-f7b13580874e tok=101892 base=14505 window=215040 pct=0.4738 peak=none
2026-09-23T03:11:25.478Z CTX label=laborer_worker#5 childId=06cf8d43-bf44-44cf-b9d4-f7b13580874e tok=101892 base=14505 window=215040 pct=0.4738 peak=none
2026-09-23T03:11:26.480Z CTX label=laborer_worker#5 childId=06cf8d43-bf44-44cf-b9d4-f7b13580874e tok=101892 base=14505 window=215040 pct=0.4738 peak=none
2026-09-23T03:11:27.481Z CTX label=laborer_worker#5 childId=06cf8d43-bf44-44cf-b9d4-f7b13580874e tok=101892 base=14505 window=215040 pct=0.4738 peak=none
2026-09-23T03:11:28.494Z CTX label=laborer_worker#5 childId=06cf8d43-bf44-44cf-b9d4-f7b13580874e tok=101892 base=14505 window=215040 pct=0.4738 peak=none
2026-09-23T03:11:29.492Z CTX label=laborer_worker#5 childId=06cf8d43-bf44-44cf-b9d4-f7b13580874e tok=101892 base=14505 window=215040 pct=0.4738 peak=none
2026-09-23T03:11:30.501Z CTX label=laborer_worker#5 childId=06cf8d43-bf44-44cf-b9d4-f7b13580874e tok=101892 base=14505 window=215040 pct=0.4738 peak=none
2026-09-23T03:11:31.500Z CTX label=laborer_worker#5 childId=06cf8d43-bf44-44cf-b9d4-f7b13580874e tok=101892 base=14505 window=215040 pct=0.4738 peak=none
2026-09-23T03:11:32.504Z CTX label=laborer_worker#5 childId=06cf8d43-bf44-44cf-b9d4-f7b13580874e tok=101892 base=14505 window=215040 pct=0.4738 peak=none
2026-09-23T03:11:33.509Z CTX label=laborer_worker#5 childId=06cf8d43-bf44-44cf-b9d4-f7b13580874e tok=101892 base=14505 window=215040 pct=0.4738 peak=none
2026-09-23T03:11:34.509Z CTX label=laborer_worker#5 childId=06cf8d43-bf44-44cf-b9d4-f7b13580874e tok=101892 base=14505 window=215040 pct=0.4738 peak=none
2026-09-23T03:11:35.512Z CTX label=laborer_worker#5 childId=06cf8d43-bf44-44cf-b9d4-f7b13580874e tok=101892 base=14505 window=215040 pct=0.4738 peak=none
2026-09-23T03:11:36.516Z CTX label=laborer_worker#5 childId=06cf8d43-bf44-44cf-b9d4-f7b13580874e tok=101892 base=14505 window=215040 pct=0.4738 peak=none
2026-09-23T03:11:37.517Z CTX label=laborer_worker#5 childId=06cf8d43-bf44-44cf-b9d4-f7b13580874e tok=101892 base=14505 window=215040 pct=0.4738 peak=none
2026-09-23T03:11:38.519Z CTX label=laborer_worker#5 childId=06cf8d43-bf44-44cf-b9d4-f7b13580874e tok=101892 base=14505 window=215040 pct=0.4738 peak=none
2026-09-23T03:11:39.519Z CTX label=laborer_worker#5 childId=06cf8d43-bf44-44cf-b9d4-f7b13580874e tok=101892 base=14505 window=215040 pct=0.4738 peak=none
2026-09-23T03:11:40.519Z CTX label=laborer_worker#5 childId=06cf8d43-bf44-44cf-b9d4-f7b13580874e tok=101892 base=14505 window=215040 pct=0.4738 peak=none
2026-09-23T03:11:41.521Z CTX label=laborer_worker#5 childId=06cf8d43-bf44-44cf-b9d4-f7b13580874e tok=101892 base=14505 window=215040 pct=0.4738 peak=none
2026-09-23T03:11:42.522Z CTX label=laborer_worker#5 childId=06cf8d43-bf44-44cf-b9d4-f7b13580874e tok=101892 base=14505 window=215040 pct=0.4738 peak=none
2026-09-23T03:11:43.523Z CTX label=laborer_worker#5 childId=06cf8d43-bf44-44cf-b9d4-f7b13580874e tok=101892 base=14505 window=215040 pct=0.4738 peak=none
2026-09-23T03:11:44.524Z CTX label=laborer_worker#5 childId=06cf8d43-bf44-44cf-b9d4-f7b13580874e tok=101892 base=14505 window=215040 pct=0.4738 peak=none
2026-09-23T03:11:45.525Z CTX label=laborer_worker#5 childId=06cf8d43-bf44-44cf-b9d4-f7b13580874e tok=101892 base=14505 window=215040 pct=0.4738 peak=none
2026-09-23T03:11:46.526Z CTX label=laborer_worker#5 childId=06cf8d43-bf44-44cf-b9d4-f7b13580874e tok=101892 base=14505 window=215040 pct=0.4738 peak=none
2026-09-23T03:11:47.525Z CTX label=laborer_worker#5 childId=06cf8d43-bf44-44cf-b9d4-f7b13580874e tok=101892 base=14505 window=215040 pct=0.4738 peak=none
2026-09-23T03:11:48.527Z CTX label=laborer_worker#5 childId=06cf8d43-bf44-44cf-b9d4-f7b13580874e tok=101892 base=14505 window=215040 pct=0.4738 peak=none
2026-09-23T03:11:49.528Z CTX label=laborer_worker#5 childId=06cf8d43-bf44-44cf-b9d4-f7b13580874e tok=101892 base=14505 window=215040 pct=0.4738 peak=none
2026-09-23T03:11:50.530Z CTX label=laborer_worker#5 childId=06cf8d43-bf44-44cf-b9d4-f7b13580874e tok=102003 base=14505 window=215040 pct=0.4743 peak=none
2026-09-23T03:11:51.531Z CTX label=laborer_worker#5 childId=06cf8d43-bf44-44cf-b9d4-f7b13580874e tok=102003 base=14505 window=215040 pct=0.4743 peak=none
2026-09-23T03:11:52.531Z CTX label=laborer_worker#5 childId=06cf8d43-bf44-44cf-b9d4-f7b13580874e tok=102050 base=14505 window=215040 pct=0.4746 peak=none
2026-09-23T03:11:53.531Z CTX label=laborer_worker#5 childId=06cf8d43-bf44-44cf-b9d4-f7b13580874e tok=102122 base=14505 window=215040 pct=0.4749 peak=none
2026-09-23T03:11:54.532Z CTX label=laborer_worker#5 childId=06cf8d43-bf44-44cf-b9d4-f7b13580874e tok=102179 base=14505 window=215040 pct=0.4752 peak=none
2026-09-23T03:11:55.533Z CTX label=laborer_worker#5 childId=06cf8d43-bf44-44cf-b9d4-f7b13580874e tok=102228 base=14505 window=215040 pct=0.4754 peak=none
2026-09-23T03:11:56.533Z CTX label=laborer_worker#5 childId=06cf8d43-bf44-44cf-b9d4-f7b13580874e tok=102308 base=14505 window=215040 pct=0.4758 peak=none
2026-09-23T03:11:57.533Z CTX label=laborer_worker#5 childId=06cf8d43-bf44-44cf-b9d4-f7b13580874e tok=102386 base=14505 window=215040 pct=0.4761 peak=none
2026-09-23T03:11:58.534Z CTX label=laborer_worker#5 childId=06cf8d43-bf44-44cf-b9d4-f7b13580874e tok=102458 base=14505 window=215040 pct=0.4765 peak=none
2026-09-23T03:11:59.534Z CTX label=laborer_worker#5 childId=06cf8d43-bf44-44cf-b9d4-f7b13580874e tok=102528 base=14505 window=215040 pct=0.4768 peak=none
2026-09-23T03:12:00.534Z CTX label=laborer_worker#5 childId=06cf8d43-bf44-44cf-b9d4-f7b13580874e tok=102609 base=14505 window=215040 pct=0.4772 peak=none
2026-09-23T03:12:01.535Z CTX label=laborer_worker#5 childId=06cf8d43-bf44-44cf-b9d4-f7b13580874e tok=102691 base=14505 window=215040 pct=0.4775 peak=none
2026-09-23T03:12:02.536Z CTX label=laborer_worker#5 childId=06cf8d43-bf44-44cf-b9d4-f7b13580874e tok=102773 base=14505 window=215040 pct=0.4779 peak=none
2026-09-23T03:12:03.537Z CTX label=laborer_worker#5 childId=06cf8d43-bf44-44cf-b9d4-f7b13580874e tok=102773 base=14505 window=215040 pct=0.4779 peak=none
2026-09-23T03:12:04.538Z CTX label=laborer_worker#5 childId=06cf8d43-bf44-44cf-b9d4-f7b13580874e tok=102773 base=14505 window=215040 pct=0.4779 peak=none
2026-09-23T03:12:05.539Z CTX label=laborer_worker#5 childId=06cf8d43-bf44-44cf-b9d4-f7b13580874e tok=102773 base=14505 window=215040 pct=0.4779 peak=none
2026-09-23T03:12:06.538Z CTX label=laborer_worker#5 childId=06cf8d43-bf44-44cf-b9d4-f7b13580874e tok=103187 base=14505 window=215040 pct=0.4799 peak=none
2026-09-23T03:12:07.538Z CTX label=laborer_worker#5 childId=06cf8d43-bf44-44cf-b9d4-f7b13580874e tok=103187 base=14505 window=215040 pct=0.4799 peak=none
2026-09-23T03:12:08.539Z CTX label=laborer_worker#5 childId=06cf8d43-bf44-44cf-b9d4-f7b13580874e tok=103187 base=14505 window=215040 pct=0.4799 peak=none
2026-09-23T03:12:09.540Z CTX label=laborer_worker#5 childId=06cf8d43-bf44-44cf-b9d4-f7b13580874e tok=103187 base=14505 window=215040 pct=0.4799 peak=none
2026-09-23T03:12:10.541Z CTX label=laborer_worker#5 childId=06cf8d43-bf44-44cf-b9d4-f7b13580874e tok=103187 base=14505 window=215040 pct=0.4799 peak=none
2026-09-23T03:12:11.541Z CTX label=laborer_worker#5 childId=06cf8d43-bf44-44cf-b9d4-f7b13580874e tok=103187 base=14505 window=215040 pct=0.4799 peak=none
2026-09-23T03:12:12.543Z CTX label=laborer_worker#5 childId=06cf8d43-bf44-44cf-b9d4-f7b13580874e tok=103187 base=14505 window=215040 pct=0.4799 peak=none
2026-09-23T03:12:13.542Z CTX label=laborer_worker#5 childId=06cf8d43-bf44-44cf-b9d4-f7b13580874e tok=103187 base=14505 window=215040 pct=0.4799 peak=none
2026-09-23T03:12:14.542Z CTX label=laborer_worker#5 childId=06cf8d43-bf44-44cf-b9d4-f7b13580874e tok=103187 base=14505 window=215040 pct=0.4799 peak=none
2026-09-23T03:12:15.544Z CTX label=laborer_worker#5 childId=06cf8d43-bf44-44cf-b9d4-f7b13580874e tok=103187 base=14505 window=215040 pct=0.4799 peak=none
2026-09-23T03:12:16.549Z CTX label=laborer_worker#5 childId=06cf8d43-bf44-44cf-b9d4-f7b13580874e tok=103187 base=14505 window=215040 pct=0.4799 peak=none
2026-09-23T03:12:17.548Z CTX label=laborer_worker#5 childId=06cf8d43-bf44-44cf-b9d4-f7b13580874e tok=103187 base=14505 window=215040 pct=0.4799 peak=none
2026-09-23T03:12:18.549Z CTX label=laborer_worker#5 childId=06cf8d43-bf44-44cf-b9d4-f7b13580874e tok=103187 base=14505 window=215040 pct=0.4799 peak=none
2026-09-23T03:12:19.550Z CTX label=laborer_worker#5 childId=06cf8d43-bf44-44cf-b9d4-f7b13580874e tok=103218 base=14505 window=215040 pct=0.4800 peak=none
2026-09-23T03:12:20.550Z CTX label=laborer_worker#5 childId=06cf8d43-bf44-44cf-b9d4-f7b13580874e tok=103218 base=14505 window=215040 pct=0.4800 peak=none
2026-09-23T03:12:21.550Z CTX label=laborer_worker#5 childId=06cf8d43-bf44-44cf-b9d4-f7b13580874e tok=103268 base=14505 window=215040 pct=0.4802 peak=none
2026-09-23T03:12:22.552Z CTX label=laborer_worker#5 childId=06cf8d43-bf44-44cf-b9d4-f7b13580874e tok=103356 base=14505 window=215040 pct=0.4806 peak=none
2026-09-23T03:12:23.553Z CTX label=laborer_worker#5 childId=06cf8d43-bf44-44cf-b9d4-f7b13580874e tok=103450 base=14505 window=215040 pct=0.4811 peak=none
2026-09-23T03:12:24.554Z CTX label=laborer_worker#5 childId=06cf8d43-bf44-44cf-b9d4-f7b13580874e tok=103515 base=14505 window=215040 pct=0.4814 peak=none
2026-09-23T03:12:25.553Z CTX label=laborer_worker#5 childId=06cf8d43-bf44-44cf-b9d4-f7b13580874e tok=103582 base=14505 window=215040 pct=0.4817 peak=none
2026-09-23T03:12:26.555Z CTX label=laborer_worker#5 childId=06cf8d43-bf44-44cf-b9d4-f7b13580874e tok=103668 base=14505 window=215040 pct=0.4821 peak=none
2026-09-23T03:12:27.555Z CTX label=laborer_worker#5 childId=06cf8d43-bf44-44cf-b9d4-f7b13580874e tok=103765 base=14505 window=215040 pct=0.4825 peak=none
2026-09-23T03:12:28.556Z CTX label=laborer_worker#5 childId=06cf8d43-bf44-44cf-b9d4-f7b13580874e tok=103838 base=14505 window=215040 pct=0.4829 peak=none
2026-09-23T03:12:29.558Z CTX label=laborer_worker#5 childId=06cf8d43-bf44-44cf-b9d4-f7b13580874e tok=103929 base=14505 window=215040 pct=0.4833 peak=none
2026-09-23T03:12:30.558Z CTX label=laborer_worker#5 childId=06cf8d43-bf44-44cf-b9d4-f7b13580874e tok=103989 base=14505 window=215040 pct=0.4836 peak=none
2026-09-23T03:12:31.558Z CTX label=laborer_worker#5 childId=06cf8d43-bf44-44cf-b9d4-f7b13580874e tok=104045 base=14505 window=215040 pct=0.4838 peak=none
2026-09-23T03:12:32.560Z CTX label=laborer_worker#5 childId=06cf8d43-bf44-44cf-b9d4-f7b13580874e tok=104122 base=14505 window=215040 pct=0.4842 peak=none
2026-09-23T03:12:33.560Z CTX label=laborer_worker#5 childId=06cf8d43-bf44-44cf-b9d4-f7b13580874e tok=104200 base=14505 window=215040 pct=0.4846 peak=none
2026-09-23T03:12:34.563Z CTX label=laborer_worker#5 childId=06cf8d43-bf44-44cf-b9d4-f7b13580874e tok=104264 base=14505 window=215040 pct=0.4849 peak=none
2026-09-23T03:12:35.562Z CTX label=laborer_worker#5 childId=06cf8d43-bf44-44cf-b9d4-f7b13580874e tok=104344 base=14505 window=215040 pct=0.4852 peak=none
2026-09-23T03:12:36.563Z CTX label=laborer_worker#5 childId=06cf8d43-bf44-44cf-b9d4-f7b13580874e tok=104427 base=14505 window=215040 pct=0.4856 peak=none
2026-09-23T03:12:37.563Z CTX label=laborer_worker#5 childId=06cf8d43-bf44-44cf-b9d4-f7b13580874e tok=104542 base=14505 window=215040 pct=0.4862 peak=none
2026-09-23T03:12:38.564Z CTX label=laborer_worker#5 childId=06cf8d43-bf44-44cf-b9d4-f7b13580874e tok=104590 base=14505 window=215040 pct=0.4864 peak=none
2026-09-23T03:12:39.565Z CTX label=laborer_worker#5 childId=06cf8d43-bf44-44cf-b9d4-f7b13580874e tok=104626 base=14505 window=215040 pct=0.4865 peak=none
2026-09-23T03:12:40.566Z CTX label=laborer_worker#5 childId=06cf8d43-bf44-44cf-b9d4-f7b13580874e tok=104626 base=14505 window=215040 pct=0.4865 peak=none
2026-09-23T03:12:41.565Z CTX label=laborer_worker#5 childId=06cf8d43-bf44-44cf-b9d4-f7b13580874e tok=104981 base=14505 window=215040 pct=0.4882 peak=none
2026-09-23T03:12:42.569Z CTX label=laborer_worker#5 childId=06cf8d43-bf44-44cf-b9d4-f7b13580874e tok=104981 base=14505 window=215040 pct=0.4882 peak=none
2026-09-23T03:12:43.568Z CTX label=laborer_worker#5 childId=06cf8d43-bf44-44cf-b9d4-f7b13580874e tok=105047 base=14505 window=215040 pct=0.4885 peak=none
2026-09-23T03:12:44.570Z CTX label=laborer_worker#5 childId=06cf8d43-bf44-44cf-b9d4-f7b13580874e tok=105124 base=14505 window=215040 pct=0.4889 peak=none
2026-09-23T03:12:45.609Z CTX label=laborer_worker#5 childId=06cf8d43-bf44-44cf-b9d4-f7b13580874e tok=105493 base=14505 window=215040 pct=0.4906 peak=none
2026-09-23T03:12:46.575Z CTX label=laborer_worker#5 childId=06cf8d43-bf44-44cf-b9d4-f7b13580874e tok=105493 base=14505 window=215040 pct=0.4906 peak=none
2026-09-23T03:12:47.576Z CTX label=laborer_worker#5 childId=06cf8d43-bf44-44cf-b9d4-f7b13580874e tok=105493 base=14505 window=215040 pct=0.4906 peak=none
2026-09-23T03:12:48.577Z CTX label=laborer_worker#5 childId=06cf8d43-bf44-44cf-b9d4-f7b13580874e tok=105493 base=14505 window=215040 pct=0.4906 peak=none
2026-09-23T03:12:49.577Z CTX label=laborer_worker#5 childId=06cf8d43-bf44-44cf-b9d4-f7b13580874e tok=105493 base=14505 window=215040 pct=0.4906 peak=none
2026-09-23T03:12:50.578Z CTX label=laborer_worker#5 childId=06cf8d43-bf44-44cf-b9d4-f7b13580874e tok=105493 base=14505 window=215040 pct=0.4906 peak=none
2026-09-23T03:12:51.580Z CTX label=laborer_worker#5 childId=06cf8d43-bf44-44cf-b9d4-f7b13580874e tok=105493 base=14505 window=215040 pct=0.4906 peak=none
2026-09-23T03:12:52.581Z CTX label=laborer_worker#5 childId=06cf8d43-bf44-44cf-b9d4-f7b13580874e tok=105493 base=14505 window=215040 pct=0.4906 peak=none
2026-09-23T03:12:53.583Z CTX label=laborer_worker#5 childId=06cf8d43-bf44-44cf-b9d4-f7b13580874e tok=105493 base=14505 window=215040 pct=0.4906 peak=none
2026-09-23T03:12:54.599Z CTX label=laborer_worker#5 childId=06cf8d43-bf44-44cf-b9d4-f7b13580874e tok=105493 base=14505 window=215040 pct=0.4906 peak=none
2026-09-23T03:12:55.587Z CTX label=laborer_worker#5 childId=06cf8d43-bf44-44cf-b9d4-f7b13580874e tok=105493 base=14505 window=215040 pct=0.4906 peak=none
2026-09-23T03:12:56.586Z CTX label=laborer_worker#5 childId=06cf8d43-bf44-44cf-b9d4-f7b13580874e tok=105493 base=14505 window=215040 pct=0.4906 peak=none
2026-09-23T03:12:57.592Z CTX label=laborer_worker#5 childId=06cf8d43-bf44-44cf-b9d4-f7b13580874e tok=105493 base=14505 window=215040 pct=0.4906 peak=none
2026-09-23T03:12:58.617Z CTX label=laborer_worker#5 childId=06cf8d43-bf44-44cf-b9d4-f7b13580874e tok=105493 base=14505 window=215040 pct=0.4906 peak=none
2026-09-23T03:12:59.601Z CTX label=laborer_worker#5 childId=06cf8d43-bf44-44cf-b9d4-f7b13580874e tok=105493 base=14505 window=215040 pct=0.4906 peak=none
2026-09-23T03:13:00.601Z CTX label=laborer_worker#5 childId=06cf8d43-bf44-44cf-b9d4-f7b13580874e tok=105524 base=14505 window=215040 pct=0.4907 peak=none
2026-09-23T03:13:01.601Z CTX label=laborer_worker#5 childId=06cf8d43-bf44-44cf-b9d4-f7b13580874e tok=105524 base=14505 window=215040 pct=0.4907 peak=none
2026-09-23T03:13:02.601Z CTX label=laborer_worker#5 childId=06cf8d43-bf44-44cf-b9d4-f7b13580874e tok=105545 base=14505 window=215040 pct=0.4908 peak=none
2026-09-23T03:13:03.602Z CTX label=laborer_worker#5 childId=06cf8d43-bf44-44cf-b9d4-f7b13580874e tok=105627 base=14505 window=215040 pct=0.4912 peak=none
2026-09-23T03:13:04.603Z CTX label=laborer_worker#5 childId=06cf8d43-bf44-44cf-b9d4-f7b13580874e tok=105698 base=14505 window=215040 pct=0.4915 peak=none
2026-09-23T03:13:05.603Z CTX label=laborer_worker#5 childId=06cf8d43-bf44-44cf-b9d4-f7b13580874e tok=105772 base=14505 window=215040 pct=0.4919 peak=none
2026-09-23T03:13:06.604Z CTX label=laborer_worker#5 childId=06cf8d43-bf44-44cf-b9d4-f7b13580874e tok=105772 base=14505 window=215040 pct=0.4919 peak=none
2026-09-23T03:13:07.604Z CTX label=laborer_worker#5 childId=06cf8d43-bf44-44cf-b9d4-f7b13580874e tok=105772 base=14505 window=215040 pct=0.4919 peak=none
2026-09-23T03:13:08.605Z CTX label=laborer_worker#5 childId=06cf8d43-bf44-44cf-b9d4-f7b13580874e tok=105772 base=14505 window=215040 pct=0.4919 peak=none
2026-09-23T03:13:09.607Z CTX label=laborer_worker#5 childId=06cf8d43-bf44-44cf-b9d4-f7b13580874e tok=105772 base=14505 window=215040 pct=0.4919 peak=none
2026-09-23T03:13:10.608Z CTX label=laborer_worker#5 childId=06cf8d43-bf44-44cf-b9d4-f7b13580874e tok=105772 base=14505 window=215040 pct=0.4919 peak=none
2026-09-23T03:13:11.609Z CTX label=laborer_worker#5 childId=06cf8d43-bf44-44cf-b9d4-f7b13580874e tok=105772 base=14505 window=215040 pct=0.4919 peak=none
2026-09-23T03:13:12.610Z CTX label=laborer_worker#5 childId=06cf8d43-bf44-44cf-b9d4-f7b13580874e tok=105772 base=14505 window=215040 pct=0.4919 peak=none
2026-09-23T03:13:13.610Z CTX label=laborer_worker#5 childId=06cf8d43-bf44-44cf-b9d4-f7b13580874e tok=105772 base=14505 window=215040 pct=0.4919 peak=none
2026-09-23T03:13:14.611Z CTX label=laborer_worker#5 childId=06cf8d43-bf44-44cf-b9d4-f7b13580874e tok=105772 base=14505 window=215040 pct=0.4919 peak=none
2026-09-23T03:13:15.612Z CTX label=laborer_worker#5 childId=06cf8d43-bf44-44cf-b9d4-f7b13580874e tok=105772 base=14505 window=215040 pct=0.4919 peak=none
2026-09-23T03:13:16.614Z CTX label=laborer_worker#5 childId=06cf8d43-bf44-44cf-b9d4-f7b13580874e tok=105772 base=14505 window=215040 pct=0.4919 peak=none
2026-09-23T03:13:17.615Z CTX label=laborer_worker#5 childId=06cf8d43-bf44-44cf-b9d4-f7b13580874e tok=105772 base=14505 window=215040 pct=0.4919 peak=none
2026-09-23T03:13:18.616Z CTX label=laborer_worker#5 childId=06cf8d43-bf44-44cf-b9d4-f7b13580874e tok=105772 base=14505 window=215040 pct=0.4919 peak=none
2026-09-23T03:13:19.616Z CTX label=laborer_worker#5 childId=06cf8d43-bf44-44cf-b9d4-f7b13580874e tok=105772 base=14505 window=215040 pct=0.4919 peak=none
2026-09-23T03:13:20.617Z CTX label=laborer_worker#5 childId=06cf8d43-bf44-44cf-b9d4-f7b13580874e tok=105772 base=14505 window=215040 pct=0.4919 peak=none
2026-09-23T03:13:21.618Z CTX label=laborer_worker#5 childId=06cf8d43-bf44-44cf-b9d4-f7b13580874e tok=105772 base=14505 window=215040 pct=0.4919 peak=none
2026-09-23T03:13:22.618Z CTX label=laborer_worker#5 childId=06cf8d43-bf44-44cf-b9d4-f7b13580874e tok=105772 base=14505 window=215040 pct=0.4919 peak=none
2026-09-23T03:13:23.619Z CTX label=laborer_worker#5 childId=06cf8d43-bf44-44cf-b9d4-f7b13580874e tok=105772 base=14505 window=215040 pct=0.4919 peak=none
2026-09-23T03:13:24.620Z CTX label=laborer_worker#5 childId=06cf8d43-bf44-44cf-b9d4-f7b13580874e tok=105772 base=14505 window=215040 pct=0.4919 peak=none
2026-09-23T03:13:25.619Z CTX label=laborer_worker#5 childId=06cf8d43-bf44-44cf-b9d4-f7b13580874e tok=105772 base=14505 window=215040 pct=0.4919 peak=none
2026-09-23T03:13:26.621Z CTX label=laborer_worker#5 childId=06cf8d43-bf44-44cf-b9d4-f7b13580874e tok=105772 base=14505 window=215040 pct=0.4919 peak=none
2026-09-23T03:13:27.622Z CTX label=laborer_worker#5 childId=06cf8d43-bf44-44cf-b9d4-f7b13580874e tok=105772 base=14505 window=215040 pct=0.4919 peak=none
2026-09-23T03:13:28.622Z CTX label=laborer_worker#5 childId=06cf8d43-bf44-44cf-b9d4-f7b13580874e tok=105772 base=14505 window=215040 pct=0.4919 peak=none
2026-09-23T03:13:29.623Z CTX label=laborer_worker#5 childId=06cf8d43-bf44-44cf-b9d4-f7b13580874e tok=105772 base=14505 window=215040 pct=0.4919 peak=none
2026-09-23T03:13:30.626Z CTX label=laborer_worker#5 childId=06cf8d43-bf44-44cf-b9d4-f7b13580874e tok=105821 base=14505 window=215040 pct=0.4921 peak=none
2026-09-23T03:13:31.624Z CTX label=laborer_worker#5 childId=06cf8d43-bf44-44cf-b9d4-f7b13580874e tok=105838 base=14505 window=215040 pct=0.4922 peak=none
2026-09-23T03:13:32.625Z CTX label=laborer_worker#5 childId=06cf8d43-bf44-44cf-b9d4-f7b13580874e tok=105906 base=14505 window=215040 pct=0.4925 peak=none
2026-09-23T03:13:33.627Z CTX label=laborer_worker#5 childId=06cf8d43-bf44-44cf-b9d4-f7b13580874e tok=105993 base=14505 window=215040 pct=0.4929 peak=none
2026-09-23T03:13:34.628Z CTX label=laborer_worker#5 childId=06cf8d43-bf44-44cf-b9d4-f7b13580874e tok=106079 base=14505 window=215040 pct=0.4933 peak=none
2026-09-23T03:13:35.629Z CTX label=laborer_worker#5 childId=06cf8d43-bf44-44cf-b9d4-f7b13580874e tok=106123 base=14505 window=215040 pct=0.4935 peak=none
2026-09-23T03:13:36.629Z CTX label=laborer_worker#5 childId=06cf8d43-bf44-44cf-b9d4-f7b13580874e tok=106186 base=14505 window=215040 pct=0.4938 peak=none
2026-09-23T03:13:37.628Z CTX label=laborer_worker#5 childId=06cf8d43-bf44-44cf-b9d4-f7b13580874e tok=106254 base=14505 window=215040 pct=0.4941 peak=none
2026-09-23T03:13:38.629Z CTX label=laborer_worker#5 childId=06cf8d43-bf44-44cf-b9d4-f7b13580874e tok=106313 base=14505 window=215040 pct=0.4944 peak=none
2026-09-23T03:13:39.630Z CTX label=laborer_worker#5 childId=06cf8d43-bf44-44cf-b9d4-f7b13580874e tok=106406 base=14505 window=215040 pct=0.4948 peak=none
2026-09-23T03:13:40.630Z CTX label=laborer_worker#5 childId=06cf8d43-bf44-44cf-b9d4-f7b13580874e tok=106488 base=14505 window=215040 pct=0.4952 peak=none
2026-09-23T03:13:41.628Z CTX label=laborer_worker#5 childId=06cf8d43-bf44-44cf-b9d4-f7b13580874e tok=106568 base=14505 window=215040 pct=0.4956 peak=none
2026-09-23T03:13:42.630Z CTX label=laborer_worker#5 childId=06cf8d43-bf44-44cf-b9d4-f7b13580874e tok=106642 base=14505 window=215040 pct=0.4959 peak=none
2026-09-23T03:13:43.631Z CTX label=laborer_worker#5 childId=06cf8d43-bf44-44cf-b9d4-f7b13580874e tok=106711 base=14505 window=215040 pct=0.4962 peak=none
2026-09-23T03:13:44.633Z CTX label=laborer_worker#5 childId=06cf8d43-bf44-44cf-b9d4-f7b13580874e tok=106773 base=14505 window=215040 pct=0.4965 peak=none
2026-09-23T03:13:45.634Z CTX label=laborer_worker#5 childId=06cf8d43-bf44-44cf-b9d4-f7b13580874e tok=106855 base=14505 window=215040 pct=0.4969 peak=none
2026-09-23T03:13:46.634Z CTX label=laborer_worker#5 childId=06cf8d43-bf44-44cf-b9d4-f7b13580874e tok=106926 base=14505 window=215040 pct=0.4972 peak=none
2026-09-23T03:13:47.635Z CTX label=laborer_worker#5 childId=06cf8d43-bf44-44cf-b9d4-f7b13580874e tok=106992 base=14505 window=215040 pct=0.4975 peak=none
2026-09-23T03:13:48.635Z CTX label=laborer_worker#5 childId=06cf8d43-bf44-44cf-b9d4-f7b13580874e tok=107052 base=14505 window=215040 pct=0.4978 peak=none
2026-09-23T03:13:49.635Z CTX label=laborer_worker#5 childId=06cf8d43-bf44-44cf-b9d4-f7b13580874e tok=107127 base=14505 window=215040 pct=0.4982 peak=none
2026-09-23T03:13:50.636Z CTX label=laborer_worker#5 childId=06cf8d43-bf44-44cf-b9d4-f7b13580874e tok=107188 base=14505 window=215040 pct=0.4985 peak=none
2026-09-23T03:13:51.636Z CTX label=laborer_worker#5 childId=06cf8d43-bf44-44cf-b9d4-f7b13580874e tok=107222 base=14505 window=215040 pct=0.4986 peak=none
2026-09-23T03:13:52.636Z CTX label=laborer_worker#5 childId=06cf8d43-bf44-44cf-b9d4-f7b13580874e tok=107456 base=14505 window=215040 pct=0.4997 peak=none
2026-09-23T03:13:53.638Z CTX label=laborer_worker#5 childId=06cf8d43-bf44-44cf-b9d4-f7b13580874e tok=107456 base=14505 window=215040 pct=0.4997 peak=none
2026-09-23T03:13:54.639Z CTX label=laborer_worker#5 childId=06cf8d43-bf44-44cf-b9d4-f7b13580874e tok=107485 base=14505 window=215040 pct=0.4998 peak=none
2026-09-23T03:13:55.641Z CTX label=laborer_worker#5 childId=06cf8d43-bf44-44cf-b9d4-f7b13580874e tok=107599 base=14505 window=215040 pct=0.5004 peak=none
2026-09-23T03:13:55.641Z ACT soft steer tok=107599 t=107520
2026-09-23T03:13:56.640Z CTX label=laborer_worker#5 childId=06cf8d43-bf44-44cf-b9d4-f7b13580874e tok=108165 base=14505 window=215040 pct=0.5030 peak=soft
2026-09-23T03:13:57.643Z CTX label=laborer_worker#5 childId=06cf8d43-bf44-44cf-b9d4-f7b13580874e tok=108165 base=14505 window=215040 pct=0.5030 peak=soft
2026-09-23T03:13:58.642Z CTX label=laborer_worker#5 childId=06cf8d43-bf44-44cf-b9d4-f7b13580874e tok=108217 base=14505 window=215040 pct=0.5032 peak=soft
2026-09-23T03:13:59.645Z CTX label=laborer_worker#5 childId=06cf8d43-bf44-44cf-b9d4-f7b13580874e tok=108250 base=14505 window=215040 pct=0.5034 peak=soft
2026-09-23T03:14:00.646Z CTX label=laborer_worker#5 childId=06cf8d43-bf44-44cf-b9d4-f7b13580874e tok=108250 base=14505 window=215040 pct=0.5034 peak=soft
2026-09-23T03:14:01.647Z CTX label=laborer_worker#5 childId=06cf8d43-bf44-44cf-b9d4-f7b13580874e tok=108250 base=14505 window=215040 pct=0.5034 peak=soft
2026-09-23T03:14:02.647Z CTX label=laborer_worker#5 childId=06cf8d43-bf44-44cf-b9d4-f7b13580874e tok=108250 base=14505 window=215040 pct=0.5034 peak=soft
2026-09-23T03:14:03.647Z CTX label=laborer_worker#5 childId=06cf8d43-bf44-44cf-b9d4-f7b13580874e tok=108250 base=14505 window=215040 pct=0.5034 peak=soft
2026-09-23T03:14:04.648Z CTX label=laborer_worker#5 childId=06cf8d43-bf44-44cf-b9d4-f7b13580874e tok=108250 base=14505 window=215040 pct=0.5034 peak=soft
2026-09-23T03:14:05.647Z CTX label=laborer_worker#5 childId=06cf8d43-bf44-44cf-b9d4-f7b13580874e tok=108625 base=14505 window=215040 pct=0.5051 peak=soft
2026-09-23T03:14:06.647Z CTX label=laborer_worker#5 childId=06cf8d43-bf44-44cf-b9d4-f7b13580874e tok=108625 base=14505 window=215040 pct=0.5051 peak=soft
2026-09-23T03:14:07.649Z CTX label=laborer_worker#5 childId=06cf8d43-bf44-44cf-b9d4-f7b13580874e tok=108642 base=14505 window=215040 pct=0.5052 peak=soft
2026-09-23T03:14:08.649Z CTX label=laborer_worker#5 childId=06cf8d43-bf44-44cf-b9d4-f7b13580874e tok=108955 base=14505 window=215040 pct=0.5067 peak=soft
2026-09-23T03:14:09.651Z CTX label=laborer_worker#5 childId=06cf8d43-bf44-44cf-b9d4-f7b13580874e tok=108955 base=14505 window=215040 pct=0.5067 peak=soft
2026-09-23T03:14:10.652Z CTX label=laborer_worker#5 childId=06cf8d43-bf44-44cf-b9d4-f7b13580874e tok=108955 base=14505 window=215040 pct=0.5067 peak=soft
2026-09-23T03:14:11.652Z CTX label=laborer_worker#5 childId=06cf8d43-bf44-44cf-b9d4-f7b13580874e tok=108955 base=14505 window=215040 pct=0.5067 peak=soft
2026-09-23T03:14:12.653Z CTX label=laborer_worker#5 childId=06cf8d43-bf44-44cf-b9d4-f7b13580874e tok=108955 base=14505 window=215040 pct=0.5067 peak=soft
2026-09-23T03:14:13.654Z CTX label=laborer_worker#5 childId=06cf8d43-bf44-44cf-b9d4-f7b13580874e tok=108955 base=14505 window=215040 pct=0.5067 peak=soft
2026-09-23T03:14:14.655Z CTX label=laborer_worker#5 childId=06cf8d43-bf44-44cf-b9d4-f7b13580874e tok=108955 base=14505 window=215040 pct=0.5067 peak=soft
2026-09-23T03:14:15.656Z CTX label=laborer_worker#5 childId=06cf8d43-bf44-44cf-b9d4-f7b13580874e tok=108955 base=14505 window=215040 pct=0.5067 peak=soft
2026-09-23T03:14:16.657Z CTX label=laborer_worker#5 childId=06cf8d43-bf44-44cf-b9d4-f7b13580874e tok=108955 base=14505 window=215040 pct=0.5067 peak=soft
2026-09-23T03:14:17.657Z CTX label=laborer_worker#5 childId=06cf8d43-bf44-44cf-b9d4-f7b13580874e tok=108955 base=14505 window=215040 pct=0.5067 peak=soft
2026-09-23T03:14:18.660Z CTX label=laborer_worker#5 childId=06cf8d43-bf44-44cf-b9d4-f7b13580874e tok=108955 base=14505 window=215040 pct=0.5067 peak=soft
2026-09-23T03:14:19.661Z CTX label=laborer_worker#5 childId=06cf8d43-bf44-44cf-b9d4-f7b13580874e tok=108955 base=14505 window=215040 pct=0.5067 peak=soft
2026-09-23T03:14:20.662Z CTX label=laborer_worker#5 childId=06cf8d43-bf44-44cf-b9d4-f7b13580874e tok=108955 base=14505 window=215040 pct=0.5067 peak=soft
2026-09-23T03:14:21.663Z CTX label=laborer_worker#5 childId=06cf8d43-bf44-44cf-b9d4-f7b13580874e tok=108955 base=14505 window=215040 pct=0.5067 peak=soft
2026-09-23T03:14:22.664Z CTX label=laborer_worker#5 childId=06cf8d43-bf44-44cf-b9d4-f7b13580874e tok=108955 base=14505 window=215040 pct=0.5067 peak=soft
2026-09-23T03:14:23.665Z CTX label=laborer_worker#5 childId=06cf8d43-bf44-44cf-b9d4-f7b13580874e tok=108955 base=14505 window=215040 pct=0.5067 peak=soft
2026-09-23T03:14:24.666Z CTX label=laborer_worker#5 childId=06cf8d43-bf44-44cf-b9d4-f7b13580874e tok=108955 base=14505 window=215040 pct=0.5067 peak=soft
2026-09-23T03:14:25.667Z CTX label=laborer_worker#5 childId=06cf8d43-bf44-44cf-b9d4-f7b13580874e tok=108955 base=14505 window=215040 pct=0.5067 peak=soft
2026-09-23T03:14:26.668Z CTX label=laborer_worker#5 childId=06cf8d43-bf44-44cf-b9d4-f7b13580874e tok=108955 base=14505 window=215040 pct=0.5067 peak=soft
2026-09-23T03:14:27.668Z CTX label=laborer_worker#5 childId=06cf8d43-bf44-44cf-b9d4-f7b13580874e tok=108955 base=14505 window=215040 pct=0.5067 peak=soft
2026-09-23T03:14:28.669Z CTX label=laborer_worker#5 childId=06cf8d43-bf44-44cf-b9d4-f7b13580874e tok=108955 base=14505 window=215040 pct=0.5067 peak=soft
2026-09-23T03:14:29.670Z CTX label=laborer_worker#5 childId=06cf8d43-bf44-44cf-b9d4-f7b13580874e tok=108955 base=14505 window=215040 pct=0.5067 peak=soft
2026-09-23T03:14:30.671Z CTX label=laborer_worker#5 childId=06cf8d43-bf44-44cf-b9d4-f7b13580874e tok=108955 base=14505 window=215040 pct=0.5067 peak=soft
2026-09-23T03:14:31.674Z CTX label=laborer_worker#5 childId=06cf8d43-bf44-44cf-b9d4-f7b13580874e tok=108955 base=14505 window=215040 pct=0.5067 peak=soft
2026-09-23T03:14:32.676Z CTX label=laborer_worker#5 childId=06cf8d43-bf44-44cf-b9d4-f7b13580874e tok=108955 base=14505 window=215040 pct=0.5067 peak=soft
2026-09-23T03:14:33.677Z CTX label=laborer_worker#5 childId=06cf8d43-bf44-44cf-b9d4-f7b13580874e tok=109005 base=14505 window=215040 pct=0.5069 peak=soft
2026-09-23T03:14:34.679Z CTX label=laborer_worker#5 childId=06cf8d43-bf44-44cf-b9d4-f7b13580874e tok=109005 base=14505 window=215040 pct=0.5069 peak=soft
2026-09-23T03:14:35.678Z CTX label=laborer_worker#5 childId=06cf8d43-bf44-44cf-b9d4-f7b13580874e tok=109065 base=14505 window=215040 pct=0.5072 peak=soft
2026-09-23T03:14:36.679Z CTX label=laborer_worker#5 childId=06cf8d43-bf44-44cf-b9d4-f7b13580874e tok=109148 base=14505 window=215040 pct=0.5076 peak=soft
2026-09-23T03:14:37.679Z CTX label=laborer_worker#5 childId=06cf8d43-bf44-44cf-b9d4-f7b13580874e tok=109225 base=14505 window=215040 pct=0.5079 peak=soft
2026-09-23T03:14:38.680Z CTX label=laborer_worker#5 childId=06cf8d43-bf44-44cf-b9d4-f7b13580874e tok=109295 base=14505 window=215040 pct=0.5083 peak=soft
2026-09-23T03:14:39.682Z CTX label=laborer_worker#5 childId=06cf8d43-bf44-44cf-b9d4-f7b13580874e tok=109381 base=14505 window=215040 pct=0.5087 peak=soft
2026-09-23T03:14:40.682Z CTX label=laborer_worker#5 childId=06cf8d43-bf44-44cf-b9d4-f7b13580874e tok=109451 base=14505 window=215040 pct=0.5090 peak=soft
2026-09-23T03:14:41.684Z CTX label=laborer_worker#5 childId=06cf8d43-bf44-44cf-b9d4-f7b13580874e tok=109527 base=14505 window=215040 pct=0.5093 peak=soft
2026-09-23T03:14:42.685Z CTX label=laborer_worker#5 childId=06cf8d43-bf44-44cf-b9d4-f7b13580874e tok=109592 base=14505 window=215040 pct=0.5096 peak=soft
2026-09-23T03:14:43.688Z CTX label=laborer_worker#5 childId=06cf8d43-bf44-44cf-b9d4-f7b13580874e tok=109650 base=14505 window=215040 pct=0.5099 peak=soft
2026-09-23T03:14:44.687Z CTX label=laborer_worker#5 childId=06cf8d43-bf44-44cf-b9d4-f7b13580874e tok=109727 base=14505 window=215040 pct=0.5103 peak=soft
2026-09-23T03:14:45.687Z CTX label=laborer_worker#5 childId=06cf8d43-bf44-44cf-b9d4-f7b13580874e tok=109807 base=14505 window=215040 pct=0.5106 peak=soft
2026-09-23T03:14:46.687Z CTX label=laborer_worker#5 childId=06cf8d43-bf44-44cf-b9d4-f7b13580874e tok=109882 base=14505 window=215040 pct=0.5110 peak=soft
2026-09-23T03:14:47.688Z CTX label=laborer_worker#5 childId=06cf8d43-bf44-44cf-b9d4-f7b13580874e tok=109955 base=14505 window=215040 pct=0.5113 peak=soft
2026-09-23T03:14:48.688Z CTX label=laborer_worker#5 childId=06cf8d43-bf44-44cf-b9d4-f7b13580874e tok=110034 base=14505 window=215040 pct=0.5117 peak=soft
2026-09-23T03:14:49.689Z CTX label=laborer_worker#5 childId=06cf8d43-bf44-44cf-b9d4-f7b13580874e tok=110118 base=14505 window=215040 pct=0.5121 peak=soft
2026-09-23T03:14:50.690Z CTX label=laborer_worker#5 childId=06cf8d43-bf44-44cf-b9d4-f7b13580874e tok=110177 base=14505 window=215040 pct=0.5124 peak=soft
2026-09-23T03:14:51.691Z CTX label=laborer_worker#5 childId=06cf8d43-bf44-44cf-b9d4-f7b13580874e tok=110177 base=14505 window=215040 pct=0.5124 peak=soft
2026-09-23T03:14:52.692Z CTX label=laborer_worker#5 childId=06cf8d43-bf44-44cf-b9d4-f7b13580874e tok=110177 base=14505 window=215040 pct=0.5124 peak=soft
2026-09-23T03:14:53.692Z CTX label=laborer_worker#5 childId=06cf8d43-bf44-44cf-b9d4-f7b13580874e tok=110448 base=14505 window=215040 pct=0.5136 peak=soft
2026-09-23T03:14:54.693Z CTX label=laborer_worker#5 childId=06cf8d43-bf44-44cf-b9d4-f7b13580874e tok=110512 base=14505 window=215040 pct=0.5139 peak=soft
2026-09-23T03:14:55.694Z CTX label=laborer_worker#5 childId=06cf8d43-bf44-44cf-b9d4-f7b13580874e tok=110512 base=14505 window=215040 pct=0.5139 peak=soft
2026-09-23T03:14:56.696Z CTX label=laborer_worker#5 childId=06cf8d43-bf44-44cf-b9d4-f7b13580874e tok=110512 base=14505 window=215040 pct=0.5139 peak=soft
2026-09-23T03:14:57.699Z CTX label=laborer_worker#5 childId=06cf8d43-bf44-44cf-b9d4-f7b13580874e tok=110512 base=14505 window=215040 pct=0.5139 peak=soft
2026-09-23T03:14:58.700Z CTX label=laborer_worker#5 childId=06cf8d43-bf44-44cf-b9d4-f7b13580874e tok=110527 base=14505 window=215040 pct=0.5140 peak=soft
2026-09-23T03:14:59.701Z CTX label=laborer_worker#5 childId=06cf8d43-bf44-44cf-b9d4-f7b13580874e tok=110527 base=14505 window=215040 pct=0.5140 peak=soft
2026-09-23T03:15:00.702Z CTX label=laborer_worker#5 childId=06cf8d43-bf44-44cf-b9d4-f7b13580874e tok=110560 base=14505 window=215040 pct=0.5141 peak=soft
2026-09-23T03:15:01.704Z CTX label=laborer_worker#5 childId=06cf8d43-bf44-44cf-b9d4-f7b13580874e tok=110867 base=14505 window=215040 pct=0.5156 peak=soft
2026-09-23T03:15:02.705Z CTX label=laborer_worker#5 childId=06cf8d43-bf44-44cf-b9d4-f7b13580874e tok=110867 base=14505 window=215040 pct=0.5156 peak=soft
2026-09-23T03:15:03.705Z CTX label=laborer_worker#5 childId=06cf8d43-bf44-44cf-b9d4-f7b13580874e tok=110867 base=14505 window=215040 pct=0.5156 peak=soft
2026-09-23T03:15:04.706Z CTX label=laborer_worker#5 childId=06cf8d43-bf44-44cf-b9d4-f7b13580874e tok=110870 base=14505 window=215040 pct=0.5156 peak=soft
2026-09-23T03:15:05.707Z CTX label=laborer_worker#5 childId=06cf8d43-bf44-44cf-b9d4-f7b13580874e tok=110963 base=14505 window=215040 pct=0.5160 peak=soft
2026-09-23T03:15:06.707Z CTX label=laborer_worker#5 childId=06cf8d43-bf44-44cf-b9d4-f7b13580874e tok=111051 base=14505 window=215040 pct=0.5164 peak=soft
2026-09-23T03:15:07.709Z CTX label=laborer_worker#5 childId=06cf8d43-bf44-44cf-b9d4-f7b13580874e tok=111137 base=14505 window=215040 pct=0.5168 peak=soft
2026-09-23T03:15:08.710Z CTX label=laborer_worker#5 childId=06cf8d43-bf44-44cf-b9d4-f7b13580874e tok=111213 base=14505 window=215040 pct=0.5172 peak=soft
2026-09-23T03:15:09.710Z CTX label=laborer_worker#5 childId=06cf8d43-bf44-44cf-b9d4-f7b13580874e tok=111290 base=14505 window=215040 pct=0.5175 peak=soft
2026-09-23T03:15:10.712Z CTX label=laborer_worker#5 childId=06cf8d43-bf44-44cf-b9d4-f7b13580874e tok=111361 base=14505 window=215040 pct=0.5179 peak=soft
2026-09-23T03:15:11.712Z CTX label=laborer_worker#5 childId=06cf8d43-bf44-44cf-b9d4-f7b13580874e tok=111437 base=14505 window=215040 pct=0.5182 peak=soft
2026-09-23T03:15:12.712Z CTX label=laborer_worker#5 childId=06cf8d43-bf44-44cf-b9d4-f7b13580874e tok=111500 base=14505 window=215040 pct=0.5185 peak=soft
2026-09-23T03:15:13.713Z CTX label=laborer_worker#5 childId=06cf8d43-bf44-44cf-b9d4-f7b13580874e tok=111565 base=14505 window=215040 pct=0.5188 peak=soft
2026-09-23T03:15:14.713Z CTX label=laborer_worker#5 childId=06cf8d43-bf44-44cf-b9d4-f7b13580874e tok=111639 base=14505 window=215040 pct=0.5192 peak=soft
2026-09-23T03:15:15.712Z CTX label=laborer_worker#5 childId=06cf8d43-bf44-44cf-b9d4-f7b13580874e tok=111716 base=14505 window=215040 pct=0.5195 peak=soft
2026-09-23T03:15:16.714Z CTX label=laborer_worker#5 childId=06cf8d43-bf44-44cf-b9d4-f7b13580874e tok=111801 base=14505 window=215040 pct=0.5199 peak=soft
2026-09-23T03:15:17.714Z CTX label=laborer_worker#5 childId=06cf8d43-bf44-44cf-b9d4-f7b13580874e tok=111890 base=14505 window=215040 pct=0.5203 peak=soft
2026-09-23T03:15:18.715Z CTX label=laborer_worker#5 childId=06cf8d43-bf44-44cf-b9d4-f7b13580874e tok=111962 base=14505 window=215040 pct=0.5207 peak=soft
2026-09-23T03:15:19.715Z CTX label=laborer_worker#5 childId=06cf8d43-bf44-44cf-b9d4-f7b13580874e tok=112034 base=14505 window=215040 pct=0.5210 peak=soft
2026-09-23T03:15:20.715Z CTX label=laborer_worker#5 childId=06cf8d43-bf44-44cf-b9d4-f7b13580874e tok=112069 base=14505 window=215040 pct=0.5212 peak=soft
2026-09-23T03:15:21.714Z CTX label=laborer_worker#5 childId=06cf8d43-bf44-44cf-b9d4-f7b13580874e tok=113397 base=14505 window=215040 pct=0.5273 peak=soft
2026-09-23T03:15:22.715Z CTX label=laborer_worker#5 childId=06cf8d43-bf44-44cf-b9d4-f7b13580874e tok=113397 base=14505 window=215040 pct=0.5273 peak=soft
2026-09-23T03:15:23.715Z CTX label=laborer_worker#5 childId=06cf8d43-bf44-44cf-b9d4-f7b13580874e tok=113412 base=14505 window=215040 pct=0.5274 peak=soft
2026-09-23T03:15:24.716Z CTX label=laborer_worker#5 childId=06cf8d43-bf44-44cf-b9d4-f7b13580874e tok=113502 base=14505 window=215040 pct=0.5278 peak=soft
2026-09-23T03:15:25.718Z CTX label=laborer_worker#5 childId=06cf8d43-bf44-44cf-b9d4-f7b13580874e tok=113594 base=14505 window=215040 pct=0.5282 peak=soft
2026-09-23T03:15:26.719Z CTX label=laborer_worker#5 childId=06cf8d43-bf44-44cf-b9d4-f7b13580874e tok=113790 base=14505 window=215040 pct=0.5292 peak=soft
2026-09-23T03:15:27.719Z CTX label=laborer_worker#5 childId=06cf8d43-bf44-44cf-b9d4-f7b13580874e tok=113790 base=14505 window=215040 pct=0.5292 peak=soft
2026-09-23T03:15:28.720Z CTX label=laborer_worker#5 childId=06cf8d43-bf44-44cf-b9d4-f7b13580874e tok=113859 base=14505 window=215040 pct=0.5295 peak=soft
2026-09-23T03:15:29.720Z CTX label=laborer_worker#5 childId=06cf8d43-bf44-44cf-b9d4-f7b13580874e tok=113946 base=14505 window=215040 pct=0.5299 peak=soft
2026-09-23T03:15:30.722Z CTX label=laborer_worker#5 childId=06cf8d43-bf44-44cf-b9d4-f7b13580874e tok=114035 base=14505 window=215040 pct=0.5303 peak=soft
2026-09-23T03:15:31.723Z CTX label=laborer_worker#5 childId=06cf8d43-bf44-44cf-b9d4-f7b13580874e tok=114118 base=14505 window=215040 pct=0.5307 peak=soft
2026-09-23T03:15:32.723Z CTX label=laborer_worker#5 childId=06cf8d43-bf44-44cf-b9d4-f7b13580874e tok=114201 base=14505 window=215040 pct=0.5311 peak=soft
2026-09-23T03:15:33.723Z CTX label=laborer_worker#5 childId=06cf8d43-bf44-44cf-b9d4-f7b13580874e tok=114287 base=14505 window=215040 pct=0.5315 peak=soft
2026-09-23T03:15:34.723Z CTX label=laborer_worker#5 childId=06cf8d43-bf44-44cf-b9d4-f7b13580874e tok=114380 base=14505 window=215040 pct=0.5319 peak=soft
2026-09-23T03:15:35.723Z CTX label=laborer_worker#5 childId=06cf8d43-bf44-44cf-b9d4-f7b13580874e tok=114461 base=14505 window=215040 pct=0.5323 peak=soft
2026-09-23T03:15:36.726Z CTX label=laborer_worker#5 childId=06cf8d43-bf44-44cf-b9d4-f7b13580874e tok=114525 base=14505 window=215040 pct=0.5326 peak=soft
2026-09-23T03:15:37.725Z CTX label=laborer_worker#5 childId=06cf8d43-bf44-44cf-b9d4-f7b13580874e tok=114829 base=14505 window=215040 pct=0.5340 peak=soft
2026-09-23T03:15:38.727Z CTX label=laborer_worker#5 childId=06cf8d43-bf44-44cf-b9d4-f7b13580874e tok=114829 base=14505 window=215040 pct=0.5340 peak=soft
2026-09-23T03:15:39.728Z CTX label=laborer_worker#5 childId=06cf8d43-bf44-44cf-b9d4-f7b13580874e tok=114848 base=14505 window=215040 pct=0.5341 peak=soft
2026-09-23T03:15:40.729Z CTX label=laborer_worker#5 childId=06cf8d43-bf44-44cf-b9d4-f7b13580874e tok=114920 base=14505 window=215040 pct=0.5344 peak=soft
2026-09-23T03:15:41.728Z CTX label=laborer_worker#5 childId=06cf8d43-bf44-44cf-b9d4-f7b13580874e tok=114998 base=14505 window=215040 pct=0.5348 peak=soft
2026-09-23T03:15:42.731Z CTX label=laborer_worker#5 childId=06cf8d43-bf44-44cf-b9d4-f7b13580874e tok=115067 base=14505 window=215040 pct=0.5351 peak=soft
2026-09-23T03:15:43.730Z CTX label=laborer_worker#5 childId=06cf8d43-bf44-44cf-b9d4-f7b13580874e tok=115165 base=14505 window=215040 pct=0.5356 peak=soft
2026-09-23T03:15:44.731Z CTX label=laborer_worker#5 childId=06cf8d43-bf44-44cf-b9d4-f7b13580874e tok=115442 base=14505 window=215040 pct=0.5368 peak=soft
2026-09-23T03:15:45.733Z CTX label=laborer_worker#5 childId=06cf8d43-bf44-44cf-b9d4-f7b13580874e tok=115442 base=14505 window=215040 pct=0.5368 peak=soft
2026-09-23T03:15:46.733Z CTX label=laborer_worker#5 childId=06cf8d43-bf44-44cf-b9d4-f7b13580874e tok=115490 base=14505 window=215040 pct=0.5371 peak=soft
2026-09-23T03:15:47.734Z CTX label=laborer_worker#5 childId=06cf8d43-bf44-44cf-b9d4-f7b13580874e tok=115576 base=14505 window=215040 pct=0.5375 peak=soft
2026-09-23T03:15:48.734Z CTX label=laborer_worker#5 childId=06cf8d43-bf44-44cf-b9d4-f7b13580874e tok=115778 base=14505 window=215040 pct=0.5384 peak=soft
2026-09-23T03:15:49.735Z CTX label=laborer_worker#5 childId=06cf8d43-bf44-44cf-b9d4-f7b13580874e tok=115778 base=14505 window=215040 pct=0.5384 peak=soft
2026-09-23T03:15:50.736Z CTX label=laborer_worker#5 childId=06cf8d43-bf44-44cf-b9d4-f7b13580874e tok=115778 base=14505 window=215040 pct=0.5384 peak=soft
2026-09-23T03:15:51.738Z CTX label=laborer_worker#5 childId=06cf8d43-bf44-44cf-b9d4-f7b13580874e tok=115778 base=14505 window=215040 pct=0.5384 peak=soft
2026-09-23T03:15:52.739Z CTX label=laborer_worker#5 childId=06cf8d43-bf44-44cf-b9d4-f7b13580874e tok=115778 base=14505 window=215040 pct=0.5384 peak=soft
2026-09-23T03:15:53.741Z CTX label=laborer_worker#5 childId=06cf8d43-bf44-44cf-b9d4-f7b13580874e tok=115778 base=14505 window=215040 pct=0.5384 peak=soft
2026-09-23T03:15:54.741Z CTX label=laborer_worker#5 childId=06cf8d43-bf44-44cf-b9d4-f7b13580874e tok=115778 base=14505 window=215040 pct=0.5384 peak=soft
2026-09-23T03:15:55.742Z CTX label=laborer_worker#5 childId=06cf8d43-bf44-44cf-b9d4-f7b13580874e tok=115778 base=14505 window=215040 pct=0.5384 peak=soft
2026-09-23T03:15:56.742Z CTX label=laborer_worker#5 childId=06cf8d43-bf44-44cf-b9d4-f7b13580874e tok=115778 base=14505 window=215040 pct=0.5384 peak=soft
2026-09-23T03:15:57.743Z CTX label=laborer_worker#5 childId=06cf8d43-bf44-44cf-b9d4-f7b13580874e tok=115778 base=14505 window=215040 pct=0.5384 peak=soft
2026-09-23T03:15:58.745Z CTX label=laborer_worker#5 childId=06cf8d43-bf44-44cf-b9d4-f7b13580874e tok=115778 base=14505 window=215040 pct=0.5384 peak=soft
2026-09-23T03:15:59.745Z CTX label=laborer_worker#5 childId=06cf8d43-bf44-44cf-b9d4-f7b13580874e tok=115778 base=14505 window=215040 pct=0.5384 peak=soft
2026-09-23T03:16:00.746Z CTX label=laborer_worker#5 childId=06cf8d43-bf44-44cf-b9d4-f7b13580874e tok=115778 base=14505 window=215040 pct=0.5384 peak=soft
2026-09-23T03:16:01.746Z CTX label=laborer_worker#5 childId=06cf8d43-bf44-44cf-b9d4-f7b13580874e tok=115778 base=14505 window=215040 pct=0.5384 peak=soft
2026-09-23T03:16:02.746Z CTX label=laborer_worker#5 childId=06cf8d43-bf44-44cf-b9d4-f7b13580874e tok=115778 base=14505 window=215040 pct=0.5384 peak=soft
2026-09-23T03:16:03.747Z CTX label=laborer_worker#5 childId=06cf8d43-bf44-44cf-b9d4-f7b13580874e tok=115778 base=14505 window=215040 pct=0.5384 peak=soft
2026-09-23T03:16:04.749Z CTX label=laborer_worker#5 childId=06cf8d43-bf44-44cf-b9d4-f7b13580874e tok=115778 base=14505 window=215040 pct=0.5384 peak=soft
2026-09-23T03:16:05.750Z CTX label=laborer_worker#5 childId=06cf8d43-bf44-44cf-b9d4-f7b13580874e tok=115778 base=14505 window=215040 pct=0.5384 peak=soft
2026-09-23T03:16:06.750Z CTX label=laborer_worker#5 childId=06cf8d43-bf44-44cf-b9d4-f7b13580874e tok=115778 base=14505 window=215040 pct=0.5384 peak=soft
2026-09-23T03:16:07.752Z CTX label=laborer_worker#5 childId=06cf8d43-bf44-44cf-b9d4-f7b13580874e tok=115778 base=14505 window=215040 pct=0.5384 peak=soft
2026-09-23T03:16:08.753Z CTX label=laborer_worker#5 childId=06cf8d43-bf44-44cf-b9d4-f7b13580874e tok=115778 base=14505 window=215040 pct=0.5384 peak=soft
2026-09-23T03:16:09.754Z CTX label=laborer_worker#5 childId=06cf8d43-bf44-44cf-b9d4-f7b13580874e tok=115827 base=14505 window=215040 pct=0.5386 peak=soft
2026-09-23T03:16:10.755Z CTX label=laborer_worker#5 childId=06cf8d43-bf44-44cf-b9d4-f7b13580874e tok=115827 base=14505 window=215040 pct=0.5386 peak=soft
2026-09-23T03:16:11.755Z CTX label=laborer_worker#5 childId=06cf8d43-bf44-44cf-b9d4-f7b13580874e tok=115855 base=14505 window=215040 pct=0.5388 peak=soft
2026-09-23T03:16:12.757Z CTX label=laborer_worker#5 childId=06cf8d43-bf44-44cf-b9d4-f7b13580874e tok=115924 base=14505 window=215040 pct=0.5391 peak=soft
2026-09-23T03:16:13.756Z CTX label=laborer_worker#5 childId=06cf8d43-bf44-44cf-b9d4-f7b13580874e tok=115995 base=14505 window=215040 pct=0.5394 peak=soft
2026-09-23T03:16:14.758Z CTX label=laborer_worker#5 childId=06cf8d43-bf44-44cf-b9d4-f7b13580874e tok=116076 base=14505 window=215040 pct=0.5398 peak=soft
2026-09-23T03:16:15.759Z CTX label=laborer_worker#5 childId=06cf8d43-bf44-44cf-b9d4-f7b13580874e tok=116148 base=14505 window=215040 pct=0.5401 peak=soft
2026-09-23T03:16:16.758Z CTX label=laborer_worker#5 childId=06cf8d43-bf44-44cf-b9d4-f7b13580874e tok=116228 base=14505 window=215040 pct=0.5405 peak=soft
2026-09-23T03:16:17.760Z CTX label=laborer_worker#5 childId=06cf8d43-bf44-44cf-b9d4-f7b13580874e tok=116305 base=14505 window=215040 pct=0.5409 peak=soft
2026-09-23T03:16:18.759Z CTX label=laborer_worker#5 childId=06cf8d43-bf44-44cf-b9d4-f7b13580874e tok=116539 base=14505 window=215040 pct=0.5419 peak=soft
2026-09-23T03:16:19.760Z CTX label=laborer_worker#5 childId=06cf8d43-bf44-44cf-b9d4-f7b13580874e tok=116539 base=14505 window=215040 pct=0.5419 peak=soft
2026-09-23T03:16:20.761Z CTX label=laborer_worker#5 childId=06cf8d43-bf44-44cf-b9d4-f7b13580874e tok=116571 base=14505 window=215040 pct=0.5421 peak=soft
2026-09-23T03:16:21.764Z CTX label=laborer_worker#5 childId=06cf8d43-bf44-44cf-b9d4-f7b13580874e tok=116650 base=14505 window=215040 pct=0.5425 peak=soft
2026-09-23T03:16:22.763Z CTX label=laborer_worker#5 childId=06cf8d43-bf44-44cf-b9d4-f7b13580874e tok=116771 base=14505 window=215040 pct=0.5430 peak=soft
2026-09-23T03:16:23.763Z CTX label=laborer_worker#5 childId=06cf8d43-bf44-44cf-b9d4-f7b13580874e tok=116771 base=14505 window=215040 pct=0.5430 peak=soft
2026-09-23T03:16:24.763Z CTX label=laborer_worker#5 childId=06cf8d43-bf44-44cf-b9d4-f7b13580874e tok=116771 base=14505 window=215040 pct=0.5430 peak=soft
2026-09-23T03:16:25.764Z CTX label=laborer_worker#5 childId=06cf8d43-bf44-44cf-b9d4-f7b13580874e tok=116771 base=14505 window=215040 pct=0.5430 peak=soft
2026-09-23T03:16:26.765Z CTX label=laborer_worker#5 childId=06cf8d43-bf44-44cf-b9d4-f7b13580874e tok=116771 base=14505 window=215040 pct=0.5430 peak=soft
2026-09-23T03:16:27.765Z CTX label=laborer_worker#5 childId=06cf8d43-bf44-44cf-b9d4-f7b13580874e tok=116771 base=14505 window=215040 pct=0.5430 peak=soft
2026-09-23T03:16:28.766Z CTX label=laborer_worker#5 childId=06cf8d43-bf44-44cf-b9d4-f7b13580874e tok=116771 base=14505 window=215040 pct=0.5430 peak=soft
2026-09-23T03:16:29.767Z CTX label=laborer_worker#5 childId=06cf8d43-bf44-44cf-b9d4-f7b13580874e tok=116771 base=14505 window=215040 pct=0.5430 peak=soft
2026-09-23T03:16:30.768Z CTX label=laborer_worker#5 childId=06cf8d43-bf44-44cf-b9d4-f7b13580874e tok=116771 base=14505 window=215040 pct=0.5430 peak=soft
2026-09-23T03:16:31.769Z CTX label=laborer_worker#5 childId=06cf8d43-bf44-44cf-b9d4-f7b13580874e tok=116771 base=14505 window=215040 pct=0.5430 peak=soft
2026-09-23T03:16:32.770Z CTX label=laborer_worker#5 childId=06cf8d43-bf44-44cf-b9d4-f7b13580874e tok=116771 base=14505 window=215040 pct=0.5430 peak=soft
2026-09-23T03:16:33.771Z CTX label=laborer_worker#5 childId=06cf8d43-bf44-44cf-b9d4-f7b13580874e tok=116771 base=14505 window=215040 pct=0.5430 peak=soft
2026-09-23T03:16:34.771Z CTX label=laborer_worker#5 childId=06cf8d43-bf44-44cf-b9d4-f7b13580874e tok=116771 base=14505 window=215040 pct=0.5430 peak=soft
2026-09-23T03:16:35.773Z CTX label=laborer_worker#5 childId=06cf8d43-bf44-44cf-b9d4-f7b13580874e tok=116771 base=14505 window=215040 pct=0.5430 peak=soft
2026-09-23T03:16:36.773Z CTX label=laborer_worker#5 childId=06cf8d43-bf44-44cf-b9d4-f7b13580874e tok=116771 base=14505 window=215040 pct=0.5430 peak=soft
2026-09-23T03:16:37.778Z CTX label=laborer_worker#5 childId=06cf8d43-bf44-44cf-b9d4-f7b13580874e tok=116771 base=14505 window=215040 pct=0.5430 peak=soft
2026-09-23T03:16:38.778Z CTX label=laborer_worker#5 childId=06cf8d43-bf44-44cf-b9d4-f7b13580874e tok=116771 base=14505 window=215040 pct=0.5430 peak=soft
2026-09-23T03:16:39.779Z CTX label=laborer_worker#5 childId=06cf8d43-bf44-44cf-b9d4-f7b13580874e tok=116771 base=14505 window=215040 pct=0.5430 peak=soft
2026-09-23T03:16:40.778Z CTX label=laborer_worker#5 childId=06cf8d43-bf44-44cf-b9d4-f7b13580874e tok=116771 base=14505 window=215040 pct=0.5430 peak=soft
2026-09-23T03:16:41.784Z CTX label=laborer_worker#5 childId=06cf8d43-bf44-44cf-b9d4-f7b13580874e tok=116771 base=14505 window=215040 pct=0.5430 peak=soft
2026-09-23T03:16:42.784Z CTX label=laborer_worker#5 childId=06cf8d43-bf44-44cf-b9d4-f7b13580874e tok=116771 base=14505 window=215040 pct=0.5430 peak=soft
2026-09-23T03:16:43.785Z CTX label=laborer_worker#5 childId=06cf8d43-bf44-44cf-b9d4-f7b13580874e tok=116771 base=14505 window=215040 pct=0.5430 peak=soft
2026-09-23T03:16:44.786Z CTX label=laborer_worker#5 childId=06cf8d43-bf44-44cf-b9d4-f7b13580874e tok=116771 base=14505 window=215040 pct=0.5430 peak=soft
2026-09-23T03:16:45.787Z CTX label=laborer_worker#5 childId=06cf8d43-bf44-44cf-b9d4-f7b13580874e tok=116771 base=14505 window=215040 pct=0.5430 peak=soft
2026-09-23T03:16:46.788Z CTX label=laborer_worker#5 childId=06cf8d43-bf44-44cf-b9d4-f7b13580874e tok=116771 base=14505 window=215040 pct=0.5430 peak=soft
2026-09-23T03:16:47.790Z CTX label=laborer_worker#5 childId=06cf8d43-bf44-44cf-b9d4-f7b13580874e tok=116882 base=14505 window=215040 pct=0.5435 peak=soft
2026-09-23T03:16:48.792Z CTX label=laborer_worker#5 childId=06cf8d43-bf44-44cf-b9d4-f7b13580874e tok=116882 base=14505 window=215040 pct=0.5435 peak=soft
2026-09-23T03:16:49.793Z CTX label=laborer_worker#5 childId=06cf8d43-bf44-44cf-b9d4-f7b13580874e tok=116935 base=14505 window=215040 pct=0.5438 peak=soft
2026-09-23T03:16:50.791Z CTX label=laborer_worker#5 childId=06cf8d43-bf44-44cf-b9d4-f7b13580874e tok=117320 base=14505 window=215040 pct=0.5456 peak=soft
2026-09-23T03:16:51.793Z CTX label=laborer_worker#5 childId=06cf8d43-bf44-44cf-b9d4-f7b13580874e tok=117320 base=14505 window=215040 pct=0.5456 peak=soft
2026-09-23T03:16:52.794Z CTX label=laborer_worker#5 childId=06cf8d43-bf44-44cf-b9d4-f7b13580874e tok=117320 base=14505 window=215040 pct=0.5456 peak=soft
2026-09-23T03:16:53.794Z CTX label=laborer_worker#5 childId=06cf8d43-bf44-44cf-b9d4-f7b13580874e tok=117391 base=14505 window=215040 pct=0.5459 peak=soft
2026-09-23T03:16:54.794Z CTX label=laborer_worker#5 childId=06cf8d43-bf44-44cf-b9d4-f7b13580874e tok=117608 base=14505 window=215040 pct=0.5469 peak=soft
2026-09-23T03:16:55.798Z CTX label=laborer_worker#5 childId=06cf8d43-bf44-44cf-b9d4-f7b13580874e tok=117608 base=14505 window=215040 pct=0.5469 peak=soft
2026-09-23T03:16:56.797Z CTX label=laborer_worker#5 childId=06cf8d43-bf44-44cf-b9d4-f7b13580874e tok=117652 base=14505 window=215040 pct=0.5471 peak=soft
2026-09-23T03:16:57.797Z CTX label=laborer_worker#5 childId=06cf8d43-bf44-44cf-b9d4-f7b13580874e tok=117918 base=14505 window=215040 pct=0.5484 peak=soft
2026-09-23T03:16:58.799Z CTX label=laborer_worker#5 childId=06cf8d43-bf44-44cf-b9d4-f7b13580874e tok=117918 base=14505 window=215040 pct=0.5484 peak=soft
2026-09-23T03:16:59.801Z CTX label=laborer_worker#5 childId=06cf8d43-bf44-44cf-b9d4-f7b13580874e tok=117918 base=14505 window=215040 pct=0.5484 peak=soft
2026-09-23T03:17:00.800Z CTX label=laborer_worker#5 childId=06cf8d43-bf44-44cf-b9d4-f7b13580874e tok=117918 base=14505 window=215040 pct=0.5484 peak=soft
2026-09-23T03:17:01.802Z CTX label=laborer_worker#5 childId=06cf8d43-bf44-44cf-b9d4-f7b13580874e tok=117958 base=14505 window=215040 pct=0.5485 peak=soft
2026-09-23T03:17:02.801Z CTX label=laborer_worker#5 childId=06cf8d43-bf44-44cf-b9d4-f7b13580874e tok=118061 base=14505 window=215040 pct=0.5490 peak=soft
2026-09-23T03:17:03.803Z CTX label=laborer_worker#5 childId=06cf8d43-bf44-44cf-b9d4-f7b13580874e tok=118128 base=14505 window=215040 pct=0.5493 peak=soft
2026-09-23T03:17:04.804Z CTX label=laborer_worker#5 childId=06cf8d43-bf44-44cf-b9d4-f7b13580874e tok=118214 base=14505 window=215040 pct=0.5497 peak=soft
2026-09-23T03:17:05.804Z CTX label=laborer_worker#5 childId=06cf8d43-bf44-44cf-b9d4-f7b13580874e tok=118301 base=14505 window=215040 pct=0.5501 peak=soft
2026-09-23T03:17:06.806Z CTX label=laborer_worker#5 childId=06cf8d43-bf44-44cf-b9d4-f7b13580874e tok=118374 base=14505 window=215040 pct=0.5505 peak=soft
2026-09-23T03:17:07.808Z CTX label=laborer_worker#5 childId=06cf8d43-bf44-44cf-b9d4-f7b13580874e tok=118458 base=14505 window=215040 pct=0.5509 peak=soft
2026-09-23T03:17:08.808Z CTX label=laborer_worker#5 childId=06cf8d43-bf44-44cf-b9d4-f7b13580874e tok=118528 base=14505 window=215040 pct=0.5512 peak=soft
2026-09-23T03:17:09.809Z CTX label=laborer_worker#5 childId=06cf8d43-bf44-44cf-b9d4-f7b13580874e tok=118592 base=14505 window=215040 pct=0.5515 peak=soft
2026-09-23T03:17:10.812Z CTX label=laborer_worker#5 childId=06cf8d43-bf44-44cf-b9d4-f7b13580874e tok=118677 base=14505 window=215040 pct=0.5519 peak=soft
2026-09-23T03:17:11.811Z CTX label=laborer_worker#5 childId=06cf8d43-bf44-44cf-b9d4-f7b13580874e tok=118738 base=14505 window=215040 pct=0.5522 peak=soft
2026-09-23T03:17:12.813Z CTX label=laborer_worker#5 childId=06cf8d43-bf44-44cf-b9d4-f7b13580874e tok=118819 base=14505 window=215040 pct=0.5525 peak=soft
2026-09-23T03:17:13.814Z CTX label=laborer_worker#5 childId=06cf8d43-bf44-44cf-b9d4-f7b13580874e tok=118878 base=14505 window=215040 pct=0.5528 peak=soft
2026-09-23T03:17:14.815Z CTX label=laborer_worker#5 childId=06cf8d43-bf44-44cf-b9d4-f7b13580874e tok=118938 base=14505 window=215040 pct=0.5531 peak=soft
2026-09-23T03:17:15.817Z CTX label=laborer_worker#5 childId=06cf8d43-bf44-44cf-b9d4-f7b13580874e tok=119002 base=14505 window=215040 pct=0.5534 peak=soft
2026-09-23T03:17:16.815Z CTX label=laborer_worker#5 childId=06cf8d43-bf44-44cf-b9d4-f7b13580874e tok=119002 base=14505 window=215040 pct=0.5534 peak=soft
2026-09-23T03:17:17.818Z CTX label=laborer_worker#5 childId=06cf8d43-bf44-44cf-b9d4-f7b13580874e tok=120320 base=14505 window=215040 pct=0.5595 peak=soft
2026-09-23T03:17:18.819Z CTX label=laborer_worker#5 childId=06cf8d43-bf44-44cf-b9d4-f7b13580874e tok=120320 base=14505 window=215040 pct=0.5595 peak=soft
2026-09-23T03:17:19.819Z CTX label=laborer_worker#5 childId=06cf8d43-bf44-44cf-b9d4-f7b13580874e tok=120347 base=14505 window=215040 pct=0.5596 peak=soft
2026-09-23T03:17:20.820Z CTX label=laborer_worker#5 childId=06cf8d43-bf44-44cf-b9d4-f7b13580874e tok=120415 base=14505 window=215040 pct=0.5600 peak=soft
2026-09-23T03:17:21.820Z CTX label=laborer_worker#5 childId=06cf8d43-bf44-44cf-b9d4-f7b13580874e tok=120749 base=14505 window=215040 pct=0.5615 peak=soft
2026-09-23T03:17:22.821Z CTX label=laborer_worker#5 childId=06cf8d43-bf44-44cf-b9d4-f7b13580874e tok=120996 base=14505 window=215040 pct=0.5627 peak=soft
2026-09-23T03:17:23.822Z CTX label=laborer_worker#5 childId=06cf8d43-bf44-44cf-b9d4-f7b13580874e tok=120996 base=14505 window=215040 pct=0.5627 peak=soft
2026-09-23T03:17:24.822Z CTX label=laborer_worker#5 childId=06cf8d43-bf44-44cf-b9d4-f7b13580874e tok=120996 base=14505 window=215040 pct=0.5627 peak=soft
2026-09-23T03:17:25.823Z CTX label=laborer_worker#5 childId=06cf8d43-bf44-44cf-b9d4-f7b13580874e tok=121047 base=14505 window=215040 pct=0.5629 peak=soft
2026-09-23T03:17:26.823Z CTX label=laborer_worker#5 childId=06cf8d43-bf44-44cf-b9d4-f7b13580874e tok=121126 base=14505 window=215040 pct=0.5633 peak=soft
2026-09-23T03:17:27.824Z CTX label=laborer_worker#5 childId=06cf8d43-bf44-44cf-b9d4-f7b13580874e tok=121185 base=14505 window=215040 pct=0.5635 peak=soft
2026-09-23T03:17:28.825Z CTX label=laborer_worker#5 childId=06cf8d43-bf44-44cf-b9d4-f7b13580874e tok=121241 base=14505 window=215040 pct=0.5638 peak=soft
2026-09-23T03:17:29.826Z CTX label=laborer_worker#5 childId=06cf8d43-bf44-44cf-b9d4-f7b13580874e tok=121297 base=14505 window=215040 pct=0.5641 peak=soft
2026-09-23T03:17:30.827Z CTX label=laborer_worker#5 childId=06cf8d43-bf44-44cf-b9d4-f7b13580874e tok=121355 base=14505 window=215040 pct=0.5643 peak=soft
2026-09-23T03:17:31.828Z CTX label=laborer_worker#5 childId=06cf8d43-bf44-44cf-b9d4-f7b13580874e tok=121424 base=14505 window=215040 pct=0.5647 peak=soft
2026-09-23T03:17:32.829Z CTX label=laborer_worker#5 childId=06cf8d43-bf44-44cf-b9d4-f7b13580874e tok=121499 base=14505 window=215040 pct=0.5650 peak=soft
2026-09-23T03:17:33.828Z CTX label=laborer_worker#5 childId=06cf8d43-bf44-44cf-b9d4-f7b13580874e tok=121562 base=14505 window=215040 pct=0.5653 peak=soft
2026-09-23T03:17:34.829Z CTX label=laborer_worker#5 childId=06cf8d43-bf44-44cf-b9d4-f7b13580874e tok=121627 base=14505 window=215040 pct=0.5656 peak=soft
2026-09-23T03:17:35.831Z CTX label=laborer_worker#5 childId=06cf8d43-bf44-44cf-b9d4-f7b13580874e tok=121709 base=14505 window=215040 pct=0.5660 peak=soft
2026-09-23T03:17:36.831Z CTX label=laborer_worker#5 childId=06cf8d43-bf44-44cf-b9d4-f7b13580874e tok=121783 base=14505 window=215040 pct=0.5663 peak=soft
2026-09-23T03:17:37.833Z CTX label=laborer_worker#5 childId=06cf8d43-bf44-44cf-b9d4-f7b13580874e tok=121846 base=14505 window=215040 pct=0.5666 peak=soft
2026-09-23T03:17:38.832Z CTX label=laborer_worker#5 childId=06cf8d43-bf44-44cf-b9d4-f7b13580874e tok=121922 base=14505 window=215040 pct=0.5670 peak=soft
2026-09-23T03:17:39.834Z CTX label=laborer_worker#5 childId=06cf8d43-bf44-44cf-b9d4-f7b13580874e tok=121981 base=14505 window=215040 pct=0.5672 peak=soft
2026-09-23T03:17:40.834Z CTX label=laborer_worker#5 childId=06cf8d43-bf44-44cf-b9d4-f7b13580874e tok=122056 base=14505 window=215040 pct=0.5676 peak=soft
2026-09-23T03:17:41.834Z CTX label=laborer_worker#5 childId=06cf8d43-bf44-44cf-b9d4-f7b13580874e tok=122119 base=14505 window=215040 pct=0.5679 peak=soft
2026-09-23T03:17:42.835Z CTX label=laborer_worker#5 childId=06cf8d43-bf44-44cf-b9d4-f7b13580874e tok=122177 base=14505 window=215040 pct=0.5682 peak=soft
2026-09-23T03:17:43.836Z CTX label=laborer_worker#5 childId=06cf8d43-bf44-44cf-b9d4-f7b13580874e tok=122252 base=14505 window=215040 pct=0.5685 peak=soft
2026-09-23T03:17:44.836Z CTX label=laborer_worker#5 childId=06cf8d43-bf44-44cf-b9d4-f7b13580874e tok=122321 base=14505 window=215040 pct=0.5688 peak=soft
2026-09-23T03:17:45.837Z CTX label=laborer_worker#5 childId=06cf8d43-bf44-44cf-b9d4-f7b13580874e tok=122393 base=14505 window=215040 pct=0.5692 peak=soft
2026-09-23T03:17:46.837Z CTX label=laborer_worker#5 childId=06cf8d43-bf44-44cf-b9d4-f7b13580874e tok=122455 base=14505 window=215040 pct=0.5695 peak=soft
2026-09-23T03:17:47.839Z CTX label=laborer_worker#5 childId=06cf8d43-bf44-44cf-b9d4-f7b13580874e tok=122527 base=14505 window=215040 pct=0.5698 peak=soft
2026-09-23T03:17:48.839Z CTX label=laborer_worker#5 childId=06cf8d43-bf44-44cf-b9d4-f7b13580874e tok=122617 base=14505 window=215040 pct=0.5702 peak=soft
2026-09-23T03:17:49.839Z CTX label=laborer_worker#5 childId=06cf8d43-bf44-44cf-b9d4-f7b13580874e tok=122694 base=14505 window=215040 pct=0.5706 peak=soft
2026-09-23T03:17:50.839Z CTX label=laborer_worker#5 childId=06cf8d43-bf44-44cf-b9d4-f7b13580874e tok=122763 base=14505 window=215040 pct=0.5709 peak=soft
2026-09-23T03:17:51.839Z CTX label=laborer_worker#5 childId=06cf8d43-bf44-44cf-b9d4-f7b13580874e tok=122825 base=14505 window=215040 pct=0.5712 peak=soft
2026-09-23T03:17:52.839Z CTX label=laborer_worker#5 childId=06cf8d43-bf44-44cf-b9d4-f7b13580874e tok=122883 base=14505 window=215040 pct=0.5714 peak=soft
2026-09-23T03:17:53.839Z CTX label=laborer_worker#5 childId=06cf8d43-bf44-44cf-b9d4-f7b13580874e tok=122936 base=14505 window=215040 pct=0.5717 peak=soft
2026-09-23T03:17:54.840Z CTX label=laborer_worker#5 childId=06cf8d43-bf44-44cf-b9d4-f7b13580874e tok=122974 base=14505 window=215040 pct=0.5719 peak=soft
2026-09-23T03:17:55.840Z CTX label=laborer_worker#5 childId=06cf8d43-bf44-44cf-b9d4-f7b13580874e tok=122974 base=14505 window=215040 pct=0.5719 peak=soft
2026-09-23T03:17:56.840Z CTX label=laborer_worker#5 childId=06cf8d43-bf44-44cf-b9d4-f7b13580874e tok=122974 base=14505 window=215040 pct=0.5719 peak=soft
2026-09-23T03:17:57.841Z CTX label=laborer_worker#5 childId=06cf8d43-bf44-44cf-b9d4-f7b13580874e tok=122974 base=14505 window=215040 pct=0.5719 peak=soft
2026-09-23T03:17:58.841Z CTX label=laborer_worker#5 childId=06cf8d43-bf44-44cf-b9d4-f7b13580874e tok=122974 base=14505 window=215040 pct=0.5719 peak=soft
2026-09-23T03:17:59.841Z CTX label=laborer_worker#5 childId=06cf8d43-bf44-44cf-b9d4-f7b13580874e tok=122974 base=14505 window=215040 pct=0.5719 peak=soft
2026-09-23T03:18:00.841Z CTX label=laborer_worker#5 childId=06cf8d43-bf44-44cf-b9d4-f7b13580874e tok=123916 base=14505 window=215040 pct=0.5762 peak=soft
2026-09-23T03:18:01.841Z CTX label=laborer_worker#5 childId=06cf8d43-bf44-44cf-b9d4-f7b13580874e tok=123916 base=14505 window=215040 pct=0.5762 peak=soft
2026-09-23T03:18:02.840Z CTX label=laborer_worker#5 childId=06cf8d43-bf44-44cf-b9d4-f7b13580874e tok=123916 base=14505 window=215040 pct=0.5762 peak=soft
2026-09-23T03:18:03.843Z CTX label=laborer_worker#5 childId=06cf8d43-bf44-44cf-b9d4-f7b13580874e tok=123916 base=14505 window=215040 pct=0.5762 peak=soft
2026-09-23T03:18:04.845Z CTX label=laborer_worker#5 childId=06cf8d43-bf44-44cf-b9d4-f7b13580874e tok=123916 base=14505 window=215040 pct=0.5762 peak=soft
2026-09-23T03:18:05.846Z CTX label=laborer_worker#5 childId=06cf8d43-bf44-44cf-b9d4-f7b13580874e tok=123916 base=14505 window=215040 pct=0.5762 peak=soft
2026-09-23T03:18:06.846Z CTX label=laborer_worker#5 childId=06cf8d43-bf44-44cf-b9d4-f7b13580874e tok=123916 base=14505 window=215040 pct=0.5762 peak=soft
2026-09-23T03:18:07.848Z CTX label=laborer_worker#5 childId=06cf8d43-bf44-44cf-b9d4-f7b13580874e tok=123916 base=14505 window=215040 pct=0.5762 peak=soft
2026-09-23T03:18:08.847Z CTX label=laborer_worker#5 childId=06cf8d43-bf44-44cf-b9d4-f7b13580874e tok=123916 base=14505 window=215040 pct=0.5762 peak=soft
2026-09-23T03:18:09.849Z CTX label=laborer_worker#5 childId=06cf8d43-bf44-44cf-b9d4-f7b13580874e tok=123916 base=14505 window=215040 pct=0.5762 peak=soft
2026-09-23T03:18:10.849Z CTX label=laborer_worker#5 childId=06cf8d43-bf44-44cf-b9d4-f7b13580874e tok=123916 base=14505 window=215040 pct=0.5762 peak=soft
2026-09-23T03:18:11.850Z CTX label=laborer_worker#5 childId=06cf8d43-bf44-44cf-b9d4-f7b13580874e tok=123916 base=14505 window=215040 pct=0.5762 peak=soft
2026-09-23T03:18:12.850Z CTX label=laborer_worker#5 childId=06cf8d43-bf44-44cf-b9d4-f7b13580874e tok=123916 base=14505 window=215040 pct=0.5762 peak=soft
2026-09-23T03:18:13.852Z CTX label=laborer_worker#5 childId=06cf8d43-bf44-44cf-b9d4-f7b13580874e tok=123916 base=14505 window=215040 pct=0.5762 peak=soft
2026-09-23T03:18:14.853Z CTX label=laborer_worker#5 childId=06cf8d43-bf44-44cf-b9d4-f7b13580874e tok=123916 base=14505 window=215040 pct=0.5762 peak=soft
2026-09-23T03:18:15.854Z CTX label=laborer_worker#5 childId=06cf8d43-bf44-44cf-b9d4-f7b13580874e tok=123916 base=14505 window=215040 pct=0.5762 peak=soft
2026-09-23T03:18:16.857Z CTX label=laborer_worker#5 childId=06cf8d43-bf44-44cf-b9d4-f7b13580874e tok=123916 base=14505 window=215040 pct=0.5762 peak=soft
2026-09-23T03:18:17.855Z CTX label=laborer_worker#5 childId=06cf8d43-bf44-44cf-b9d4-f7b13580874e tok=123916 base=14505 window=215040 pct=0.5762 peak=soft
2026-09-23T03:18:18.855Z CTX label=laborer_worker#5 childId=06cf8d43-bf44-44cf-b9d4-f7b13580874e tok=123916 base=14505 window=215040 pct=0.5762 peak=soft
2026-09-23T03:18:19.857Z CTX label=laborer_worker#5 childId=06cf8d43-bf44-44cf-b9d4-f7b13580874e tok=123916 base=14505 window=215040 pct=0.5762 peak=soft
2026-09-23T03:18:20.857Z CTX label=laborer_worker#5 childId=06cf8d43-bf44-44cf-b9d4-f7b13580874e tok=123916 base=14505 window=215040 pct=0.5762 peak=soft
2026-09-23T03:18:21.858Z CTX label=laborer_worker#5 childId=06cf8d43-bf44-44cf-b9d4-f7b13580874e tok=123916 base=14505 window=215040 pct=0.5762 peak=soft
2026-09-23T03:18:22.858Z CTX label=laborer_worker#5 childId=06cf8d43-bf44-44cf-b9d4-f7b13580874e tok=123916 base=14505 window=215040 pct=0.5762 peak=soft
2026-09-23T03:18:23.860Z CTX label=laborer_worker#5 childId=06cf8d43-bf44-44cf-b9d4-f7b13580874e tok=123931 base=14505 window=215040 pct=0.5763 peak=soft
2026-09-23T03:18:24.862Z CTX label=laborer_worker#5 childId=06cf8d43-bf44-44cf-b9d4-f7b13580874e tok=123931 base=14505 window=215040 pct=0.5763 peak=soft
2026-09-23T03:18:25.864Z CTX label=laborer_worker#5 childId=06cf8d43-bf44-44cf-b9d4-f7b13580874e tok=123975 base=14505 window=215040 pct=0.5765 peak=soft
2026-09-23T03:18:26.863Z CTX label=laborer_worker#5 childId=06cf8d43-bf44-44cf-b9d4-f7b13580874e tok=124831 base=14505 window=215040 pct=0.5805 peak=soft
2026-09-23T03:18:27.864Z CTX label=laborer_worker#5 childId=06cf8d43-bf44-44cf-b9d4-f7b13580874e tok=125077 base=14505 window=215040 pct=0.5816 peak=soft
2026-09-23T03:18:28.865Z CTX label=laborer_worker#5 childId=06cf8d43-bf44-44cf-b9d4-f7b13580874e tok=125077 base=14505 window=215040 pct=0.5816 peak=soft
2026-09-23T03:18:29.865Z CTX label=laborer_worker#5 childId=06cf8d43-bf44-44cf-b9d4-f7b13580874e tok=125077 base=14505 window=215040 pct=0.5816 peak=soft
2026-09-23T03:18:30.865Z CTX label=laborer_worker#5 childId=06cf8d43-bf44-44cf-b9d4-f7b13580874e tok=125157 base=14505 window=215040 pct=0.5820 peak=soft
2026-09-23T03:18:31.866Z CTX label=laborer_worker#5 childId=06cf8d43-bf44-44cf-b9d4-f7b13580874e tok=125221 base=14505 window=215040 pct=0.5823 peak=soft
2026-09-23T03:18:32.866Z CTX label=laborer_worker#5 childId=06cf8d43-bf44-44cf-b9d4-f7b13580874e tok=125309 base=14505 window=215040 pct=0.5827 peak=soft
2026-09-23T03:18:33.866Z CTX label=laborer_worker#5 childId=06cf8d43-bf44-44cf-b9d4-f7b13580874e tok=125405 base=14505 window=215040 pct=0.5832 peak=soft
2026-09-23T03:18:34.866Z CTX label=laborer_worker#5 childId=06cf8d43-bf44-44cf-b9d4-f7b13580874e tok=125465 base=14505 window=215040 pct=0.5834 peak=soft
2026-09-23T03:18:35.868Z CTX label=laborer_worker#5 childId=06cf8d43-bf44-44cf-b9d4-f7b13580874e tok=125502 base=14505 window=215040 pct=0.5836 peak=soft
2026-09-23T03:18:36.867Z CTX label=laborer_worker#5 childId=06cf8d43-bf44-44cf-b9d4-f7b13580874e tok=126160 base=14505 window=215040 pct=0.5867 peak=soft
2026-09-23T03:18:37.868Z CTX label=laborer_worker#5 childId=06cf8d43-bf44-44cf-b9d4-f7b13580874e tok=126160 base=14505 window=215040 pct=0.5867 peak=soft
2026-09-23T03:18:38.867Z CTX label=laborer_worker#5 childId=06cf8d43-bf44-44cf-b9d4-f7b13580874e tok=126214 base=14505 window=215040 pct=0.5869 peak=soft
2026-09-23T03:18:39.869Z CTX label=laborer_worker#5 childId=06cf8d43-bf44-44cf-b9d4-f7b13580874e tok=126559 base=14505 window=215040 pct=0.5885 peak=soft
2026-09-23T03:18:40.868Z CTX label=laborer_worker#5 childId=06cf8d43-bf44-44cf-b9d4-f7b13580874e tok=126559 base=14505 window=215040 pct=0.5885 peak=soft
2026-09-23T03:18:41.870Z CTX label=laborer_worker#5 childId=06cf8d43-bf44-44cf-b9d4-f7b13580874e tok=126559 base=14505 window=215040 pct=0.5885 peak=soft
2026-09-23T03:18:42.872Z CTX label=laborer_worker#5 childId=06cf8d43-bf44-44cf-b9d4-f7b13580874e tok=126598 base=14505 window=215040 pct=0.5887 peak=soft
2026-09-23T03:18:43.872Z CTX label=laborer_worker#5 childId=06cf8d43-bf44-44cf-b9d4-f7b13580874e tok=126698 base=14505 window=215040 pct=0.5892 peak=soft
2026-09-23T03:18:44.873Z CTX label=laborer_worker#5 childId=06cf8d43-bf44-44cf-b9d4-f7b13580874e tok=126769 base=14505 window=215040 pct=0.5895 peak=soft
2026-09-23T03:18:45.873Z CTX label=laborer_worker#5 childId=06cf8d43-bf44-44cf-b9d4-f7b13580874e tok=126849 base=14505 window=215040 pct=0.5899 peak=soft
2026-09-23T03:18:46.874Z CTX label=laborer_worker#5 childId=06cf8d43-bf44-44cf-b9d4-f7b13580874e tok=126918 base=14505 window=215040 pct=0.5902 peak=soft
2026-09-23T03:18:47.874Z CTX label=laborer_worker#5 childId=06cf8d43-bf44-44cf-b9d4-f7b13580874e tok=127014 base=14505 window=215040 pct=0.5907 peak=soft
2026-09-23T03:18:48.874Z CTX label=laborer_worker#5 childId=06cf8d43-bf44-44cf-b9d4-f7b13580874e tok=127087 base=14505 window=215040 pct=0.5910 peak=soft
2026-09-23T03:18:49.876Z CTX label=laborer_worker#5 childId=06cf8d43-bf44-44cf-b9d4-f7b13580874e tok=127160 base=14505 window=215040 pct=0.5913 peak=soft
2026-09-23T03:18:50.877Z CTX label=laborer_worker#5 childId=06cf8d43-bf44-44cf-b9d4-f7b13580874e tok=127238 base=14505 window=215040 pct=0.5917 peak=soft
2026-09-23T03:18:51.878Z CTX label=laborer_worker#5 childId=06cf8d43-bf44-44cf-b9d4-f7b13580874e tok=127303 base=14505 window=215040 pct=0.5920 peak=soft
2026-09-23T03:18:52.879Z CTX label=laborer_worker#5 childId=06cf8d43-bf44-44cf-b9d4-f7b13580874e tok=127389 base=14505 window=215040 pct=0.5924 peak=soft
2026-09-23T03:18:53.881Z CTX label=laborer_worker#5 childId=06cf8d43-bf44-44cf-b9d4-f7b13580874e tok=127474 base=14505 window=215040 pct=0.5928 peak=soft
2026-09-23T03:18:54.881Z CTX label=laborer_worker#5 childId=06cf8d43-bf44-44cf-b9d4-f7b13580874e tok=127527 base=14505 window=215040 pct=0.5930 peak=soft
2026-09-23T03:18:55.883Z CTX label=laborer_worker#5 childId=06cf8d43-bf44-44cf-b9d4-f7b13580874e tok=127594 base=14505 window=215040 pct=0.5934 peak=soft
2026-09-23T03:18:56.882Z CTX label=laborer_worker#5 childId=06cf8d43-bf44-44cf-b9d4-f7b13580874e tok=128202 base=14505 window=215040 pct=0.5962 peak=soft
2026-09-23T03:18:57.884Z CTX label=laborer_worker#5 childId=06cf8d43-bf44-44cf-b9d4-f7b13580874e tok=128202 base=14505 window=215040 pct=0.5962 peak=soft
2026-09-23T03:18:58.884Z CTX label=laborer_worker#5 childId=06cf8d43-bf44-44cf-b9d4-f7b13580874e tok=128212 base=14505 window=215040 pct=0.5962 peak=soft
2026-09-23T03:18:59.883Z CTX label=laborer_worker#5 childId=06cf8d43-bf44-44cf-b9d4-f7b13580874e tok=128308 base=14505 window=215040 pct=0.5967 peak=soft
2026-09-23T03:19:00.885Z CTX label=laborer_worker#5 childId=06cf8d43-bf44-44cf-b9d4-f7b13580874e tok=128386 base=14505 window=215040 pct=0.5970 peak=soft
2026-09-23T03:19:01.886Z CTX label=laborer_worker#5 childId=06cf8d43-bf44-44cf-b9d4-f7b13580874e tok=128673 base=14505 window=215040 pct=0.5984 peak=soft
2026-09-23T03:19:02.887Z CTX label=laborer_worker#5 childId=06cf8d43-bf44-44cf-b9d4-f7b13580874e tok=128673 base=14505 window=215040 pct=0.5984 peak=soft
2026-09-23T03:19:03.887Z CTX label=laborer_worker#5 childId=06cf8d43-bf44-44cf-b9d4-f7b13580874e tok=128677 base=14505 window=215040 pct=0.5984 peak=soft
2026-09-23T03:19:04.887Z CTX label=laborer_worker#5 childId=06cf8d43-bf44-44cf-b9d4-f7b13580874e tok=128758 base=14505 window=215040 pct=0.5988 peak=soft
2026-09-23T03:19:05.890Z CTX label=laborer_worker#5 childId=06cf8d43-bf44-44cf-b9d4-f7b13580874e tok=128798 base=14505 window=215040 pct=0.5989 peak=soft
2026-09-23T03:19:06.890Z CTX label=laborer_worker#5 childId=06cf8d43-bf44-44cf-b9d4-f7b13580874e tok=129035 base=14505 window=215040 pct=0.6001 peak=soft
2026-09-23T03:19:06.891Z ACT firm cancel+steer tok=129035 t=129024
2026-09-23T03:19:07.891Z CTX label=laborer_worker#5 childId=06cf8d43-bf44-44cf-b9d4-f7b13580874e tok=129088 base=14505 window=215040 pct=0.6003 peak=firm
2026-09-23T03:19:08.891Z CTX label=laborer_worker#5 childId=06cf8d43-bf44-44cf-b9d4-f7b13580874e tok=129088 base=14505 window=215040 pct=0.6003 peak=firm
2026-09-23T03:19:09.893Z CTX label=laborer_worker#5 childId=06cf8d43-bf44-44cf-b9d4-f7b13580874e tok=129088 base=14505 window=215040 pct=0.6003 peak=firm
2026-09-23T03:19:10.892Z CTX label=laborer_worker#5 childId=06cf8d43-bf44-44cf-b9d4-f7b13580874e tok=129147 base=14505 window=215040 pct=0.6006 peak=firm
2026-09-23T03:19:11.892Z CTX label=laborer_worker#5 childId=06cf8d43-bf44-44cf-b9d4-f7b13580874e tok=129245 base=14505 window=215040 pct=0.6010 peak=firm
2026-09-23T03:19:12.894Z CTX label=laborer_worker#5 childId=06cf8d43-bf44-44cf-b9d4-f7b13580874e tok=129302 base=14505 window=215040 pct=0.6013 peak=firm
2026-09-23T03:19:13.896Z CTX label=laborer_worker#5 childId=06cf8d43-bf44-44cf-b9d4-f7b13580874e tok=129382 base=14505 window=215040 pct=0.6017 peak=firm
2026-09-23T03:19:14.897Z CTX label=laborer_worker#5 childId=06cf8d43-bf44-44cf-b9d4-f7b13580874e tok=129496 base=14505 window=215040 pct=0.6022 peak=firm
2026-09-23T03:19:15.898Z CTX label=laborer_worker#5 childId=06cf8d43-bf44-44cf-b9d4-f7b13580874e tok=129496 base=14505 window=215040 pct=0.6022 peak=firm
2026-09-23T03:19:16.898Z CTX label=laborer_worker#5 childId=06cf8d43-bf44-44cf-b9d4-f7b13580874e tok=129526 base=14505 window=215040 pct=0.6023 peak=firm
2026-09-23T03:19:17.900Z CTX label=laborer_worker#5 childId=06cf8d43-bf44-44cf-b9d4-f7b13580874e tok=129592 base=14505 window=215040 pct=0.6026 peak=firm
2026-09-23T03:19:18.900Z CTX label=laborer_worker#5 childId=06cf8d43-bf44-44cf-b9d4-f7b13580874e tok=129608 base=14505 window=215040 pct=0.6027 peak=firm
2026-09-23T03:19:19.902Z CTX label=laborer_worker#5 childId=06cf8d43-bf44-44cf-b9d4-f7b13580874e tok=129608 base=14505 window=215040 pct=0.6027 peak=firm
2026-09-23T03:19:20.902Z CTX label=laborer_worker#5 childId=06cf8d43-bf44-44cf-b9d4-f7b13580874e tok=129609 base=14505 window=215040 pct=0.6027 peak=firm
2026-09-23T03:19:21.902Z CTX label=laborer_worker#5 childId=06cf8d43-bf44-44cf-b9d4-f7b13580874e tok=129709 base=14505 window=215040 pct=0.6032 peak=firm
2026-09-23T03:19:22.903Z CTX label=laborer_worker#5 childId=06cf8d43-bf44-44cf-b9d4-f7b13580874e tok=129808 base=14505 window=215040 pct=0.6036 peak=firm
2026-09-23T03:19:23.905Z CTX label=laborer_worker#5 childId=06cf8d43-bf44-44cf-b9d4-f7b13580874e tok=129850 base=14505 window=215040 pct=0.6038 peak=firm
2026-09-23T03:19:24.905Z CTX label=laborer_worker#5 childId=06cf8d43-bf44-44cf-b9d4-f7b13580874e tok=129878 base=14505 window=215040 pct=0.6040 peak=firm
2026-09-23T03:19:25.906Z CTX label=laborer_worker#5 childId=06cf8d43-bf44-44cf-b9d4-f7b13580874e tok=129878 base=14505 window=215040 pct=0.6040 peak=firm
2026-09-23T03:19:26.909Z CTX label=laborer_worker#5 childId=06cf8d43-bf44-44cf-b9d4-f7b13580874e tok=129878 base=14505 window=215040 pct=0.6040 peak=firm
2026-09-23T03:19:27.911Z CTX label=laborer_worker#5 childId=06cf8d43-bf44-44cf-b9d4-f7b13580874e tok=129878 base=14505 window=215040 pct=0.6040 peak=firm
2026-09-23T03:19:28.910Z CTX label=laborer_worker#5 childId=06cf8d43-bf44-44cf-b9d4-f7b13580874e tok=129878 base=14505 window=215040 pct=0.6040 peak=firm
2026-09-23T03:19:29.911Z CTX label=laborer_worker#5 childId=06cf8d43-bf44-44cf-b9d4-f7b13580874e tok=129878 base=14505 window=215040 pct=0.6040 peak=firm
2026-09-23T03:19:30.912Z CTX label=laborer_worker#5 childId=06cf8d43-bf44-44cf-b9d4-f7b13580874e tok=129878 base=14505 window=215040 pct=0.6040 peak=firm
2026-09-23T03:19:31.912Z CTX label=laborer_worker#5 childId=06cf8d43-bf44-44cf-b9d4-f7b13580874e tok=129878 base=14505 window=215040 pct=0.6040 peak=firm
2026-09-23T03:19:32.914Z CTX label=laborer_worker#5 childId=06cf8d43-bf44-44cf-b9d4-f7b13580874e tok=129878 base=14505 window=215040 pct=0.6040 peak=firm
2026-09-23T03:19:33.915Z CTX label=laborer_worker#5 childId=06cf8d43-bf44-44cf-b9d4-f7b13580874e tok=129878 base=14505 window=215040 pct=0.6040 peak=firm
2026-09-23T03:19:34.914Z CTX label=laborer_worker#5 childId=06cf8d43-bf44-44cf-b9d4-f7b13580874e tok=129878 base=14505 window=215040 pct=0.6040 peak=firm
2026-09-23T03:19:35.916Z CTX label=laborer_worker#5 childId=06cf8d43-bf44-44cf-b9d4-f7b13580874e tok=129878 base=14505 window=215040 pct=0.6040 peak=firm
2026-09-23T03:19:36.916Z CTX label=laborer_worker#5 childId=06cf8d43-bf44-44cf-b9d4-f7b13580874e tok=129878 base=14505 window=215040 pct=0.6040 peak=firm
2026-09-23T03:19:37.917Z CTX label=laborer_worker#5 childId=06cf8d43-bf44-44cf-b9d4-f7b13580874e tok=129878 base=14505 window=215040 pct=0.6040 peak=firm
2026-09-23T03:19:38.916Z CTX label=laborer_worker#5 childId=06cf8d43-bf44-44cf-b9d4-f7b13580874e tok=129878 base=14505 window=215040 pct=0.6040 peak=firm
2026-09-23T03:19:39.917Z CTX label=laborer_worker#5 childId=06cf8d43-bf44-44cf-b9d4-f7b13580874e tok=130481 base=14505 window=215040 pct=0.6068 peak=firm
2026-09-23T03:19:40.920Z CTX label=laborer_worker#5 childId=06cf8d43-bf44-44cf-b9d4-f7b13580874e tok=130481 base=14505 window=215040 pct=0.6068 peak=firm
2026-09-23T03:19:41.919Z CTX label=laborer_worker#5 childId=06cf8d43-bf44-44cf-b9d4-f7b13580874e tok=130500 base=14505 window=215040 pct=0.6069 peak=firm
2026-09-23T03:19:42.920Z CTX label=laborer_worker#5 childId=06cf8d43-bf44-44cf-b9d4-f7b13580874e tok=130578 base=14505 window=215040 pct=0.6072 peak=firm
2026-09-23T03:19:43.922Z CTX label=laborer_worker#5 childId=06cf8d43-bf44-44cf-b9d4-f7b13580874e tok=130578 base=14505 window=215040 pct=0.6072 peak=firm
2026-09-23T03:19:44.925Z CTX label=laborer_worker#5 childId=06cf8d43-bf44-44cf-b9d4-f7b13580874e tok=131440 base=14505 window=215040 pct=0.6112 peak=firm
2026-09-23T03:19:45.924Z CTX label=laborer_worker#5 childId=06cf8d43-bf44-44cf-b9d4-f7b13580874e tok=131440 base=14505 window=215040 pct=0.6112 peak=firm
2026-09-23T03:19:46.924Z CTX label=laborer_worker#5 childId=06cf8d43-bf44-44cf-b9d4-f7b13580874e tok=131497 base=14505 window=215040 pct=0.6115 peak=firm
2026-09-23T03:19:47.926Z CTX label=laborer_worker#5 childId=06cf8d43-bf44-44cf-b9d4-f7b13580874e tok=131627 base=14505 window=215040 pct=0.6121 peak=firm
2026-09-23T03:19:48.925Z CTX label=laborer_worker#5 childId=06cf8d43-bf44-44cf-b9d4-f7b13580874e tok=131681 base=14505 window=215040 pct=0.6124 peak=firm
2026-09-23T03:19:49.925Z CTX label=laborer_worker#5 childId=06cf8d43-bf44-44cf-b9d4-f7b13580874e tok=131918 base=14505 window=215040 pct=0.6135 peak=firm
2026-09-23T03:19:50.927Z CTX label=laborer_worker#5 childId=06cf8d43-bf44-44cf-b9d4-f7b13580874e tok=131972 base=14505 window=215040 pct=0.6137 peak=firm
2026-09-23T03:19:51.928Z CTX label=laborer_worker#5 childId=06cf8d43-bf44-44cf-b9d4-f7b13580874e tok=131972 base=14505 window=215040 pct=0.6137 peak=firm
2026-09-23T03:19:52.927Z CTX label=laborer_worker#5 childId=06cf8d43-bf44-44cf-b9d4-f7b13580874e tok=132081 base=14505 window=215040 pct=0.6142 peak=firm
2026-09-23T03:19:53.928Z CTX label=laborer_worker#5 childId=06cf8d43-bf44-44cf-b9d4-f7b13580874e tok=132177 base=14505 window=215040 pct=0.6147 peak=firm
2026-09-23T03:19:54.928Z CTX label=laborer_worker#5 childId=06cf8d43-bf44-44cf-b9d4-f7b13580874e tok=132270 base=14505 window=215040 pct=0.6151 peak=firm
2026-09-23T03:19:55.929Z CTX label=laborer_worker#5 childId=06cf8d43-bf44-44cf-b9d4-f7b13580874e tok=132355 base=14505 window=215040 pct=0.6155 peak=firm
2026-09-23T03:19:56.931Z CTX label=laborer_worker#5 childId=06cf8d43-bf44-44cf-b9d4-f7b13580874e tok=132455 base=14505 window=215040 pct=0.6160 peak=firm
2026-09-23T03:19:57.932Z CTX label=laborer_worker#5 childId=06cf8d43-bf44-44cf-b9d4-f7b13580874e tok=132552 base=14505 window=215040 pct=0.6164 peak=firm
2026-09-23T03:19:58.931Z CTX label=laborer_worker#5 childId=06cf8d43-bf44-44cf-b9d4-f7b13580874e tok=132611 base=14505 window=215040 pct=0.6167 peak=firm
2026-09-23T03:19:59.932Z CTX label=laborer_worker#5 childId=06cf8d43-bf44-44cf-b9d4-f7b13580874e tok=132682 base=14505 window=215040 pct=0.6170 peak=firm
2026-09-23T03:20:00.874Z WF-END meta=gvs-solve childId=06cf8d43-bf44-44cf-b9d4-f7b13580874e outcome=completed
2026-09-23T03:20:00.874Z END label=laborer_worker#5 childId=06cf8d43-bf44-44cf-b9d4-f7b13580874e peak=firm base=14505
2026-09-23T03:20:00.968Z START meta=gvs-solve label=check_worker#5 phase=solve childId=a3e6b696-5aef-42a4-b1e1-d9aeca12b045
2026-09-23T03:20:00.968Z GOT agent=true status=running label=check_worker#5 sess=a3e6b696-5aef-42a4-b1e1-d9aeca12b045
2026-09-23T03:20:00.968Z CHECK-INJECT grade=moderate
2026-09-23T03:20:56.229Z WF-END meta=gvs-solve childId=a3e6b696-5aef-42a4-b1e1-d9aeca12b045 outcome=completed
2026-09-23T03:20:56.322Z START meta=gvs-solve label=decision_manager#6 phase=solve childId=e91c13c0-88cb-4d51-aba5-fa18b03d13a2
2026-09-23T03:20:56.323Z GOT agent=true status=running label=decision_manager#6 sess=e91c13c0-88cb-4d51-aba5-fa18b03d13a2
2026-09-23T03:22:06.574Z WF-END meta=gvs-solve childId=e91c13c0-88cb-4d51-aba5-fa18b03d13a2 outcome=completed
2026-09-23T03:22:06.663Z START meta=gvs-solve label=laborer_worker#6 phase=solve childId=46367206-155c-442a-a219-c5f6429fd589
2026-09-23T03:22:06.663Z GOT agent=true status=running label=laborer_worker#6 sess=46367206-155c-442a-a219-c5f6429fd589
2026-09-23T03:22:06.664Z CTX label=laborer_worker#6 childId=46367206-155c-442a-a219-c5f6429fd589 tok=0 base=0 window=0 pct=0.0000 peak=none
2026-09-23T03:22:07.665Z CTX label=laborer_worker#6 childId=46367206-155c-442a-a219-c5f6429fd589 tok=14547 base=0 window=215040 pct=0.0676 peak=none
2026-09-23T03:22:07.665Z BASE label=laborer_worker#6 childId=46367206-155c-442a-a219-c5f6429fd589 base=14547 window=215040
2026-09-23T03:22:08.664Z CTX label=laborer_worker#6 childId=46367206-155c-442a-a219-c5f6429fd589 tok=14547 base=14547 window=215040 pct=0.0676 peak=none
2026-09-23T03:22:09.666Z CTX label=laborer_worker#6 childId=46367206-155c-442a-a219-c5f6429fd589 tok=14547 base=14547 window=215040 pct=0.0676 peak=none
2026-09-23T03:22:10.667Z CTX label=laborer_worker#6 childId=46367206-155c-442a-a219-c5f6429fd589 tok=14547 base=14547 window=215040 pct=0.0676 peak=none
2026-09-23T03:22:11.665Z CTX label=laborer_worker#6 childId=46367206-155c-442a-a219-c5f6429fd589 tok=14547 base=14547 window=215040 pct=0.0676 peak=none
2026-09-23T03:22:12.666Z CTX label=laborer_worker#6 childId=46367206-155c-442a-a219-c5f6429fd589 tok=14578 base=14547 window=215040 pct=0.0678 peak=none
2026-09-23T03:22:13.665Z CTX label=laborer_worker#6 childId=46367206-155c-442a-a219-c5f6429fd589 tok=17876 base=14547 window=215040 pct=0.0831 peak=none
2026-09-23T03:22:14.667Z CTX label=laborer_worker#6 childId=46367206-155c-442a-a219-c5f6429fd589 tok=17876 base=14547 window=215040 pct=0.0831 peak=none
2026-09-23T03:22:15.670Z CTX label=laborer_worker#6 childId=46367206-155c-442a-a219-c5f6429fd589 tok=17926 base=14547 window=215040 pct=0.0834 peak=none
2026-09-23T03:22:16.671Z CTX label=laborer_worker#6 childId=46367206-155c-442a-a219-c5f6429fd589 tok=18763 base=14547 window=215040 pct=0.0873 peak=none
2026-09-23T03:22:17.671Z CTX label=laborer_worker#6 childId=46367206-155c-442a-a219-c5f6429fd589 tok=20392 base=14547 window=215040 pct=0.0948 peak=none
2026-09-23T03:22:18.671Z CTX label=laborer_worker#6 childId=46367206-155c-442a-a219-c5f6429fd589 tok=20392 base=14547 window=215040 pct=0.0948 peak=none
2026-09-23T03:22:19.671Z CTX label=laborer_worker#6 childId=46367206-155c-442a-a219-c5f6429fd589 tok=20392 base=14547 window=215040 pct=0.0948 peak=none
2026-09-23T03:22:20.675Z CTX label=laborer_worker#6 childId=46367206-155c-442a-a219-c5f6429fd589 tok=20442 base=14547 window=215040 pct=0.0951 peak=none
2026-09-23T03:22:21.674Z CTX label=laborer_worker#6 childId=46367206-155c-442a-a219-c5f6429fd589 tok=20501 base=14547 window=215040 pct=0.0953 peak=none
2026-09-23T03:22:22.675Z CTX label=laborer_worker#6 childId=46367206-155c-442a-a219-c5f6429fd589 tok=23213 base=14547 window=215040 pct=0.1079 peak=none
2026-09-23T03:22:23.674Z CTX label=laborer_worker#6 childId=46367206-155c-442a-a219-c5f6429fd589 tok=23309 base=14547 window=215040 pct=0.1084 peak=none
2026-09-23T03:22:24.675Z CTX label=laborer_worker#6 childId=46367206-155c-442a-a219-c5f6429fd589 tok=23423 base=14547 window=215040 pct=0.1089 peak=none
2026-09-23T03:22:25.674Z CTX label=laborer_worker#6 childId=46367206-155c-442a-a219-c5f6429fd589 tok=23553 base=14547 window=215040 pct=0.1095 peak=none
2026-09-23T03:22:26.675Z CTX label=laborer_worker#6 childId=46367206-155c-442a-a219-c5f6429fd589 tok=23668 base=14547 window=215040 pct=0.1101 peak=none
2026-09-23T03:22:27.675Z CTX label=laborer_worker#6 childId=46367206-155c-442a-a219-c5f6429fd589 tok=25375 base=14547 window=215040 pct=0.1180 peak=none
2026-09-23T03:22:28.676Z CTX label=laborer_worker#6 childId=46367206-155c-442a-a219-c5f6429fd589 tok=25375 base=14547 window=215040 pct=0.1180 peak=none
2026-09-23T03:22:29.677Z CTX label=laborer_worker#6 childId=46367206-155c-442a-a219-c5f6429fd589 tok=25452 base=14547 window=215040 pct=0.1184 peak=none
2026-09-23T03:22:30.678Z CTX label=laborer_worker#6 childId=46367206-155c-442a-a219-c5f6429fd589 tok=25590 base=14547 window=215040 pct=0.1190 peak=none
2026-09-23T03:22:31.679Z CTX label=laborer_worker#6 childId=46367206-155c-442a-a219-c5f6429fd589 tok=25689 base=14547 window=215040 pct=0.1195 peak=none
2026-09-23T03:22:32.679Z CTX label=laborer_worker#6 childId=46367206-155c-442a-a219-c5f6429fd589 tok=25791 base=14547 window=215040 pct=0.1199 peak=none
2026-09-23T03:22:33.680Z CTX label=laborer_worker#6 childId=46367206-155c-442a-a219-c5f6429fd589 tok=25873 base=14547 window=215040 pct=0.1203 peak=none
2026-09-23T03:22:34.682Z CTX label=laborer_worker#6 childId=46367206-155c-442a-a219-c5f6429fd589 tok=25987 base=14547 window=215040 pct=0.1208 peak=none
2026-09-23T03:22:35.682Z CTX label=laborer_worker#6 childId=46367206-155c-442a-a219-c5f6429fd589 tok=26094 base=14547 window=215040 pct=0.1213 peak=none
2026-09-23T03:22:36.682Z CTX label=laborer_worker#6 childId=46367206-155c-442a-a219-c5f6429fd589 tok=26207 base=14547 window=215040 pct=0.1219 peak=none
2026-09-23T03:22:37.684Z CTX label=laborer_worker#6 childId=46367206-155c-442a-a219-c5f6429fd589 tok=26308 base=14547 window=215040 pct=0.1223 peak=none
2026-09-23T03:22:38.684Z CTX label=laborer_worker#6 childId=46367206-155c-442a-a219-c5f6429fd589 tok=26380 base=14547 window=215040 pct=0.1227 peak=none
2026-09-23T03:22:39.685Z CTX label=laborer_worker#6 childId=46367206-155c-442a-a219-c5f6429fd589 tok=26412 base=14547 window=215040 pct=0.1228 peak=none
2026-09-23T03:22:40.686Z CTX label=laborer_worker#6 childId=46367206-155c-442a-a219-c5f6429fd589 tok=26412 base=14547 window=215040 pct=0.1228 peak=none
2026-09-23T03:22:41.686Z CTX label=laborer_worker#6 childId=46367206-155c-442a-a219-c5f6429fd589 tok=26412 base=14547 window=215040 pct=0.1228 peak=none
2026-09-23T03:22:42.687Z CTX label=laborer_worker#6 childId=46367206-155c-442a-a219-c5f6429fd589 tok=26412 base=14547 window=215040 pct=0.1228 peak=none
2026-09-23T03:22:43.689Z CTX label=laborer_worker#6 childId=46367206-155c-442a-a219-c5f6429fd589 tok=26412 base=14547 window=215040 pct=0.1228 peak=none
2026-09-23T03:22:44.687Z CTX label=laborer_worker#6 childId=46367206-155c-442a-a219-c5f6429fd589 tok=26412 base=14547 window=215040 pct=0.1228 peak=none
2026-09-23T03:22:45.689Z CTX label=laborer_worker#6 childId=46367206-155c-442a-a219-c5f6429fd589 tok=26412 base=14547 window=215040 pct=0.1228 peak=none
2026-09-23T03:22:46.691Z CTX label=laborer_worker#6 childId=46367206-155c-442a-a219-c5f6429fd589 tok=26412 base=14547 window=215040 pct=0.1228 peak=none
2026-09-23T03:22:47.692Z CTX label=laborer_worker#6 childId=46367206-155c-442a-a219-c5f6429fd589 tok=26412 base=14547 window=215040 pct=0.1228 peak=none
2026-09-23T03:22:48.693Z CTX label=laborer_worker#6 childId=46367206-155c-442a-a219-c5f6429fd589 tok=26412 base=14547 window=215040 pct=0.1228 peak=none
2026-09-23T03:22:49.692Z CTX label=laborer_worker#6 childId=46367206-155c-442a-a219-c5f6429fd589 tok=26412 base=14547 window=215040 pct=0.1228 peak=none
2026-09-23T03:22:50.694Z CTX label=laborer_worker#6 childId=46367206-155c-442a-a219-c5f6429fd589 tok=26412 base=14547 window=215040 pct=0.1228 peak=none
2026-09-23T03:22:51.695Z CTX label=laborer_worker#6 childId=46367206-155c-442a-a219-c5f6429fd589 tok=26412 base=14547 window=215040 pct=0.1228 peak=none
2026-09-23T03:22:52.696Z CTX label=laborer_worker#6 childId=46367206-155c-442a-a219-c5f6429fd589 tok=26412 base=14547 window=215040 pct=0.1228 peak=none
2026-09-23T03:22:53.695Z CTX label=laborer_worker#6 childId=46367206-155c-442a-a219-c5f6429fd589 tok=26412 base=14547 window=215040 pct=0.1228 peak=none
2026-09-23T03:22:54.695Z CTX label=laborer_worker#6 childId=46367206-155c-442a-a219-c5f6429fd589 tok=27937 base=14547 window=215040 pct=0.1299 peak=none
2026-09-23T03:22:55.697Z CTX label=laborer_worker#6 childId=46367206-155c-442a-a219-c5f6429fd589 tok=27983 base=14547 window=215040 pct=0.1301 peak=none
2026-09-23T03:22:56.697Z CTX label=laborer_worker#6 childId=46367206-155c-442a-a219-c5f6429fd589 tok=29136 base=14547 window=215040 pct=0.1355 peak=none
2026-09-23T03:22:57.698Z CTX label=laborer_worker#6 childId=46367206-155c-442a-a219-c5f6429fd589 tok=29205 base=14547 window=215040 pct=0.1358 peak=none
2026-09-23T03:22:58.699Z CTX label=laborer_worker#6 childId=46367206-155c-442a-a219-c5f6429fd589 tok=29454 base=14547 window=215040 pct=0.1370 peak=none
2026-09-23T03:22:59.700Z CTX label=laborer_worker#6 childId=46367206-155c-442a-a219-c5f6429fd589 tok=29551 base=14547 window=215040 pct=0.1374 peak=none
2026-09-23T03:23:00.705Z CTX label=laborer_worker#6 childId=46367206-155c-442a-a219-c5f6429fd589 tok=29608 base=14547 window=215040 pct=0.1377 peak=none
2026-09-23T03:23:01.702Z CTX label=laborer_worker#6 childId=46367206-155c-442a-a219-c5f6429fd589 tok=29636 base=14547 window=215040 pct=0.1378 peak=none
2026-09-23T03:23:02.703Z CTX label=laborer_worker#6 childId=46367206-155c-442a-a219-c5f6429fd589 tok=29636 base=14547 window=215040 pct=0.1378 peak=none
2026-09-23T03:23:03.703Z CTX label=laborer_worker#6 childId=46367206-155c-442a-a219-c5f6429fd589 tok=29636 base=14547 window=215040 pct=0.1378 peak=none
2026-09-23T03:23:04.706Z CTX label=laborer_worker#6 childId=46367206-155c-442a-a219-c5f6429fd589 tok=29636 base=14547 window=215040 pct=0.1378 peak=none
2026-09-23T03:23:05.706Z CTX label=laborer_worker#6 childId=46367206-155c-442a-a219-c5f6429fd589 tok=29636 base=14547 window=215040 pct=0.1378 peak=none
2026-09-23T03:23:06.707Z CTX label=laborer_worker#6 childId=46367206-155c-442a-a219-c5f6429fd589 tok=30067 base=14547 window=215040 pct=0.1398 peak=none
2026-09-23T03:23:07.709Z CTX label=laborer_worker#6 childId=46367206-155c-442a-a219-c5f6429fd589 tok=30580 base=14547 window=215040 pct=0.1422 peak=none
2026-09-23T03:23:08.709Z CTX label=laborer_worker#6 childId=46367206-155c-442a-a219-c5f6429fd589 tok=30758 base=14547 window=215040 pct=0.1430 peak=none
2026-09-23T03:23:09.710Z CTX label=laborer_worker#6 childId=46367206-155c-442a-a219-c5f6429fd589 tok=30924 base=14547 window=215040 pct=0.1438 peak=none
2026-09-23T03:23:10.616Z WF-END meta=gvs-solve childId=46367206-155c-442a-a219-c5f6429fd589 outcome=completed
2026-09-23T03:23:10.616Z END label=laborer_worker#6 childId=46367206-155c-442a-a219-c5f6429fd589 peak=none base=14547
2026-09-23T03:23:10.703Z START meta=gvs-solve label=check_worker#6 phase=solve childId=79632105-d5d4-46af-91cc-04f22f957cdd
2026-09-23T03:23:10.703Z GOT agent=true status=running label=check_worker#6 sess=79632105-d5d4-46af-91cc-04f22f957cdd
2026-09-23T03:23:10.704Z CHECK-INJECT grade=none
2026-09-23T03:24:02.617Z WF-END meta=gvs-solve childId=79632105-d5d4-46af-91cc-04f22f957cdd outcome=completed
2026-09-23T03:24:02.726Z START meta=gvs-solve label=decision_manager#7 phase=solve childId=d123dacb-da63-4f2c-8d84-b8d2317abb49
2026-09-23T03:24:02.726Z GOT agent=true status=running label=decision_manager#7 sess=d123dacb-da63-4f2c-8d84-b8d2317abb49
2026-09-23T03:24:45.445Z WF-END meta=gvs-solve childId=d123dacb-da63-4f2c-8d84-b8d2317abb49 outcome=completed
2026-09-23T03:24:45.549Z START meta=gvs-solve label=history_worker phase=wrap childId=6ece23ac-bc10-4396-855e-957c7a37bd9e
2026-09-23T03:24:45.549Z GOT agent=true status=running label=history_worker sess=6ece23ac-bc10-4396-855e-957c7a37bd9e
2026-09-23T03:25:31.944Z WF-END meta=gvs-solve childId=6ece23ac-bc10-4396-855e-957c7a37bd9e outcome=completed
2026-09-23T03:28:14.918Z WF-START name=gvs-solve id=96c28e0c-e608-4d39-950f-decdd180063a
2026-09-23T03:28:15.047Z START meta=gvs-solve label=predominant_manager phase=plan childId=f7bec19e-676f-49da-a1b6-4904c030fd6b
2026-09-23T03:28:15.047Z GOT agent=true status=running label=predominant_manager sess=f7bec19e-676f-49da-a1b6-4904c030fd6b
2026-09-23T03:32:42.737Z WF-END meta=gvs-solve childId=f7bec19e-676f-49da-a1b6-4904c030fd6b outcome=completed
2026-09-23T03:32:42.824Z START meta=gvs-solve label=decision_manager phase=solve childId=86b661c3-2445-48f4-a4da-389d78869b7a
2026-09-23T03:32:42.824Z GOT agent=true status=running label=decision_manager sess=86b661c3-2445-48f4-a4da-389d78869b7a
2026-09-23T03:33:11.570Z WF-END meta=gvs-solve childId=86b661c3-2445-48f4-a4da-389d78869b7a outcome=completed
2026-09-23T03:33:11.663Z START meta=gvs-solve label=laborer_worker phase=solve childId=a1b7b529-980a-4fe9-b334-cf5ff93e109c
2026-09-23T03:33:11.663Z GOT agent=true status=running label=laborer_worker sess=a1b7b529-980a-4fe9-b334-cf5ff93e109c
2026-09-23T03:33:11.664Z CTX label=laborer_worker childId=a1b7b529-980a-4fe9-b334-cf5ff93e109c tok=0 base=0 window=0 pct=0.0000 peak=none
2026-09-23T03:33:12.667Z CTX label=laborer_worker childId=a1b7b529-980a-4fe9-b334-cf5ff93e109c tok=14218 base=0 window=215040 pct=0.0661 peak=none
2026-09-23T03:33:12.667Z BASE label=laborer_worker childId=a1b7b529-980a-4fe9-b334-cf5ff93e109c base=14218 window=215040
2026-09-23T03:33:13.667Z CTX label=laborer_worker childId=a1b7b529-980a-4fe9-b334-cf5ff93e109c tok=14218 base=14218 window=215040 pct=0.0661 peak=none
2026-09-23T03:33:14.667Z CTX label=laborer_worker childId=a1b7b529-980a-4fe9-b334-cf5ff93e109c tok=14218 base=14218 window=215040 pct=0.0661 peak=none
2026-09-23T03:33:15.668Z CTX label=laborer_worker childId=a1b7b529-980a-4fe9-b334-cf5ff93e109c tok=14218 base=14218 window=215040 pct=0.0661 peak=none
2026-09-23T03:33:16.668Z CTX label=laborer_worker childId=a1b7b529-980a-4fe9-b334-cf5ff93e109c tok=14218 base=14218 window=215040 pct=0.0661 peak=none
2026-09-23T03:33:17.669Z CTX label=laborer_worker childId=a1b7b529-980a-4fe9-b334-cf5ff93e109c tok=14236 base=14218 window=215040 pct=0.0662 peak=none
2026-09-23T03:33:18.670Z CTX label=laborer_worker childId=a1b7b529-980a-4fe9-b334-cf5ff93e109c tok=17195 base=14218 window=215040 pct=0.0800 peak=none
2026-09-23T03:33:19.671Z CTX label=laborer_worker childId=a1b7b529-980a-4fe9-b334-cf5ff93e109c tok=17209 base=14218 window=215040 pct=0.0800 peak=none
2026-09-23T03:33:20.671Z CTX label=laborer_worker childId=a1b7b529-980a-4fe9-b334-cf5ff93e109c tok=17279 base=14218 window=215040 pct=0.0804 peak=none
2026-09-23T03:33:21.672Z CTX label=laborer_worker childId=a1b7b529-980a-4fe9-b334-cf5ff93e109c tok=17387 base=14218 window=215040 pct=0.0809 peak=none
2026-09-23T03:33:22.671Z CTX label=laborer_worker childId=a1b7b529-980a-4fe9-b334-cf5ff93e109c tok=17518 base=14218 window=215040 pct=0.0815 peak=none
2026-09-23T03:33:23.672Z CTX label=laborer_worker childId=a1b7b529-980a-4fe9-b334-cf5ff93e109c tok=17568 base=14218 window=215040 pct=0.0817 peak=none
2026-09-23T03:33:24.673Z CTX label=laborer_worker childId=a1b7b529-980a-4fe9-b334-cf5ff93e109c tok=18315 base=14218 window=215040 pct=0.0852 peak=none
2026-09-23T03:33:25.674Z CTX label=laborer_worker childId=a1b7b529-980a-4fe9-b334-cf5ff93e109c tok=19688 base=14218 window=215040 pct=0.0916 peak=none
2026-09-23T03:33:26.675Z CTX label=laborer_worker childId=a1b7b529-980a-4fe9-b334-cf5ff93e109c tok=19688 base=14218 window=215040 pct=0.0916 peak=none
2026-09-23T03:33:27.676Z CTX label=laborer_worker childId=a1b7b529-980a-4fe9-b334-cf5ff93e109c tok=19718 base=14218 window=215040 pct=0.0917 peak=none
2026-09-23T03:33:28.677Z CTX label=laborer_worker childId=a1b7b529-980a-4fe9-b334-cf5ff93e109c tok=23215 base=14218 window=215040 pct=0.1080 peak=none
2026-09-23T03:33:29.678Z CTX label=laborer_worker childId=a1b7b529-980a-4fe9-b334-cf5ff93e109c tok=23215 base=14218 window=215040 pct=0.1080 peak=none
2026-09-23T03:33:30.680Z CTX label=laborer_worker childId=a1b7b529-980a-4fe9-b334-cf5ff93e109c tok=23215 base=14218 window=215040 pct=0.1080 peak=none
2026-09-23T03:33:31.679Z CTX label=laborer_worker childId=a1b7b529-980a-4fe9-b334-cf5ff93e109c tok=23264 base=14218 window=215040 pct=0.1082 peak=none
2026-09-23T03:33:32.681Z CTX label=laborer_worker childId=a1b7b529-980a-4fe9-b334-cf5ff93e109c tok=23349 base=14218 window=215040 pct=0.1086 peak=none
2026-09-23T03:33:33.681Z CTX label=laborer_worker childId=a1b7b529-980a-4fe9-b334-cf5ff93e109c tok=23420 base=14218 window=215040 pct=0.1089 peak=none
2026-09-23T03:33:34.681Z CTX label=laborer_worker childId=a1b7b529-980a-4fe9-b334-cf5ff93e109c tok=23521 base=14218 window=215040 pct=0.1094 peak=none
2026-09-23T03:33:35.682Z CTX label=laborer_worker childId=a1b7b529-980a-4fe9-b334-cf5ff93e109c tok=23631 base=14218 window=215040 pct=0.1099 peak=none
2026-09-23T03:33:36.684Z CTX label=laborer_worker childId=a1b7b529-980a-4fe9-b334-cf5ff93e109c tok=23721 base=14218 window=215040 pct=0.1103 peak=none
2026-09-23T03:33:37.684Z CTX label=laborer_worker childId=a1b7b529-980a-4fe9-b334-cf5ff93e109c tok=23813 base=14218 window=215040 pct=0.1107 peak=none
2026-09-23T03:33:38.685Z CTX label=laborer_worker childId=a1b7b529-980a-4fe9-b334-cf5ff93e109c tok=23904 base=14218 window=215040 pct=0.1112 peak=none
2026-09-23T03:33:39.685Z CTX label=laborer_worker childId=a1b7b529-980a-4fe9-b334-cf5ff93e109c tok=23996 base=14218 window=215040 pct=0.1116 peak=none
2026-09-23T03:33:40.686Z CTX label=laborer_worker childId=a1b7b529-980a-4fe9-b334-cf5ff93e109c tok=24089 base=14218 window=215040 pct=0.1120 peak=none
2026-09-23T03:33:41.687Z CTX label=laborer_worker childId=a1b7b529-980a-4fe9-b334-cf5ff93e109c tok=24199 base=14218 window=215040 pct=0.1125 peak=none
2026-09-23T03:33:42.687Z CTX label=laborer_worker childId=a1b7b529-980a-4fe9-b334-cf5ff93e109c tok=24292 base=14218 window=215040 pct=0.1130 peak=none
2026-09-23T03:33:43.689Z CTX label=laborer_worker childId=a1b7b529-980a-4fe9-b334-cf5ff93e109c tok=24383 base=14218 window=215040 pct=0.1134 peak=none
2026-09-23T03:33:44.690Z CTX label=laborer_worker childId=a1b7b529-980a-4fe9-b334-cf5ff93e109c tok=24461 base=14218 window=215040 pct=0.1138 peak=none
2026-09-23T03:33:45.690Z CTX label=laborer_worker childId=a1b7b529-980a-4fe9-b334-cf5ff93e109c tok=24542 base=14218 window=215040 pct=0.1141 peak=none
2026-09-23T03:33:46.691Z CTX label=laborer_worker childId=a1b7b529-980a-4fe9-b334-cf5ff93e109c tok=24628 base=14218 window=215040 pct=0.1145 peak=none
2026-09-23T03:33:47.691Z CTX label=laborer_worker childId=a1b7b529-980a-4fe9-b334-cf5ff93e109c tok=24687 base=14218 window=215040 pct=0.1148 peak=none
2026-09-23T03:33:48.691Z CTX label=laborer_worker childId=a1b7b529-980a-4fe9-b334-cf5ff93e109c tok=24742 base=14218 window=215040 pct=0.1151 peak=none
2026-09-23T03:33:49.692Z CTX label=laborer_worker childId=a1b7b529-980a-4fe9-b334-cf5ff93e109c tok=27584 base=14218 window=215040 pct=0.1283 peak=none
2026-09-23T03:33:50.694Z CTX label=laborer_worker childId=a1b7b529-980a-4fe9-b334-cf5ff93e109c tok=27638 base=14218 window=215040 pct=0.1285 peak=none
2026-09-23T03:33:51.693Z CTX label=laborer_worker childId=a1b7b529-980a-4fe9-b334-cf5ff93e109c tok=27757 base=14218 window=215040 pct=0.1291 peak=none
2026-09-23T03:33:52.695Z CTX label=laborer_worker childId=a1b7b529-980a-4fe9-b334-cf5ff93e109c tok=27892 base=14218 window=215040 pct=0.1297 peak=none
2026-09-23T03:33:53.695Z CTX label=laborer_worker childId=a1b7b529-980a-4fe9-b334-cf5ff93e109c tok=27988 base=14218 window=215040 pct=0.1302 peak=none
2026-09-23T03:33:54.697Z CTX label=laborer_worker childId=a1b7b529-980a-4fe9-b334-cf5ff93e109c tok=28068 base=14218 window=215040 pct=0.1305 peak=none
2026-09-23T03:33:55.698Z CTX label=laborer_worker childId=a1b7b529-980a-4fe9-b334-cf5ff93e109c tok=28178 base=14218 window=215040 pct=0.1310 peak=none
2026-09-23T03:33:56.698Z CTX label=laborer_worker childId=a1b7b529-980a-4fe9-b334-cf5ff93e109c tok=28299 base=14218 window=215040 pct=0.1316 peak=none
2026-09-23T03:33:57.699Z CTX label=laborer_worker childId=a1b7b529-980a-4fe9-b334-cf5ff93e109c tok=28406 base=14218 window=215040 pct=0.1321 peak=none
2026-09-23T03:33:58.699Z CTX label=laborer_worker childId=a1b7b529-980a-4fe9-b334-cf5ff93e109c tok=28490 base=14218 window=215040 pct=0.1325 peak=none
2026-09-23T03:33:59.701Z CTX label=laborer_worker childId=a1b7b529-980a-4fe9-b334-cf5ff93e109c tok=28582 base=14218 window=215040 pct=0.1329 peak=none
2026-09-23T03:34:00.701Z CTX label=laborer_worker childId=a1b7b529-980a-4fe9-b334-cf5ff93e109c tok=28670 base=14218 window=215040 pct=0.1333 peak=none
2026-09-23T03:34:01.703Z CTX label=laborer_worker childId=a1b7b529-980a-4fe9-b334-cf5ff93e109c tok=28728 base=14218 window=215040 pct=0.1336 peak=none
2026-09-23T03:34:02.705Z CTX label=laborer_worker childId=a1b7b529-980a-4fe9-b334-cf5ff93e109c tok=28826 base=14218 window=215040 pct=0.1340 peak=none
2026-09-23T03:34:03.706Z CTX label=laborer_worker childId=a1b7b529-980a-4fe9-b334-cf5ff93e109c tok=30375 base=14218 window=215040 pct=0.1413 peak=none
2026-09-23T03:34:04.709Z CTX label=laborer_worker childId=a1b7b529-980a-4fe9-b334-cf5ff93e109c tok=30438 base=14218 window=215040 pct=0.1415 peak=none
2026-09-23T03:34:05.707Z CTX label=laborer_worker childId=a1b7b529-980a-4fe9-b334-cf5ff93e109c tok=31389 base=14218 window=215040 pct=0.1460 peak=none
2026-09-23T03:34:06.707Z CTX label=laborer_worker childId=a1b7b529-980a-4fe9-b334-cf5ff93e109c tok=31612 base=14218 window=215040 pct=0.1470 peak=none
2026-09-23T03:34:07.709Z CTX label=laborer_worker childId=a1b7b529-980a-4fe9-b334-cf5ff93e109c tok=31715 base=14218 window=215040 pct=0.1475 peak=none
2026-09-23T03:34:08.709Z CTX label=laborer_worker childId=a1b7b529-980a-4fe9-b334-cf5ff93e109c tok=31841 base=14218 window=215040 pct=0.1481 peak=none
2026-09-23T03:34:09.710Z CTX label=laborer_worker childId=a1b7b529-980a-4fe9-b334-cf5ff93e109c tok=32025 base=14218 window=215040 pct=0.1489 peak=none
2026-09-23T03:34:10.713Z CTX label=laborer_worker childId=a1b7b529-980a-4fe9-b334-cf5ff93e109c tok=32085 base=14218 window=215040 pct=0.1492 peak=none
2026-09-23T03:34:11.713Z CTX label=laborer_worker childId=a1b7b529-980a-4fe9-b334-cf5ff93e109c tok=32428 base=14218 window=215040 pct=0.1508 peak=none
2026-09-23T03:34:12.714Z CTX label=laborer_worker childId=a1b7b529-980a-4fe9-b334-cf5ff93e109c tok=32523 base=14218 window=215040 pct=0.1512 peak=none
2026-09-23T03:34:13.716Z CTX label=laborer_worker childId=a1b7b529-980a-4fe9-b334-cf5ff93e109c tok=32639 base=14218 window=215040 pct=0.1518 peak=none
2026-09-23T03:34:14.717Z CTX label=laborer_worker childId=a1b7b529-980a-4fe9-b334-cf5ff93e109c tok=32761 base=14218 window=215040 pct=0.1523 peak=none
2026-09-23T03:34:15.718Z CTX label=laborer_worker childId=a1b7b529-980a-4fe9-b334-cf5ff93e109c tok=32829 base=14218 window=215040 pct=0.1527 peak=none
2026-09-23T03:34:16.718Z CTX label=laborer_worker childId=a1b7b529-980a-4fe9-b334-cf5ff93e109c tok=32905 base=14218 window=215040 pct=0.1530 peak=none
2026-09-23T03:34:17.718Z CTX label=laborer_worker childId=a1b7b529-980a-4fe9-b334-cf5ff93e109c tok=33016 base=14218 window=215040 pct=0.1535 peak=none
2026-09-23T03:34:18.719Z CTX label=laborer_worker childId=a1b7b529-980a-4fe9-b334-cf5ff93e109c tok=33114 base=14218 window=215040 pct=0.1540 peak=none
2026-09-23T03:34:19.722Z CTX label=laborer_worker childId=a1b7b529-980a-4fe9-b334-cf5ff93e109c tok=34548 base=14218 window=215040 pct=0.1607 peak=none
2026-09-23T03:34:20.722Z CTX label=laborer_worker childId=a1b7b529-980a-4fe9-b334-cf5ff93e109c tok=34548 base=14218 window=215040 pct=0.1607 peak=none
2026-09-23T03:34:21.722Z CTX label=laborer_worker childId=a1b7b529-980a-4fe9-b334-cf5ff93e109c tok=34659 base=14218 window=215040 pct=0.1612 peak=none
2026-09-23T03:34:22.723Z CTX label=laborer_worker childId=a1b7b529-980a-4fe9-b334-cf5ff93e109c tok=34734 base=14218 window=215040 pct=0.1615 peak=none
2026-09-23T03:34:23.724Z CTX label=laborer_worker childId=a1b7b529-980a-4fe9-b334-cf5ff93e109c tok=34734 base=14218 window=215040 pct=0.1615 peak=none
2026-09-23T03:34:24.725Z CTX label=laborer_worker childId=a1b7b529-980a-4fe9-b334-cf5ff93e109c tok=34734 base=14218 window=215040 pct=0.1615 peak=none
2026-09-23T03:34:25.728Z CTX label=laborer_worker childId=a1b7b529-980a-4fe9-b334-cf5ff93e109c tok=34734 base=14218 window=215040 pct=0.1615 peak=none
2026-09-23T03:34:26.728Z CTX label=laborer_worker childId=a1b7b529-980a-4fe9-b334-cf5ff93e109c tok=36012 base=14218 window=215040 pct=0.1675 peak=none
2026-09-23T03:34:27.729Z CTX label=laborer_worker childId=a1b7b529-980a-4fe9-b334-cf5ff93e109c tok=36081 base=14218 window=215040 pct=0.1678 peak=none
2026-09-23T03:34:28.729Z CTX label=laborer_worker childId=a1b7b529-980a-4fe9-b334-cf5ff93e109c tok=36252 base=14218 window=215040 pct=0.1686 peak=none
2026-09-23T03:34:29.730Z CTX label=laborer_worker childId=a1b7b529-980a-4fe9-b334-cf5ff93e109c tok=36252 base=14218 window=215040 pct=0.1686 peak=none
2026-09-23T03:34:30.731Z CTX label=laborer_worker childId=a1b7b529-980a-4fe9-b334-cf5ff93e109c tok=36252 base=14218 window=215040 pct=0.1686 peak=none
2026-09-23T03:34:31.732Z CTX label=laborer_worker childId=a1b7b529-980a-4fe9-b334-cf5ff93e109c tok=36252 base=14218 window=215040 pct=0.1686 peak=none
2026-09-23T03:34:32.733Z CTX label=laborer_worker childId=a1b7b529-980a-4fe9-b334-cf5ff93e109c tok=36252 base=14218 window=215040 pct=0.1686 peak=none
2026-09-23T03:34:33.735Z CTX label=laborer_worker childId=a1b7b529-980a-4fe9-b334-cf5ff93e109c tok=36252 base=14218 window=215040 pct=0.1686 peak=none
2026-09-23T03:34:34.735Z CTX label=laborer_worker childId=a1b7b529-980a-4fe9-b334-cf5ff93e109c tok=36252 base=14218 window=215040 pct=0.1686 peak=none
2026-09-23T03:34:35.736Z CTX label=laborer_worker childId=a1b7b529-980a-4fe9-b334-cf5ff93e109c tok=36252 base=14218 window=215040 pct=0.1686 peak=none
2026-09-23T03:34:36.737Z CTX label=laborer_worker childId=a1b7b529-980a-4fe9-b334-cf5ff93e109c tok=36252 base=14218 window=215040 pct=0.1686 peak=none
2026-09-23T03:34:37.738Z CTX label=laborer_worker childId=a1b7b529-980a-4fe9-b334-cf5ff93e109c tok=36252 base=14218 window=215040 pct=0.1686 peak=none
2026-09-23T03:34:38.740Z CTX label=laborer_worker childId=a1b7b529-980a-4fe9-b334-cf5ff93e109c tok=36252 base=14218 window=215040 pct=0.1686 peak=none
2026-09-23T03:34:39.741Z CTX label=laborer_worker childId=a1b7b529-980a-4fe9-b334-cf5ff93e109c tok=36252 base=14218 window=215040 pct=0.1686 peak=none
2026-09-23T03:34:40.741Z CTX label=laborer_worker childId=a1b7b529-980a-4fe9-b334-cf5ff93e109c tok=36346 base=14218 window=215040 pct=0.1690 peak=none
2026-09-23T03:34:41.743Z CTX label=laborer_worker childId=a1b7b529-980a-4fe9-b334-cf5ff93e109c tok=36435 base=14218 window=215040 pct=0.1694 peak=none
2026-09-23T03:34:42.744Z CTX label=laborer_worker childId=a1b7b529-980a-4fe9-b334-cf5ff93e109c tok=36480 base=14218 window=215040 pct=0.1696 peak=none
2026-09-23T03:34:43.745Z CTX label=laborer_worker childId=a1b7b529-980a-4fe9-b334-cf5ff93e109c tok=36754 base=14218 window=215040 pct=0.1709 peak=none
2026-09-23T03:34:44.745Z CTX label=laborer_worker childId=a1b7b529-980a-4fe9-b334-cf5ff93e109c tok=36849 base=14218 window=215040 pct=0.1714 peak=none
2026-09-23T03:34:45.747Z CTX label=laborer_worker childId=a1b7b529-980a-4fe9-b334-cf5ff93e109c tok=36972 base=14218 window=215040 pct=0.1719 peak=none
2026-09-23T03:34:46.749Z CTX label=laborer_worker childId=a1b7b529-980a-4fe9-b334-cf5ff93e109c tok=37108 base=14218 window=215040 pct=0.1726 peak=none
2026-09-23T03:34:47.750Z CTX label=laborer_worker childId=a1b7b529-980a-4fe9-b334-cf5ff93e109c tok=37433 base=14218 window=215040 pct=0.1741 peak=none
2026-09-23T03:34:48.751Z CTX label=laborer_worker childId=a1b7b529-980a-4fe9-b334-cf5ff93e109c tok=37433 base=14218 window=215040 pct=0.1741 peak=none
2026-09-23T03:34:49.750Z CTX label=laborer_worker childId=a1b7b529-980a-4fe9-b334-cf5ff93e109c tok=37433 base=14218 window=215040 pct=0.1741 peak=none
2026-09-23T03:34:50.751Z CTX label=laborer_worker childId=a1b7b529-980a-4fe9-b334-cf5ff93e109c tok=37479 base=14218 window=215040 pct=0.1743 peak=none
2026-09-23T03:34:51.751Z CTX label=laborer_worker childId=a1b7b529-980a-4fe9-b334-cf5ff93e109c tok=37610 base=14218 window=215040 pct=0.1749 peak=none
2026-09-23T03:34:52.753Z CTX label=laborer_worker childId=a1b7b529-980a-4fe9-b334-cf5ff93e109c tok=37696 base=14218 window=215040 pct=0.1753 peak=none
2026-09-23T03:34:53.754Z CTX label=laborer_worker childId=a1b7b529-980a-4fe9-b334-cf5ff93e109c tok=37787 base=14218 window=215040 pct=0.1757 peak=none
2026-09-23T03:34:54.755Z CTX label=laborer_worker childId=a1b7b529-980a-4fe9-b334-cf5ff93e109c tok=40612 base=14218 window=215040 pct=0.1889 peak=none
2026-09-23T03:34:55.756Z CTX label=laborer_worker childId=a1b7b529-980a-4fe9-b334-cf5ff93e109c tok=40612 base=14218 window=215040 pct=0.1889 peak=none
2026-09-23T03:34:56.757Z CTX label=laborer_worker childId=a1b7b529-980a-4fe9-b334-cf5ff93e109c tok=40698 base=14218 window=215040 pct=0.1893 peak=none
2026-09-23T03:34:57.757Z CTX label=laborer_worker childId=a1b7b529-980a-4fe9-b334-cf5ff93e109c tok=40808 base=14218 window=215040 pct=0.1898 peak=none
2026-09-23T03:34:58.758Z CTX label=laborer_worker childId=a1b7b529-980a-4fe9-b334-cf5ff93e109c tok=40868 base=14218 window=215040 pct=0.1900 peak=none
2026-09-23T03:34:59.759Z CTX label=laborer_worker childId=a1b7b529-980a-4fe9-b334-cf5ff93e109c tok=40868 base=14218 window=215040 pct=0.1900 peak=none
2026-09-23T03:35:00.760Z CTX label=laborer_worker childId=a1b7b529-980a-4fe9-b334-cf5ff93e109c tok=40868 base=14218 window=215040 pct=0.1900 peak=none
2026-09-23T03:35:01.762Z CTX label=laborer_worker childId=a1b7b529-980a-4fe9-b334-cf5ff93e109c tok=40868 base=14218 window=215040 pct=0.1900 peak=none
2026-09-23T03:35:02.762Z CTX label=laborer_worker childId=a1b7b529-980a-4fe9-b334-cf5ff93e109c tok=40868 base=14218 window=215040 pct=0.1900 peak=none
2026-09-23T03:35:03.763Z CTX label=laborer_worker childId=a1b7b529-980a-4fe9-b334-cf5ff93e109c tok=40868 base=14218 window=215040 pct=0.1900 peak=none
2026-09-23T03:35:04.765Z CTX label=laborer_worker childId=a1b7b529-980a-4fe9-b334-cf5ff93e109c tok=40868 base=14218 window=215040 pct=0.1900 peak=none
2026-09-23T03:35:05.766Z CTX label=laborer_worker childId=a1b7b529-980a-4fe9-b334-cf5ff93e109c tok=41603 base=14218 window=215040 pct=0.1935 peak=none
2026-09-23T03:35:06.766Z CTX label=laborer_worker childId=a1b7b529-980a-4fe9-b334-cf5ff93e109c tok=42152 base=14218 window=215040 pct=0.1960 peak=none
2026-09-23T03:35:07.767Z CTX label=laborer_worker childId=a1b7b529-980a-4fe9-b334-cf5ff93e109c tok=42278 base=14218 window=215040 pct=0.1966 peak=none
2026-09-23T03:35:08.768Z CTX label=laborer_worker childId=a1b7b529-980a-4fe9-b334-cf5ff93e109c tok=42306 base=14218 window=215040 pct=0.1967 peak=none
2026-09-23T03:35:09.769Z CTX label=laborer_worker childId=a1b7b529-980a-4fe9-b334-cf5ff93e109c tok=42306 base=14218 window=215040 pct=0.1967 peak=none
2026-09-23T03:35:10.770Z CTX label=laborer_worker childId=a1b7b529-980a-4fe9-b334-cf5ff93e109c tok=42859 base=14218 window=215040 pct=0.1993 peak=none
2026-09-23T03:35:11.771Z CTX label=laborer_worker childId=a1b7b529-980a-4fe9-b334-cf5ff93e109c tok=42855 base=14218 window=215040 pct=0.1993 peak=none
2026-09-23T03:35:12.772Z CTX label=laborer_worker childId=a1b7b529-980a-4fe9-b334-cf5ff93e109c tok=42921 base=14218 window=215040 pct=0.1996 peak=none
2026-09-23T03:35:13.773Z CTX label=laborer_worker childId=a1b7b529-980a-4fe9-b334-cf5ff93e109c tok=43067 base=14218 window=215040 pct=0.2003 peak=none
2026-09-23T03:35:14.774Z CTX label=laborer_worker childId=a1b7b529-980a-4fe9-b334-cf5ff93e109c tok=43212 base=14218 window=215040 pct=0.2009 peak=none
2026-09-23T03:35:15.775Z CTX label=laborer_worker childId=a1b7b529-980a-4fe9-b334-cf5ff93e109c tok=43401 base=14218 window=215040 pct=0.2018 peak=none
2026-09-23T03:35:16.766Z WF-END meta=gvs-solve childId=a1b7b529-980a-4fe9-b334-cf5ff93e109c outcome=completed
2026-09-23T03:35:16.766Z END label=laborer_worker childId=a1b7b529-980a-4fe9-b334-cf5ff93e109c peak=none base=14218
2026-09-23T03:35:16.853Z START meta=gvs-solve label=check_worker phase=solve childId=d9f81204-67c5-49bc-92a3-cdbaf17d80c6
2026-09-23T03:35:16.853Z GOT agent=true status=running label=check_worker sess=d9f81204-67c5-49bc-92a3-cdbaf17d80c6
2026-09-23T03:35:16.853Z CHECK-INJECT grade=none
2026-09-23T03:36:49.955Z WF-END meta=gvs-solve childId=d9f81204-67c5-49bc-92a3-cdbaf17d80c6 outcome=completed
2026-09-23T03:36:50.049Z START meta=gvs-solve label=decision_manager#2 phase=solve childId=3f83c22e-1850-4a71-86dd-239a96b1fef9
2026-09-23T03:36:50.049Z GOT agent=true status=running label=decision_manager#2 sess=3f83c22e-1850-4a71-86dd-239a96b1fef9
2026-09-23T03:37:28.517Z WF-END meta=gvs-solve childId=3f83c22e-1850-4a71-86dd-239a96b1fef9 outcome=completed
2026-09-23T03:37:28.608Z START meta=gvs-solve label=laborer_worker#2 phase=solve childId=f8c9047d-cbe4-4b15-a0f6-1d54ea3691ca
2026-09-23T03:37:28.608Z GOT agent=true status=running label=laborer_worker#2 sess=f8c9047d-cbe4-4b15-a0f6-1d54ea3691ca
2026-09-23T03:37:28.609Z CTX label=laborer_worker#2 childId=f8c9047d-cbe4-4b15-a0f6-1d54ea3691ca tok=0 base=0 window=0 pct=0.0000 peak=none
2026-09-23T03:37:29.612Z CTX label=laborer_worker#2 childId=f8c9047d-cbe4-4b15-a0f6-1d54ea3691ca tok=14227 base=0 window=215040 pct=0.0662 peak=none
2026-09-23T03:37:29.613Z BASE label=laborer_worker#2 childId=f8c9047d-cbe4-4b15-a0f6-1d54ea3691ca base=14227 window=215040
2026-09-23T03:37:30.612Z CTX label=laborer_worker#2 childId=f8c9047d-cbe4-4b15-a0f6-1d54ea3691ca tok=14227 base=14227 window=215040 pct=0.0662 peak=none
2026-09-23T03:37:31.613Z CTX label=laborer_worker#2 childId=f8c9047d-cbe4-4b15-a0f6-1d54ea3691ca tok=14227 base=14227 window=215040 pct=0.0662 peak=none
2026-09-23T03:37:32.615Z CTX label=laborer_worker#2 childId=f8c9047d-cbe4-4b15-a0f6-1d54ea3691ca tok=14227 base=14227 window=215040 pct=0.0662 peak=none
2026-09-23T03:37:33.614Z CTX label=laborer_worker#2 childId=f8c9047d-cbe4-4b15-a0f6-1d54ea3691ca tok=14227 base=14227 window=215040 pct=0.0662 peak=none
2026-09-23T03:37:34.617Z CTX label=laborer_worker#2 childId=f8c9047d-cbe4-4b15-a0f6-1d54ea3691ca tok=17148 base=14227 window=215040 pct=0.0797 peak=none
2026-09-23T03:37:35.617Z CTX label=laborer_worker#2 childId=f8c9047d-cbe4-4b15-a0f6-1d54ea3691ca tok=17148 base=14227 window=215040 pct=0.0797 peak=none
2026-09-23T03:37:36.617Z CTX label=laborer_worker#2 childId=f8c9047d-cbe4-4b15-a0f6-1d54ea3691ca tok=17178 base=14227 window=215040 pct=0.0799 peak=none
2026-09-23T03:37:37.620Z CTX label=laborer_worker#2 childId=f8c9047d-cbe4-4b15-a0f6-1d54ea3691ca tok=17924 base=14227 window=215040 pct=0.0834 peak=none
2026-09-23T03:37:38.618Z CTX label=laborer_worker#2 childId=f8c9047d-cbe4-4b15-a0f6-1d54ea3691ca tok=19730 base=14227 window=215040 pct=0.0918 peak=none
2026-09-23T03:37:39.620Z CTX label=laborer_worker#2 childId=f8c9047d-cbe4-4b15-a0f6-1d54ea3691ca tok=19730 base=14227 window=215040 pct=0.0918 peak=none
2026-09-23T03:37:40.621Z CTX label=laborer_worker#2 childId=f8c9047d-cbe4-4b15-a0f6-1d54ea3691ca tok=19730 base=14227 window=215040 pct=0.0918 peak=none
2026-09-23T03:37:41.622Z CTX label=laborer_worker#2 childId=f8c9047d-cbe4-4b15-a0f6-1d54ea3691ca tok=19835 base=14227 window=215040 pct=0.0922 peak=none
2026-09-23T03:37:42.622Z CTX label=laborer_worker#2 childId=f8c9047d-cbe4-4b15-a0f6-1d54ea3691ca tok=19982 base=14227 window=215040 pct=0.0929 peak=none
2026-09-23T03:37:43.623Z CTX label=laborer_worker#2 childId=f8c9047d-cbe4-4b15-a0f6-1d54ea3691ca tok=20093 base=14227 window=215040 pct=0.0934 peak=none
2026-09-23T03:37:44.623Z CTX label=laborer_worker#2 childId=f8c9047d-cbe4-4b15-a0f6-1d54ea3691ca tok=23585 base=14227 window=215040 pct=0.1097 peak=none
2026-09-23T03:37:45.626Z CTX label=laborer_worker#2 childId=f8c9047d-cbe4-4b15-a0f6-1d54ea3691ca tok=23585 base=14227 window=215040 pct=0.1097 peak=none
2026-09-23T03:37:46.628Z CTX label=laborer_worker#2 childId=f8c9047d-cbe4-4b15-a0f6-1d54ea3691ca tok=23585 base=14227 window=215040 pct=0.1097 peak=none
2026-09-23T03:37:47.626Z CTX label=laborer_worker#2 childId=f8c9047d-cbe4-4b15-a0f6-1d54ea3691ca tok=23684 base=14227 window=215040 pct=0.1101 peak=none
2026-09-23T03:37:48.627Z CTX label=laborer_worker#2 childId=f8c9047d-cbe4-4b15-a0f6-1d54ea3691ca tok=23798 base=14227 window=215040 pct=0.1107 peak=none
2026-09-23T03:37:49.628Z CTX label=laborer_worker#2 childId=f8c9047d-cbe4-4b15-a0f6-1d54ea3691ca tok=23896 base=14227 window=215040 pct=0.1111 peak=none
2026-09-23T03:37:50.629Z CTX label=laborer_worker#2 childId=f8c9047d-cbe4-4b15-a0f6-1d54ea3691ca tok=26045 base=14227 window=215040 pct=0.1211 peak=none
2026-09-23T03:37:51.630Z CTX label=laborer_worker#2 childId=f8c9047d-cbe4-4b15-a0f6-1d54ea3691ca tok=26045 base=14227 window=215040 pct=0.1211 peak=none
2026-09-23T03:37:52.629Z CTX label=laborer_worker#2 childId=f8c9047d-cbe4-4b15-a0f6-1d54ea3691ca tok=26165 base=14227 window=215040 pct=0.1217 peak=none
2026-09-23T03:37:53.630Z CTX label=laborer_worker#2 childId=f8c9047d-cbe4-4b15-a0f6-1d54ea3691ca tok=26251 base=14227 window=215040 pct=0.1221 peak=none
2026-09-23T03:37:54.631Z CTX label=laborer_worker#2 childId=f8c9047d-cbe4-4b15-a0f6-1d54ea3691ca tok=29060 base=14227 window=215040 pct=0.1351 peak=none
2026-09-23T03:37:55.631Z CTX label=laborer_worker#2 childId=f8c9047d-cbe4-4b15-a0f6-1d54ea3691ca tok=29060 base=14227 window=215040 pct=0.1351 peak=none
2026-09-23T03:37:56.632Z CTX label=laborer_worker#2 childId=f8c9047d-cbe4-4b15-a0f6-1d54ea3691ca tok=29060 base=14227 window=215040 pct=0.1351 peak=none
2026-09-23T03:37:57.635Z CTX label=laborer_worker#2 childId=f8c9047d-cbe4-4b15-a0f6-1d54ea3691ca tok=29060 base=14227 window=215040 pct=0.1351 peak=none
2026-09-23T03:37:58.635Z CTX label=laborer_worker#2 childId=f8c9047d-cbe4-4b15-a0f6-1d54ea3691ca tok=29108 base=14227 window=215040 pct=0.1354 peak=none
2026-09-23T03:37:59.634Z CTX label=laborer_worker#2 childId=f8c9047d-cbe4-4b15-a0f6-1d54ea3691ca tok=29196 base=14227 window=215040 pct=0.1358 peak=none
2026-09-23T03:38:00.636Z CTX label=laborer_worker#2 childId=f8c9047d-cbe4-4b15-a0f6-1d54ea3691ca tok=29290 base=14227 window=215040 pct=0.1362 peak=none
2026-09-23T03:38:01.636Z CTX label=laborer_worker#2 childId=f8c9047d-cbe4-4b15-a0f6-1d54ea3691ca tok=29396 base=14227 window=215040 pct=0.1367 peak=none
2026-09-23T03:38:02.636Z CTX label=laborer_worker#2 childId=f8c9047d-cbe4-4b15-a0f6-1d54ea3691ca tok=29479 base=14227 window=215040 pct=0.1371 peak=none
2026-09-23T03:38:03.637Z CTX label=laborer_worker#2 childId=f8c9047d-cbe4-4b15-a0f6-1d54ea3691ca tok=29613 base=14227 window=215040 pct=0.1377 peak=none
2026-09-23T03:38:04.638Z CTX label=laborer_worker#2 childId=f8c9047d-cbe4-4b15-a0f6-1d54ea3691ca tok=29690 base=14227 window=215040 pct=0.1381 peak=none
2026-09-23T03:38:05.637Z CTX label=laborer_worker#2 childId=f8c9047d-cbe4-4b15-a0f6-1d54ea3691ca tok=29801 base=14227 window=215040 pct=0.1386 peak=none
2026-09-23T03:38:06.638Z CTX label=laborer_worker#2 childId=f8c9047d-cbe4-4b15-a0f6-1d54ea3691ca tok=29894 base=14227 window=215040 pct=0.1390 peak=none
2026-09-23T03:38:07.638Z CTX label=laborer_worker#2 childId=f8c9047d-cbe4-4b15-a0f6-1d54ea3691ca tok=29981 base=14227 window=215040 pct=0.1394 peak=none
2026-09-23T03:38:08.638Z CTX label=laborer_worker#2 childId=f8c9047d-cbe4-4b15-a0f6-1d54ea3691ca tok=30064 base=14227 window=215040 pct=0.1398 peak=none
2026-09-23T03:38:09.639Z CTX label=laborer_worker#2 childId=f8c9047d-cbe4-4b15-a0f6-1d54ea3691ca tok=30177 base=14227 window=215040 pct=0.1403 peak=none
2026-09-23T03:38:10.639Z CTX label=laborer_worker#2 childId=f8c9047d-cbe4-4b15-a0f6-1d54ea3691ca tok=30265 base=14227 window=215040 pct=0.1407 peak=none
2026-09-23T03:38:11.640Z CTX label=laborer_worker#2 childId=f8c9047d-cbe4-4b15-a0f6-1d54ea3691ca tok=30371 base=14227 window=215040 pct=0.1412 peak=none
2026-09-23T03:38:12.641Z CTX label=laborer_worker#2 childId=f8c9047d-cbe4-4b15-a0f6-1d54ea3691ca tok=30461 base=14227 window=215040 pct=0.1417 peak=none
2026-09-23T03:38:13.641Z CTX label=laborer_worker#2 childId=f8c9047d-cbe4-4b15-a0f6-1d54ea3691ca tok=30546 base=14227 window=215040 pct=0.1420 peak=none
2026-09-23T03:38:14.642Z CTX label=laborer_worker#2 childId=f8c9047d-cbe4-4b15-a0f6-1d54ea3691ca tok=30628 base=14227 window=215040 pct=0.1424 peak=none
2026-09-23T03:38:15.645Z CTX label=laborer_worker#2 childId=f8c9047d-cbe4-4b15-a0f6-1d54ea3691ca tok=30723 base=14227 window=215040 pct=0.1429 peak=none
2026-09-23T03:38:16.644Z CTX label=laborer_worker#2 childId=f8c9047d-cbe4-4b15-a0f6-1d54ea3691ca tok=30825 base=14227 window=215040 pct=0.1433 peak=none
2026-09-23T03:38:17.644Z CTX label=laborer_worker#2 childId=f8c9047d-cbe4-4b15-a0f6-1d54ea3691ca tok=30923 base=14227 window=215040 pct=0.1438 peak=none
2026-09-23T03:38:18.646Z CTX label=laborer_worker#2 childId=f8c9047d-cbe4-4b15-a0f6-1d54ea3691ca tok=31017 base=14227 window=215040 pct=0.1442 peak=none
2026-09-23T03:38:19.649Z CTX label=laborer_worker#2 childId=f8c9047d-cbe4-4b15-a0f6-1d54ea3691ca tok=31084 base=14227 window=215040 pct=0.1445 peak=none
2026-09-23T03:38:20.650Z CTX label=laborer_worker#2 childId=f8c9047d-cbe4-4b15-a0f6-1d54ea3691ca tok=31184 base=14227 window=215040 pct=0.1450 peak=none
2026-09-23T03:38:21.651Z CTX label=laborer_worker#2 childId=f8c9047d-cbe4-4b15-a0f6-1d54ea3691ca tok=31270 base=14227 window=215040 pct=0.1454 peak=none
2026-09-23T03:38:22.653Z CTX label=laborer_worker#2 childId=f8c9047d-cbe4-4b15-a0f6-1d54ea3691ca tok=31358 base=14227 window=215040 pct=0.1458 peak=none
2026-09-23T03:38:23.652Z CTX label=laborer_worker#2 childId=f8c9047d-cbe4-4b15-a0f6-1d54ea3691ca tok=31441 base=14227 window=215040 pct=0.1462 peak=none
2026-09-23T03:38:24.653Z CTX label=laborer_worker#2 childId=f8c9047d-cbe4-4b15-a0f6-1d54ea3691ca tok=31520 base=14227 window=215040 pct=0.1466 peak=none
2026-09-23T03:38:25.654Z CTX label=laborer_worker#2 childId=f8c9047d-cbe4-4b15-a0f6-1d54ea3691ca tok=31600 base=14227 window=215040 pct=0.1469 peak=none
2026-09-23T03:38:26.654Z CTX label=laborer_worker#2 childId=f8c9047d-cbe4-4b15-a0f6-1d54ea3691ca tok=31700 base=14227 window=215040 pct=0.1474 peak=none
2026-09-23T03:38:27.654Z CTX label=laborer_worker#2 childId=f8c9047d-cbe4-4b15-a0f6-1d54ea3691ca tok=31784 base=14227 window=215040 pct=0.1478 peak=none
2026-09-23T03:38:28.655Z CTX label=laborer_worker#2 childId=f8c9047d-cbe4-4b15-a0f6-1d54ea3691ca tok=31852 base=14227 window=215040 pct=0.1481 peak=none
2026-09-23T03:38:29.657Z CTX label=laborer_worker#2 childId=f8c9047d-cbe4-4b15-a0f6-1d54ea3691ca tok=31927 base=14227 window=215040 pct=0.1485 peak=none
2026-09-23T03:38:30.659Z CTX label=laborer_worker#2 childId=f8c9047d-cbe4-4b15-a0f6-1d54ea3691ca tok=32032 base=14227 window=215040 pct=0.1490 peak=none
2026-09-23T03:38:31.658Z CTX label=laborer_worker#2 childId=f8c9047d-cbe4-4b15-a0f6-1d54ea3691ca tok=32137 base=14227 window=215040 pct=0.1494 peak=none
2026-09-23T03:38:32.659Z CTX label=laborer_worker#2 childId=f8c9047d-cbe4-4b15-a0f6-1d54ea3691ca tok=32220 base=14227 window=215040 pct=0.1498 peak=none
2026-09-23T03:38:33.661Z CTX label=laborer_worker#2 childId=f8c9047d-cbe4-4b15-a0f6-1d54ea3691ca tok=32324 base=14227 window=215040 pct=0.1503 peak=none
2026-09-23T03:38:34.662Z CTX label=laborer_worker#2 childId=f8c9047d-cbe4-4b15-a0f6-1d54ea3691ca tok=32424 base=14227 window=215040 pct=0.1508 peak=none
2026-09-23T03:38:35.661Z CTX label=laborer_worker#2 childId=f8c9047d-cbe4-4b15-a0f6-1d54ea3691ca tok=32525 base=14227 window=215040 pct=0.1513 peak=none
2026-09-23T03:38:36.662Z CTX label=laborer_worker#2 childId=f8c9047d-cbe4-4b15-a0f6-1d54ea3691ca tok=32611 base=14227 window=215040 pct=0.1517 peak=none
2026-09-23T03:38:37.663Z CTX label=laborer_worker#2 childId=f8c9047d-cbe4-4b15-a0f6-1d54ea3691ca tok=32689 base=14227 window=215040 pct=0.1520 peak=none
2026-09-23T03:38:38.663Z CTX label=laborer_worker#2 childId=f8c9047d-cbe4-4b15-a0f6-1d54ea3691ca tok=32782 base=14227 window=215040 pct=0.1524 peak=none
2026-09-23T03:38:39.665Z CTX label=laborer_worker#2 childId=f8c9047d-cbe4-4b15-a0f6-1d54ea3691ca tok=32877 base=14227 window=215040 pct=0.1529 peak=none
2026-09-23T03:38:40.665Z CTX label=laborer_worker#2 childId=f8c9047d-cbe4-4b15-a0f6-1d54ea3691ca tok=32959 base=14227 window=215040 pct=0.1533 peak=none
2026-09-23T03:38:41.666Z CTX label=laborer_worker#2 childId=f8c9047d-cbe4-4b15-a0f6-1d54ea3691ca tok=33034 base=14227 window=215040 pct=0.1536 peak=none
2026-09-23T03:38:42.665Z CTX label=laborer_worker#2 childId=f8c9047d-cbe4-4b15-a0f6-1d54ea3691ca tok=33104 base=14227 window=215040 pct=0.1539 peak=none
2026-09-23T03:38:43.667Z CTX label=laborer_worker#2 childId=f8c9047d-cbe4-4b15-a0f6-1d54ea3691ca tok=33207 base=14227 window=215040 pct=0.1544 peak=none
2026-09-23T03:38:44.668Z CTX label=laborer_worker#2 childId=f8c9047d-cbe4-4b15-a0f6-1d54ea3691ca tok=33304 base=14227 window=215040 pct=0.1549 peak=none
2026-09-23T03:38:45.669Z CTX label=laborer_worker#2 childId=f8c9047d-cbe4-4b15-a0f6-1d54ea3691ca tok=33384 base=14227 window=215040 pct=0.1552 peak=none
2026-09-23T03:38:46.671Z CTX label=laborer_worker#2 childId=f8c9047d-cbe4-4b15-a0f6-1d54ea3691ca tok=33477 base=14227 window=215040 pct=0.1557 peak=none
2026-09-23T03:38:47.672Z CTX label=laborer_worker#2 childId=f8c9047d-cbe4-4b15-a0f6-1d54ea3691ca tok=33573 base=14227 window=215040 pct=0.1561 peak=none
2026-09-23T03:38:48.673Z CTX label=laborer_worker#2 childId=f8c9047d-cbe4-4b15-a0f6-1d54ea3691ca tok=33665 base=14227 window=215040 pct=0.1566 peak=none
2026-09-23T03:38:49.673Z CTX label=laborer_worker#2 childId=f8c9047d-cbe4-4b15-a0f6-1d54ea3691ca tok=33743 base=14227 window=215040 pct=0.1569 peak=none
2026-09-23T03:38:50.674Z CTX label=laborer_worker#2 childId=f8c9047d-cbe4-4b15-a0f6-1d54ea3691ca tok=33835 base=14227 window=215040 pct=0.1573 peak=none
2026-09-23T03:38:51.676Z CTX label=laborer_worker#2 childId=f8c9047d-cbe4-4b15-a0f6-1d54ea3691ca tok=33913 base=14227 window=215040 pct=0.1577 peak=none
2026-09-23T03:38:52.676Z CTX label=laborer_worker#2 childId=f8c9047d-cbe4-4b15-a0f6-1d54ea3691ca tok=33992 base=14227 window=215040 pct=0.1581 peak=none
2026-09-23T03:38:53.678Z CTX label=laborer_worker#2 childId=f8c9047d-cbe4-4b15-a0f6-1d54ea3691ca tok=34066 base=14227 window=215040 pct=0.1584 peak=none
2026-09-23T03:38:54.677Z CTX label=laborer_worker#2 childId=f8c9047d-cbe4-4b15-a0f6-1d54ea3691ca tok=34147 base=14227 window=215040 pct=0.1588 peak=none
2026-09-23T03:38:55.676Z CTX label=laborer_worker#2 childId=f8c9047d-cbe4-4b15-a0f6-1d54ea3691ca tok=34251 base=14227 window=215040 pct=0.1593 peak=none
2026-09-23T03:38:56.678Z CTX label=laborer_worker#2 childId=f8c9047d-cbe4-4b15-a0f6-1d54ea3691ca tok=34318 base=14227 window=215040 pct=0.1596 peak=none
2026-09-23T03:38:57.678Z CTX label=laborer_worker#2 childId=f8c9047d-cbe4-4b15-a0f6-1d54ea3691ca tok=34380 base=14227 window=215040 pct=0.1599 peak=none
2026-09-23T03:38:58.680Z CTX label=laborer_worker#2 childId=f8c9047d-cbe4-4b15-a0f6-1d54ea3691ca tok=34456 base=14227 window=215040 pct=0.1602 peak=none
2026-09-23T03:38:59.681Z CTX label=laborer_worker#2 childId=f8c9047d-cbe4-4b15-a0f6-1d54ea3691ca tok=34512 base=14227 window=215040 pct=0.1605 peak=none
2026-09-23T03:39:00.681Z CTX label=laborer_worker#2 childId=f8c9047d-cbe4-4b15-a0f6-1d54ea3691ca tok=34571 base=14227 window=215040 pct=0.1608 peak=none
2026-09-23T03:39:01.681Z CTX label=laborer_worker#2 childId=f8c9047d-cbe4-4b15-a0f6-1d54ea3691ca tok=34631 base=14227 window=215040 pct=0.1610 peak=none
2026-09-23T03:39:02.683Z CTX label=laborer_worker#2 childId=f8c9047d-cbe4-4b15-a0f6-1d54ea3691ca tok=34717 base=14227 window=215040 pct=0.1614 peak=none
2026-09-23T03:39:03.684Z CTX label=laborer_worker#2 childId=f8c9047d-cbe4-4b15-a0f6-1d54ea3691ca tok=34796 base=14227 window=215040 pct=0.1618 peak=none
2026-09-23T03:39:04.683Z CTX label=laborer_worker#2 childId=f8c9047d-cbe4-4b15-a0f6-1d54ea3691ca tok=34883 base=14227 window=215040 pct=0.1622 peak=none
2026-09-23T03:39:05.685Z CTX label=laborer_worker#2 childId=f8c9047d-cbe4-4b15-a0f6-1d54ea3691ca tok=34961 base=14227 window=215040 pct=0.1626 peak=none
2026-09-23T03:39:06.686Z CTX label=laborer_worker#2 childId=f8c9047d-cbe4-4b15-a0f6-1d54ea3691ca tok=35025 base=14227 window=215040 pct=0.1629 peak=none
2026-09-23T03:39:07.687Z CTX label=laborer_worker#2 childId=f8c9047d-cbe4-4b15-a0f6-1d54ea3691ca tok=35101 base=14227 window=215040 pct=0.1632 peak=none
2026-09-23T03:39:08.686Z CTX label=laborer_worker#2 childId=f8c9047d-cbe4-4b15-a0f6-1d54ea3691ca tok=35184 base=14227 window=215040 pct=0.1636 peak=none
2026-09-23T03:39:09.688Z CTX label=laborer_worker#2 childId=f8c9047d-cbe4-4b15-a0f6-1d54ea3691ca tok=35261 base=14227 window=215040 pct=0.1640 peak=none
2026-09-23T03:39:10.688Z CTX label=laborer_worker#2 childId=f8c9047d-cbe4-4b15-a0f6-1d54ea3691ca tok=35328 base=14227 window=215040 pct=0.1643 peak=none
2026-09-23T03:39:11.690Z CTX label=laborer_worker#2 childId=f8c9047d-cbe4-4b15-a0f6-1d54ea3691ca tok=35397 base=14227 window=215040 pct=0.1646 peak=none
2026-09-23T03:39:12.690Z CTX label=laborer_worker#2 childId=f8c9047d-cbe4-4b15-a0f6-1d54ea3691ca tok=35471 base=14227 window=215040 pct=0.1650 peak=none
2026-09-23T03:39:13.691Z CTX label=laborer_worker#2 childId=f8c9047d-cbe4-4b15-a0f6-1d54ea3691ca tok=35557 base=14227 window=215040 pct=0.1654 peak=none
2026-09-23T03:39:14.692Z CTX label=laborer_worker#2 childId=f8c9047d-cbe4-4b15-a0f6-1d54ea3691ca tok=35647 base=14227 window=215040 pct=0.1658 peak=none
2026-09-23T03:39:15.691Z CTX label=laborer_worker#2 childId=f8c9047d-cbe4-4b15-a0f6-1d54ea3691ca tok=35750 base=14227 window=215040 pct=0.1662 peak=none
2026-09-23T03:39:16.693Z CTX label=laborer_worker#2 childId=f8c9047d-cbe4-4b15-a0f6-1d54ea3691ca tok=35835 base=14227 window=215040 pct=0.1666 peak=none
2026-09-23T03:39:17.694Z CTX label=laborer_worker#2 childId=f8c9047d-cbe4-4b15-a0f6-1d54ea3691ca tok=35910 base=14227 window=215040 pct=0.1670 peak=none
2026-09-23T03:39:18.695Z CTX label=laborer_worker#2 childId=f8c9047d-cbe4-4b15-a0f6-1d54ea3691ca tok=35982 base=14227 window=215040 pct=0.1673 peak=none
2026-09-23T03:39:19.696Z CTX label=laborer_worker#2 childId=f8c9047d-cbe4-4b15-a0f6-1d54ea3691ca tok=36058 base=14227 window=215040 pct=0.1677 peak=none
2026-09-23T03:39:20.697Z CTX label=laborer_worker#2 childId=f8c9047d-cbe4-4b15-a0f6-1d54ea3691ca tok=36123 base=14227 window=215040 pct=0.1680 peak=none
2026-09-23T03:39:21.698Z CTX label=laborer_worker#2 childId=f8c9047d-cbe4-4b15-a0f6-1d54ea3691ca tok=36177 base=14227 window=215040 pct=0.1682 peak=none
2026-09-23T03:39:22.700Z CTX label=laborer_worker#2 childId=f8c9047d-cbe4-4b15-a0f6-1d54ea3691ca tok=36241 base=14227 window=215040 pct=0.1685 peak=none
2026-09-23T03:39:23.701Z CTX label=laborer_worker#2 childId=f8c9047d-cbe4-4b15-a0f6-1d54ea3691ca tok=36321 base=14227 window=215040 pct=0.1689 peak=none
2026-09-23T03:39:24.701Z CTX label=laborer_worker#2 childId=f8c9047d-cbe4-4b15-a0f6-1d54ea3691ca tok=36395 base=14227 window=215040 pct=0.1692 peak=none
2026-09-23T03:39:25.702Z CTX label=laborer_worker#2 childId=f8c9047d-cbe4-4b15-a0f6-1d54ea3691ca tok=36480 base=14227 window=215040 pct=0.1696 peak=none
2026-09-23T03:39:26.702Z CTX label=laborer_worker#2 childId=f8c9047d-cbe4-4b15-a0f6-1d54ea3691ca tok=36547 base=14227 window=215040 pct=0.1700 peak=none
2026-09-23T03:39:27.703Z CTX label=laborer_worker#2 childId=f8c9047d-cbe4-4b15-a0f6-1d54ea3691ca tok=36616 base=14227 window=215040 pct=0.1703 peak=none
2026-09-23T03:39:28.701Z CTX label=laborer_worker#2 childId=f8c9047d-cbe4-4b15-a0f6-1d54ea3691ca tok=36706 base=14227 window=215040 pct=0.1707 peak=none
2026-09-23T03:39:29.702Z CTX label=laborer_worker#2 childId=f8c9047d-cbe4-4b15-a0f6-1d54ea3691ca tok=36807 base=14227 window=215040 pct=0.1712 peak=none
2026-09-23T03:39:30.703Z CTX label=laborer_worker#2 childId=f8c9047d-cbe4-4b15-a0f6-1d54ea3691ca tok=36900 base=14227 window=215040 pct=0.1716 peak=none
2026-09-23T03:39:31.704Z CTX label=laborer_worker#2 childId=f8c9047d-cbe4-4b15-a0f6-1d54ea3691ca tok=36989 base=14227 window=215040 pct=0.1720 peak=none
2026-09-23T03:39:32.705Z CTX label=laborer_worker#2 childId=f8c9047d-cbe4-4b15-a0f6-1d54ea3691ca tok=37089 base=14227 window=215040 pct=0.1725 peak=none
2026-09-23T03:39:33.705Z CTX label=laborer_worker#2 childId=f8c9047d-cbe4-4b15-a0f6-1d54ea3691ca tok=37172 base=14227 window=215040 pct=0.1729 peak=none
2026-09-23T03:39:34.705Z CTX label=laborer_worker#2 childId=f8c9047d-cbe4-4b15-a0f6-1d54ea3691ca tok=37230 base=14227 window=215040 pct=0.1731 peak=none
2026-09-23T03:39:35.705Z CTX label=laborer_worker#2 childId=f8c9047d-cbe4-4b15-a0f6-1d54ea3691ca tok=37296 base=14227 window=215040 pct=0.1734 peak=none
2026-09-23T03:39:36.705Z CTX label=laborer_worker#2 childId=f8c9047d-cbe4-4b15-a0f6-1d54ea3691ca tok=37379 base=14227 window=215040 pct=0.1738 peak=none
2026-09-23T03:39:37.704Z CTX label=laborer_worker#2 childId=f8c9047d-cbe4-4b15-a0f6-1d54ea3691ca tok=37455 base=14227 window=215040 pct=0.1742 peak=none
2026-09-23T03:39:38.704Z CTX label=laborer_worker#2 childId=f8c9047d-cbe4-4b15-a0f6-1d54ea3691ca tok=37522 base=14227 window=215040 pct=0.1745 peak=none
2026-09-23T03:39:39.704Z CTX label=laborer_worker#2 childId=f8c9047d-cbe4-4b15-a0f6-1d54ea3691ca tok=37595 base=14227 window=215040 pct=0.1748 peak=none
2026-09-23T03:39:40.705Z CTX label=laborer_worker#2 childId=f8c9047d-cbe4-4b15-a0f6-1d54ea3691ca tok=37692 base=14227 window=215040 pct=0.1753 peak=none
2026-09-23T03:39:41.706Z CTX label=laborer_worker#2 childId=f8c9047d-cbe4-4b15-a0f6-1d54ea3691ca tok=37735 base=14227 window=215040 pct=0.1755 peak=none
2026-09-23T03:39:42.706Z CTX label=laborer_worker#2 childId=f8c9047d-cbe4-4b15-a0f6-1d54ea3691ca tok=37813 base=14227 window=215040 pct=0.1758 peak=none
2026-09-23T03:39:43.708Z CTX label=laborer_worker#2 childId=f8c9047d-cbe4-4b15-a0f6-1d54ea3691ca tok=40534 base=14227 window=215040 pct=0.1885 peak=none
2026-09-23T03:39:44.710Z CTX label=laborer_worker#2 childId=f8c9047d-cbe4-4b15-a0f6-1d54ea3691ca tok=40534 base=14227 window=215040 pct=0.1885 peak=none
2026-09-23T03:39:45.711Z CTX label=laborer_worker#2 childId=f8c9047d-cbe4-4b15-a0f6-1d54ea3691ca tok=40534 base=14227 window=215040 pct=0.1885 peak=none
2026-09-23T03:39:46.712Z CTX label=laborer_worker#2 childId=f8c9047d-cbe4-4b15-a0f6-1d54ea3691ca tok=40534 base=14227 window=215040 pct=0.1885 peak=none
2026-09-23T03:39:47.718Z CTX label=laborer_worker#2 childId=f8c9047d-cbe4-4b15-a0f6-1d54ea3691ca tok=40534 base=14227 window=215040 pct=0.1885 peak=none
2026-09-23T03:39:48.713Z CTX label=laborer_worker#2 childId=f8c9047d-cbe4-4b15-a0f6-1d54ea3691ca tok=40534 base=14227 window=215040 pct=0.1885 peak=none
2026-09-23T03:39:49.714Z CTX label=laborer_worker#2 childId=f8c9047d-cbe4-4b15-a0f6-1d54ea3691ca tok=40534 base=14227 window=215040 pct=0.1885 peak=none
2026-09-23T03:39:50.717Z CTX label=laborer_worker#2 childId=f8c9047d-cbe4-4b15-a0f6-1d54ea3691ca tok=40534 base=14227 window=215040 pct=0.1885 peak=none
2026-09-23T03:39:51.717Z CTX label=laborer_worker#2 childId=f8c9047d-cbe4-4b15-a0f6-1d54ea3691ca tok=40534 base=14227 window=215040 pct=0.1885 peak=none
2026-09-23T03:39:52.719Z CTX label=laborer_worker#2 childId=f8c9047d-cbe4-4b15-a0f6-1d54ea3691ca tok=40534 base=14227 window=215040 pct=0.1885 peak=none
2026-09-23T03:39:53.718Z CTX label=laborer_worker#2 childId=f8c9047d-cbe4-4b15-a0f6-1d54ea3691ca tok=40574 base=14227 window=215040 pct=0.1887 peak=none
2026-09-23T03:39:54.719Z CTX label=laborer_worker#2 childId=f8c9047d-cbe4-4b15-a0f6-1d54ea3691ca tok=40663 base=14227 window=215040 pct=0.1891 peak=none
2026-09-23T03:39:55.733Z CTX label=laborer_worker#2 childId=f8c9047d-cbe4-4b15-a0f6-1d54ea3691ca tok=40677 base=14227 window=215040 pct=0.1892 peak=none
2026-09-23T03:39:56.720Z CTX label=laborer_worker#2 childId=f8c9047d-cbe4-4b15-a0f6-1d54ea3691ca tok=44203 base=14227 window=215040 pct=0.2056 peak=none
2026-09-23T03:39:57.721Z CTX label=laborer_worker#2 childId=f8c9047d-cbe4-4b15-a0f6-1d54ea3691ca tok=44272 base=14227 window=215040 pct=0.2059 peak=none
2026-09-23T03:39:58.722Z CTX label=laborer_worker#2 childId=f8c9047d-cbe4-4b15-a0f6-1d54ea3691ca tok=45212 base=14227 window=215040 pct=0.2102 peak=none
2026-09-23T03:39:59.723Z CTX label=laborer_worker#2 childId=f8c9047d-cbe4-4b15-a0f6-1d54ea3691ca tok=45262 base=14227 window=215040 pct=0.2105 peak=none
2026-09-23T03:40:00.724Z CTX label=laborer_worker#2 childId=f8c9047d-cbe4-4b15-a0f6-1d54ea3691ca tok=45358 base=14227 window=215040 pct=0.2109 peak=none
2026-09-23T03:40:01.725Z CTX label=laborer_worker#2 childId=f8c9047d-cbe4-4b15-a0f6-1d54ea3691ca tok=45377 base=14227 window=215040 pct=0.2110 peak=none
2026-09-23T03:40:02.727Z CTX label=laborer_worker#2 childId=f8c9047d-cbe4-4b15-a0f6-1d54ea3691ca tok=46287 base=14227 window=215040 pct=0.2152 peak=none
2026-09-23T03:40:03.728Z CTX label=laborer_worker#2 childId=f8c9047d-cbe4-4b15-a0f6-1d54ea3691ca tok=46331 base=14227 window=215040 pct=0.2155 peak=none
2026-09-23T03:40:04.729Z CTX label=laborer_worker#2 childId=f8c9047d-cbe4-4b15-a0f6-1d54ea3691ca tok=46406 base=14227 window=215040 pct=0.2158 peak=none
2026-09-23T03:40:05.730Z CTX label=laborer_worker#2 childId=f8c9047d-cbe4-4b15-a0f6-1d54ea3691ca tok=46477 base=14227 window=215040 pct=0.2161 peak=none
2026-09-23T03:40:06.730Z CTX label=laborer_worker#2 childId=f8c9047d-cbe4-4b15-a0f6-1d54ea3691ca tok=46551 base=14227 window=215040 pct=0.2165 peak=none
2026-09-23T03:40:07.731Z CTX label=laborer_worker#2 childId=f8c9047d-cbe4-4b15-a0f6-1d54ea3691ca tok=46630 base=14227 window=215040 pct=0.2168 peak=none
2026-09-23T03:40:08.733Z CTX label=laborer_worker#2 childId=f8c9047d-cbe4-4b15-a0f6-1d54ea3691ca tok=46691 base=14227 window=215040 pct=0.2171 peak=none
2026-09-23T03:40:09.732Z CTX label=laborer_worker#2 childId=f8c9047d-cbe4-4b15-a0f6-1d54ea3691ca tok=46779 base=14227 window=215040 pct=0.2175 peak=none
2026-09-23T03:40:10.732Z CTX label=laborer_worker#2 childId=f8c9047d-cbe4-4b15-a0f6-1d54ea3691ca tok=46856 base=14227 window=215040 pct=0.2179 peak=none
2026-09-23T03:40:11.733Z CTX label=laborer_worker#2 childId=f8c9047d-cbe4-4b15-a0f6-1d54ea3691ca tok=46920 base=14227 window=215040 pct=0.2182 peak=none
2026-09-23T03:40:12.736Z CTX label=laborer_worker#2 childId=f8c9047d-cbe4-4b15-a0f6-1d54ea3691ca tok=46983 base=14227 window=215040 pct=0.2185 peak=none
2026-09-23T03:40:13.735Z CTX label=laborer_worker#2 childId=f8c9047d-cbe4-4b15-a0f6-1d54ea3691ca tok=47076 base=14227 window=215040 pct=0.2189 peak=none
2026-09-23T03:40:14.737Z CTX label=laborer_worker#2 childId=f8c9047d-cbe4-4b15-a0f6-1d54ea3691ca tok=47117 base=14227 window=215040 pct=0.2191 peak=none
2026-09-23T03:40:15.737Z CTX label=laborer_worker#2 childId=f8c9047d-cbe4-4b15-a0f6-1d54ea3691ca tok=47173 base=14227 window=215040 pct=0.2194 peak=none
2026-09-23T03:40:16.736Z CTX label=laborer_worker#2 childId=f8c9047d-cbe4-4b15-a0f6-1d54ea3691ca tok=47233 base=14227 window=215040 pct=0.2196 peak=none
2026-09-23T03:40:17.738Z CTX label=laborer_worker#2 childId=f8c9047d-cbe4-4b15-a0f6-1d54ea3691ca tok=47284 base=14227 window=215040 pct=0.2199 peak=none
2026-09-23T03:40:18.740Z CTX label=laborer_worker#2 childId=f8c9047d-cbe4-4b15-a0f6-1d54ea3691ca tok=47347 base=14227 window=215040 pct=0.2202 peak=none
2026-09-23T03:40:19.740Z CTX label=laborer_worker#2 childId=f8c9047d-cbe4-4b15-a0f6-1d54ea3691ca tok=47437 base=14227 window=215040 pct=0.2206 peak=none
2026-09-23T03:40:20.742Z CTX label=laborer_worker#2 childId=f8c9047d-cbe4-4b15-a0f6-1d54ea3691ca tok=47525 base=14227 window=215040 pct=0.2210 peak=none
2026-09-23T03:40:21.742Z CTX label=laborer_worker#2 childId=f8c9047d-cbe4-4b15-a0f6-1d54ea3691ca tok=47613 base=14227 window=215040 pct=0.2214 peak=none
2026-09-23T03:40:22.743Z CTX label=laborer_worker#2 childId=f8c9047d-cbe4-4b15-a0f6-1d54ea3691ca tok=47698 base=14227 window=215040 pct=0.2218 peak=none
2026-09-23T03:40:23.744Z CTX label=laborer_worker#2 childId=f8c9047d-cbe4-4b15-a0f6-1d54ea3691ca tok=47788 base=14227 window=215040 pct=0.2222 peak=none
2026-09-23T03:40:24.745Z CTX label=laborer_worker#2 childId=f8c9047d-cbe4-4b15-a0f6-1d54ea3691ca tok=47856 base=14227 window=215040 pct=0.2225 peak=none
2026-09-23T03:40:25.745Z CTX label=laborer_worker#2 childId=f8c9047d-cbe4-4b15-a0f6-1d54ea3691ca tok=47944 base=14227 window=215040 pct=0.2230 peak=none
2026-09-23T03:40:26.746Z CTX label=laborer_worker#2 childId=f8c9047d-cbe4-4b15-a0f6-1d54ea3691ca tok=48011 base=14227 window=215040 pct=0.2233 peak=none
2026-09-23T03:40:27.748Z CTX label=laborer_worker#2 childId=f8c9047d-cbe4-4b15-a0f6-1d54ea3691ca tok=48074 base=14227 window=215040 pct=0.2236 peak=none
2026-09-23T03:40:28.747Z CTX label=laborer_worker#2 childId=f8c9047d-cbe4-4b15-a0f6-1d54ea3691ca tok=48139 base=14227 window=215040 pct=0.2239 peak=none
2026-09-23T03:40:29.748Z CTX label=laborer_worker#2 childId=f8c9047d-cbe4-4b15-a0f6-1d54ea3691ca tok=48214 base=14227 window=215040 pct=0.2242 peak=none
2026-09-23T03:40:30.750Z CTX label=laborer_worker#2 childId=f8c9047d-cbe4-4b15-a0f6-1d54ea3691ca tok=48271 base=14227 window=215040 pct=0.2245 peak=none
2026-09-23T03:40:31.750Z CTX label=laborer_worker#2 childId=f8c9047d-cbe4-4b15-a0f6-1d54ea3691ca tok=48328 base=14227 window=215040 pct=0.2247 peak=none
2026-09-23T03:40:32.751Z CTX label=laborer_worker#2 childId=f8c9047d-cbe4-4b15-a0f6-1d54ea3691ca tok=48402 base=14227 window=215040 pct=0.2251 peak=none
2026-09-23T03:40:33.751Z CTX label=laborer_worker#2 childId=f8c9047d-cbe4-4b15-a0f6-1d54ea3691ca tok=48470 base=14227 window=215040 pct=0.2254 peak=none
2026-09-23T03:40:34.753Z CTX label=laborer_worker#2 childId=f8c9047d-cbe4-4b15-a0f6-1d54ea3691ca tok=48530 base=14227 window=215040 pct=0.2257 peak=none
2026-09-23T03:40:35.754Z CTX label=laborer_worker#2 childId=f8c9047d-cbe4-4b15-a0f6-1d54ea3691ca tok=48604 base=14227 window=215040 pct=0.2260 peak=none
2026-09-23T03:40:36.756Z CTX label=laborer_worker#2 childId=f8c9047d-cbe4-4b15-a0f6-1d54ea3691ca tok=48685 base=14227 window=215040 pct=0.2264 peak=none
2026-09-23T03:40:37.756Z CTX label=laborer_worker#2 childId=f8c9047d-cbe4-4b15-a0f6-1d54ea3691ca tok=48764 base=14227 window=215040 pct=0.2268 peak=none
2026-09-23T03:40:38.756Z CTX label=laborer_worker#2 childId=f8c9047d-cbe4-4b15-a0f6-1d54ea3691ca tok=48838 base=14227 window=215040 pct=0.2271 peak=none
2026-09-23T03:40:39.757Z CTX label=laborer_worker#2 childId=f8c9047d-cbe4-4b15-a0f6-1d54ea3691ca tok=48894 base=14227 window=215040 pct=0.2274 peak=none
2026-09-23T03:40:40.758Z CTX label=laborer_worker#2 childId=f8c9047d-cbe4-4b15-a0f6-1d54ea3691ca tok=48959 base=14227 window=215040 pct=0.2277 peak=none
2026-09-23T03:40:41.759Z CTX label=laborer_worker#2 childId=f8c9047d-cbe4-4b15-a0f6-1d54ea3691ca tok=49032 base=14227 window=215040 pct=0.2280 peak=none
2026-09-23T03:40:42.760Z CTX label=laborer_worker#2 childId=f8c9047d-cbe4-4b15-a0f6-1d54ea3691ca tok=49125 base=14227 window=215040 pct=0.2284 peak=none
2026-09-23T03:40:43.760Z CTX label=laborer_worker#2 childId=f8c9047d-cbe4-4b15-a0f6-1d54ea3691ca tok=49234 base=14227 window=215040 pct=0.2290 peak=none
2026-09-23T03:40:44.762Z CTX label=laborer_worker#2 childId=f8c9047d-cbe4-4b15-a0f6-1d54ea3691ca tok=49321 base=14227 window=215040 pct=0.2294 peak=none
2026-09-23T03:40:45.763Z CTX label=laborer_worker#2 childId=f8c9047d-cbe4-4b15-a0f6-1d54ea3691ca tok=49429 base=14227 window=215040 pct=0.2299 peak=none
2026-09-23T03:40:46.764Z CTX label=laborer_worker#2 childId=f8c9047d-cbe4-4b15-a0f6-1d54ea3691ca tok=49536 base=14227 window=215040 pct=0.2304 peak=none
2026-09-23T03:40:47.765Z CTX label=laborer_worker#2 childId=f8c9047d-cbe4-4b15-a0f6-1d54ea3691ca tok=49611 base=14227 window=215040 pct=0.2307 peak=none
2026-09-23T03:40:48.766Z CTX label=laborer_worker#2 childId=f8c9047d-cbe4-4b15-a0f6-1d54ea3691ca tok=49726 base=14227 window=215040 pct=0.2312 peak=none
2026-09-23T03:40:49.767Z CTX label=laborer_worker#2 childId=f8c9047d-cbe4-4b15-a0f6-1d54ea3691ca tok=49822 base=14227 window=215040 pct=0.2317 peak=none
2026-09-23T03:40:50.769Z CTX label=laborer_worker#2 childId=f8c9047d-cbe4-4b15-a0f6-1d54ea3691ca tok=49915 base=14227 window=215040 pct=0.2321 peak=none
2026-09-23T03:40:51.770Z CTX label=laborer_worker#2 childId=f8c9047d-cbe4-4b15-a0f6-1d54ea3691ca tok=50009 base=14227 window=215040 pct=0.2326 peak=none
2026-09-23T03:40:52.771Z CTX label=laborer_worker#2 childId=f8c9047d-cbe4-4b15-a0f6-1d54ea3691ca tok=50106 base=14227 window=215040 pct=0.2330 peak=none
2026-09-23T03:40:53.772Z CTX label=laborer_worker#2 childId=f8c9047d-cbe4-4b15-a0f6-1d54ea3691ca tok=50209 base=14227 window=215040 pct=0.2335 peak=none
2026-09-23T03:40:54.771Z CTX label=laborer_worker#2 childId=f8c9047d-cbe4-4b15-a0f6-1d54ea3691ca tok=50326 base=14227 window=215040 pct=0.2340 peak=none
2026-09-23T03:40:55.774Z CTX label=laborer_worker#2 childId=f8c9047d-cbe4-4b15-a0f6-1d54ea3691ca tok=50425 base=14227 window=215040 pct=0.2345 peak=none
2026-09-23T03:40:56.773Z CTX label=laborer_worker#2 childId=f8c9047d-cbe4-4b15-a0f6-1d54ea3691ca tok=50507 base=14227 window=215040 pct=0.2349 peak=none
2026-09-23T03:40:57.773Z CTX label=laborer_worker#2 childId=f8c9047d-cbe4-4b15-a0f6-1d54ea3691ca tok=50587 base=14227 window=215040 pct=0.2352 peak=none
2026-09-23T03:40:58.774Z CTX label=laborer_worker#2 childId=f8c9047d-cbe4-4b15-a0f6-1d54ea3691ca tok=50664 base=14227 window=215040 pct=0.2356 peak=none
2026-09-23T03:40:59.776Z CTX label=laborer_worker#2 childId=f8c9047d-cbe4-4b15-a0f6-1d54ea3691ca tok=50736 base=14227 window=215040 pct=0.2359 peak=none
2026-09-23T03:41:00.777Z CTX label=laborer_worker#2 childId=f8c9047d-cbe4-4b15-a0f6-1d54ea3691ca tok=50814 base=14227 window=215040 pct=0.2363 peak=none
2026-09-23T03:41:01.777Z CTX label=laborer_worker#2 childId=f8c9047d-cbe4-4b15-a0f6-1d54ea3691ca tok=50881 base=14227 window=215040 pct=0.2366 peak=none
2026-09-23T03:41:02.777Z CTX label=laborer_worker#2 childId=f8c9047d-cbe4-4b15-a0f6-1d54ea3691ca tok=50935 base=14227 window=215040 pct=0.2369 peak=none
2026-09-23T03:41:03.778Z CTX label=laborer_worker#2 childId=f8c9047d-cbe4-4b15-a0f6-1d54ea3691ca tok=50980 base=14227 window=215040 pct=0.2371 peak=none
2026-09-23T03:41:04.781Z CTX label=laborer_worker#2 childId=f8c9047d-cbe4-4b15-a0f6-1d54ea3691ca tok=51042 base=14227 window=215040 pct=0.2374 peak=none
2026-09-23T03:41:05.782Z CTX label=laborer_worker#2 childId=f8c9047d-cbe4-4b15-a0f6-1d54ea3691ca tok=51097 base=14227 window=215040 pct=0.2376 peak=none
2026-09-23T03:41:06.782Z CTX label=laborer_worker#2 childId=f8c9047d-cbe4-4b15-a0f6-1d54ea3691ca tok=51151 base=14227 window=215040 pct=0.2379 peak=none
2026-09-23T03:41:07.784Z CTX label=laborer_worker#2 childId=f8c9047d-cbe4-4b15-a0f6-1d54ea3691ca tok=51235 base=14227 window=215040 pct=0.2383 peak=none
2026-09-23T03:41:08.784Z CTX label=laborer_worker#2 childId=f8c9047d-cbe4-4b15-a0f6-1d54ea3691ca tok=51299 base=14227 window=215040 pct=0.2386 peak=none
2026-09-23T03:41:09.785Z CTX label=laborer_worker#2 childId=f8c9047d-cbe4-4b15-a0f6-1d54ea3691ca tok=51369 base=14227 window=215040 pct=0.2389 peak=none
2026-09-23T03:41:10.786Z CTX label=laborer_worker#2 childId=f8c9047d-cbe4-4b15-a0f6-1d54ea3691ca tok=51425 base=14227 window=215040 pct=0.2391 peak=none
2026-09-23T03:41:11.787Z CTX label=laborer_worker#2 childId=f8c9047d-cbe4-4b15-a0f6-1d54ea3691ca tok=51484 base=14227 window=215040 pct=0.2394 peak=none
2026-09-23T03:41:12.789Z CTX label=laborer_worker#2 childId=f8c9047d-cbe4-4b15-a0f6-1d54ea3691ca tok=51558 base=14227 window=215040 pct=0.2398 peak=none
2026-09-23T03:41:13.791Z CTX label=laborer_worker#2 childId=f8c9047d-cbe4-4b15-a0f6-1d54ea3691ca tok=51635 base=14227 window=215040 pct=0.2401 peak=none
2026-09-23T03:41:14.791Z CTX label=laborer_worker#2 childId=f8c9047d-cbe4-4b15-a0f6-1d54ea3691ca tok=51692 base=14227 window=215040 pct=0.2404 peak=none
2026-09-23T03:41:15.794Z CTX label=laborer_worker#2 childId=f8c9047d-cbe4-4b15-a0f6-1d54ea3691ca tok=51767 base=14227 window=215040 pct=0.2407 peak=none
2026-09-23T03:41:16.793Z CTX label=laborer_worker#2 childId=f8c9047d-cbe4-4b15-a0f6-1d54ea3691ca tok=51839 base=14227 window=215040 pct=0.2411 peak=none
2026-09-23T03:41:17.795Z CTX label=laborer_worker#2 childId=f8c9047d-cbe4-4b15-a0f6-1d54ea3691ca tok=51909 base=14227 window=215040 pct=0.2414 peak=none
2026-09-23T03:41:18.795Z CTX label=laborer_worker#2 childId=f8c9047d-cbe4-4b15-a0f6-1d54ea3691ca tok=51956 base=14227 window=215040 pct=0.2416 peak=none
2026-09-23T03:41:19.795Z CTX label=laborer_worker#2 childId=f8c9047d-cbe4-4b15-a0f6-1d54ea3691ca tok=52023 base=14227 window=215040 pct=0.2419 peak=none
2026-09-23T03:41:20.795Z CTX label=laborer_worker#2 childId=f8c9047d-cbe4-4b15-a0f6-1d54ea3691ca tok=52075 base=14227 window=215040 pct=0.2422 peak=none
2026-09-23T03:41:21.797Z CTX label=laborer_worker#2 childId=f8c9047d-cbe4-4b15-a0f6-1d54ea3691ca tok=52135 base=14227 window=215040 pct=0.2424 peak=none
2026-09-23T03:41:22.798Z CTX label=laborer_worker#2 childId=f8c9047d-cbe4-4b15-a0f6-1d54ea3691ca tok=52179 base=14227 window=215040 pct=0.2426 peak=none
2026-09-23T03:41:23.799Z CTX label=laborer_worker#2 childId=f8c9047d-cbe4-4b15-a0f6-1d54ea3691ca tok=52225 base=14227 window=215040 pct=0.2429 peak=none
2026-09-23T03:41:24.801Z CTX label=laborer_worker#2 childId=f8c9047d-cbe4-4b15-a0f6-1d54ea3691ca tok=52304 base=14227 window=215040 pct=0.2432 peak=none
2026-09-23T03:41:25.800Z CTX label=laborer_worker#2 childId=f8c9047d-cbe4-4b15-a0f6-1d54ea3691ca tok=52394 base=14227 window=215040 pct=0.2436 peak=none
2026-09-23T03:41:26.802Z CTX label=laborer_worker#2 childId=f8c9047d-cbe4-4b15-a0f6-1d54ea3691ca tok=52460 base=14227 window=215040 pct=0.2440 peak=none
2026-09-23T03:41:27.803Z CTX label=laborer_worker#2 childId=f8c9047d-cbe4-4b15-a0f6-1d54ea3691ca tok=52546 base=14227 window=215040 pct=0.2444 peak=none
2026-09-23T03:41:28.804Z CTX label=laborer_worker#2 childId=f8c9047d-cbe4-4b15-a0f6-1d54ea3691ca tok=52727 base=14227 window=215040 pct=0.2452 peak=none
2026-09-23T03:41:29.805Z CTX label=laborer_worker#2 childId=f8c9047d-cbe4-4b15-a0f6-1d54ea3691ca tok=52757 base=14227 window=215040 pct=0.2453 peak=none
2026-09-23T03:41:30.805Z CTX label=laborer_worker#2 childId=f8c9047d-cbe4-4b15-a0f6-1d54ea3691ca tok=52846 base=14227 window=215040 pct=0.2457 peak=none
2026-09-23T03:41:31.805Z CTX label=laborer_worker#2 childId=f8c9047d-cbe4-4b15-a0f6-1d54ea3691ca tok=52913 base=14227 window=215040 pct=0.2461 peak=none
2026-09-23T03:41:32.806Z CTX label=laborer_worker#2 childId=f8c9047d-cbe4-4b15-a0f6-1d54ea3691ca tok=53007 base=14227 window=215040 pct=0.2465 peak=none
2026-09-23T03:41:33.807Z CTX label=laborer_worker#2 childId=f8c9047d-cbe4-4b15-a0f6-1d54ea3691ca tok=53093 base=14227 window=215040 pct=0.2469 peak=none
2026-09-23T03:41:34.808Z CTX label=laborer_worker#2 childId=f8c9047d-cbe4-4b15-a0f6-1d54ea3691ca tok=53161 base=14227 window=215040 pct=0.2472 peak=none
2026-09-23T03:41:35.807Z CTX label=laborer_worker#2 childId=f8c9047d-cbe4-4b15-a0f6-1d54ea3691ca tok=53236 base=14227 window=215040 pct=0.2476 peak=none
2026-09-23T03:41:36.808Z CTX label=laborer_worker#2 childId=f8c9047d-cbe4-4b15-a0f6-1d54ea3691ca tok=53293 base=14227 window=215040 pct=0.2478 peak=none
2026-09-23T03:41:37.810Z CTX label=laborer_worker#2 childId=f8c9047d-cbe4-4b15-a0f6-1d54ea3691ca tok=53368 base=14227 window=215040 pct=0.2482 peak=none
2026-09-23T03:41:38.811Z CTX label=laborer_worker#2 childId=f8c9047d-cbe4-4b15-a0f6-1d54ea3691ca tok=53463 base=14227 window=215040 pct=0.2486 peak=none
2026-09-23T03:41:39.812Z CTX label=laborer_worker#2 childId=f8c9047d-cbe4-4b15-a0f6-1d54ea3691ca tok=53555 base=14227 window=215040 pct=0.2490 peak=none
2026-09-23T03:41:40.812Z CTX label=laborer_worker#2 childId=f8c9047d-cbe4-4b15-a0f6-1d54ea3691ca tok=53615 base=14227 window=215040 pct=0.2493 peak=none
2026-09-23T03:41:41.812Z CTX label=laborer_worker#2 childId=f8c9047d-cbe4-4b15-a0f6-1d54ea3691ca tok=53683 base=14227 window=215040 pct=0.2496 peak=none
2026-09-23T03:41:42.812Z CTX label=laborer_worker#2 childId=f8c9047d-cbe4-4b15-a0f6-1d54ea3691ca tok=53719 base=14227 window=215040 pct=0.2498 peak=none
2026-09-23T03:41:43.814Z CTX label=laborer_worker#2 childId=f8c9047d-cbe4-4b15-a0f6-1d54ea3691ca tok=53719 base=14227 window=215040 pct=0.2498 peak=none
2026-09-23T03:41:44.814Z CTX label=laborer_worker#2 childId=f8c9047d-cbe4-4b15-a0f6-1d54ea3691ca tok=53719 base=14227 window=215040 pct=0.2498 peak=none
2026-09-23T03:41:45.815Z CTX label=laborer_worker#2 childId=f8c9047d-cbe4-4b15-a0f6-1d54ea3691ca tok=53719 base=14227 window=215040 pct=0.2498 peak=none
2026-09-23T03:41:46.816Z CTX label=laborer_worker#2 childId=f8c9047d-cbe4-4b15-a0f6-1d54ea3691ca tok=53719 base=14227 window=215040 pct=0.2498 peak=none
2026-09-23T03:41:47.815Z CTX label=laborer_worker#2 childId=f8c9047d-cbe4-4b15-a0f6-1d54ea3691ca tok=53719 base=14227 window=215040 pct=0.2498 peak=none
2026-09-23T03:41:48.816Z CTX label=laborer_worker#2 childId=f8c9047d-cbe4-4b15-a0f6-1d54ea3691ca tok=53719 base=14227 window=215040 pct=0.2498 peak=none
2026-09-23T03:41:49.818Z CTX label=laborer_worker#2 childId=f8c9047d-cbe4-4b15-a0f6-1d54ea3691ca tok=53719 base=14227 window=215040 pct=0.2498 peak=none
2026-09-23T03:41:50.819Z CTX label=laborer_worker#2 childId=f8c9047d-cbe4-4b15-a0f6-1d54ea3691ca tok=53719 base=14227 window=215040 pct=0.2498 peak=none
2026-09-23T03:41:51.820Z CTX label=laborer_worker#2 childId=f8c9047d-cbe4-4b15-a0f6-1d54ea3691ca tok=53719 base=14227 window=215040 pct=0.2498 peak=none
2026-09-23T03:41:52.820Z CTX label=laborer_worker#2 childId=f8c9047d-cbe4-4b15-a0f6-1d54ea3691ca tok=53719 base=14227 window=215040 pct=0.2498 peak=none
2026-09-23T03:41:53.822Z CTX label=laborer_worker#2 childId=f8c9047d-cbe4-4b15-a0f6-1d54ea3691ca tok=53719 base=14227 window=215040 pct=0.2498 peak=none
2026-09-23T03:41:54.821Z CTX label=laborer_worker#2 childId=f8c9047d-cbe4-4b15-a0f6-1d54ea3691ca tok=53719 base=14227 window=215040 pct=0.2498 peak=none
2026-09-23T03:41:55.824Z CTX label=laborer_worker#2 childId=f8c9047d-cbe4-4b15-a0f6-1d54ea3691ca tok=53719 base=14227 window=215040 pct=0.2498 peak=none
2026-09-23T03:41:56.825Z CTX label=laborer_worker#2 childId=f8c9047d-cbe4-4b15-a0f6-1d54ea3691ca tok=53719 base=14227 window=215040 pct=0.2498 peak=none
2026-09-23T03:41:57.825Z CTX label=laborer_worker#2 childId=f8c9047d-cbe4-4b15-a0f6-1d54ea3691ca tok=53719 base=14227 window=215040 pct=0.2498 peak=none
2026-09-23T03:41:58.826Z CTX label=laborer_worker#2 childId=f8c9047d-cbe4-4b15-a0f6-1d54ea3691ca tok=53719 base=14227 window=215040 pct=0.2498 peak=none
2026-09-23T03:41:59.826Z CTX label=laborer_worker#2 childId=f8c9047d-cbe4-4b15-a0f6-1d54ea3691ca tok=53719 base=14227 window=215040 pct=0.2498 peak=none
2026-09-23T03:42:00.828Z CTX label=laborer_worker#2 childId=f8c9047d-cbe4-4b15-a0f6-1d54ea3691ca tok=53719 base=14227 window=215040 pct=0.2498 peak=none
2026-09-23T03:42:01.829Z CTX label=laborer_worker#2 childId=f8c9047d-cbe4-4b15-a0f6-1d54ea3691ca tok=53719 base=14227 window=215040 pct=0.2498 peak=none
2026-09-23T03:42:02.830Z CTX label=laborer_worker#2 childId=f8c9047d-cbe4-4b15-a0f6-1d54ea3691ca tok=53719 base=14227 window=215040 pct=0.2498 peak=none
2026-09-23T03:42:03.830Z CTX label=laborer_worker#2 childId=f8c9047d-cbe4-4b15-a0f6-1d54ea3691ca tok=53719 base=14227 window=215040 pct=0.2498 peak=none
2026-09-23T03:42:04.829Z CTX label=laborer_worker#2 childId=f8c9047d-cbe4-4b15-a0f6-1d54ea3691ca tok=53719 base=14227 window=215040 pct=0.2498 peak=none
2026-09-23T03:42:05.830Z CTX label=laborer_worker#2 childId=f8c9047d-cbe4-4b15-a0f6-1d54ea3691ca tok=53719 base=14227 window=215040 pct=0.2498 peak=none
2026-09-23T03:42:06.830Z CTX label=laborer_worker#2 childId=f8c9047d-cbe4-4b15-a0f6-1d54ea3691ca tok=59667 base=14227 window=215040 pct=0.2775 peak=none
2026-09-23T03:42:07.832Z CTX label=laborer_worker#2 childId=f8c9047d-cbe4-4b15-a0f6-1d54ea3691ca tok=59691 base=14227 window=215040 pct=0.2776 peak=none
2026-09-23T03:42:08.832Z CTX label=laborer_worker#2 childId=f8c9047d-cbe4-4b15-a0f6-1d54ea3691ca tok=61370 base=14227 window=215040 pct=0.2854 peak=none
2026-09-23T03:42:09.832Z CTX label=laborer_worker#2 childId=f8c9047d-cbe4-4b15-a0f6-1d54ea3691ca tok=61370 base=14227 window=215040 pct=0.2854 peak=none
2026-09-23T03:42:10.833Z CTX label=laborer_worker#2 childId=f8c9047d-cbe4-4b15-a0f6-1d54ea3691ca tok=61370 base=14227 window=215040 pct=0.2854 peak=none
2026-09-23T03:42:11.834Z CTX label=laborer_worker#2 childId=f8c9047d-cbe4-4b15-a0f6-1d54ea3691ca tok=61370 base=14227 window=215040 pct=0.2854 peak=none
2026-09-23T03:42:12.834Z CTX label=laborer_worker#2 childId=f8c9047d-cbe4-4b15-a0f6-1d54ea3691ca tok=61370 base=14227 window=215040 pct=0.2854 peak=none
2026-09-23T03:42:13.836Z CTX label=laborer_worker#2 childId=f8c9047d-cbe4-4b15-a0f6-1d54ea3691ca tok=61370 base=14227 window=215040 pct=0.2854 peak=none
2026-09-23T03:42:14.836Z CTX label=laborer_worker#2 childId=f8c9047d-cbe4-4b15-a0f6-1d54ea3691ca tok=61370 base=14227 window=215040 pct=0.2854 peak=none
2026-09-23T03:42:15.838Z CTX label=laborer_worker#2 childId=f8c9047d-cbe4-4b15-a0f6-1d54ea3691ca tok=61370 base=14227 window=215040 pct=0.2854 peak=none
2026-09-23T03:42:16.838Z CTX label=laborer_worker#2 childId=f8c9047d-cbe4-4b15-a0f6-1d54ea3691ca tok=61370 base=14227 window=215040 pct=0.2854 peak=none
2026-09-23T03:42:17.839Z CTX label=laborer_worker#2 childId=f8c9047d-cbe4-4b15-a0f6-1d54ea3691ca tok=61370 base=14227 window=215040 pct=0.2854 peak=none
2026-09-23T03:42:18.840Z CTX label=laborer_worker#2 childId=f8c9047d-cbe4-4b15-a0f6-1d54ea3691ca tok=61370 base=14227 window=215040 pct=0.2854 peak=none
2026-09-23T03:42:19.841Z CTX label=laborer_worker#2 childId=f8c9047d-cbe4-4b15-a0f6-1d54ea3691ca tok=61370 base=14227 window=215040 pct=0.2854 peak=none
2026-09-23T03:42:20.842Z CTX label=laborer_worker#2 childId=f8c9047d-cbe4-4b15-a0f6-1d54ea3691ca tok=61370 base=14227 window=215040 pct=0.2854 peak=none
2026-09-23T03:42:21.844Z CTX label=laborer_worker#2 childId=f8c9047d-cbe4-4b15-a0f6-1d54ea3691ca tok=61370 base=14227 window=215040 pct=0.2854 peak=none
2026-09-23T03:42:22.852Z CTX label=laborer_worker#2 childId=f8c9047d-cbe4-4b15-a0f6-1d54ea3691ca tok=61370 base=14227 window=215040 pct=0.2854 peak=none
2026-09-23T03:42:23.854Z CTX label=laborer_worker#2 childId=f8c9047d-cbe4-4b15-a0f6-1d54ea3691ca tok=61370 base=14227 window=215040 pct=0.2854 peak=none
2026-09-23T03:42:24.856Z CTX label=laborer_worker#2 childId=f8c9047d-cbe4-4b15-a0f6-1d54ea3691ca tok=61370 base=14227 window=215040 pct=0.2854 peak=none
2026-09-23T03:42:25.856Z CTX label=laborer_worker#2 childId=f8c9047d-cbe4-4b15-a0f6-1d54ea3691ca tok=61370 base=14227 window=215040 pct=0.2854 peak=none
2026-09-23T03:42:26.860Z CTX label=laborer_worker#2 childId=f8c9047d-cbe4-4b15-a0f6-1d54ea3691ca tok=61370 base=14227 window=215040 pct=0.2854 peak=none
2026-09-23T03:42:27.861Z CTX label=laborer_worker#2 childId=f8c9047d-cbe4-4b15-a0f6-1d54ea3691ca tok=61370 base=14227 window=215040 pct=0.2854 peak=none
2026-09-23T03:42:28.862Z CTX label=laborer_worker#2 childId=f8c9047d-cbe4-4b15-a0f6-1d54ea3691ca tok=61370 base=14227 window=215040 pct=0.2854 peak=none
2026-09-23T03:42:29.864Z CTX label=laborer_worker#2 childId=f8c9047d-cbe4-4b15-a0f6-1d54ea3691ca tok=61370 base=14227 window=215040 pct=0.2854 peak=none
2026-09-23T03:42:30.865Z CTX label=laborer_worker#2 childId=f8c9047d-cbe4-4b15-a0f6-1d54ea3691ca tok=61370 base=14227 window=215040 pct=0.2854 peak=none
2026-09-23T03:42:31.865Z CTX label=laborer_worker#2 childId=f8c9047d-cbe4-4b15-a0f6-1d54ea3691ca tok=61370 base=14227 window=215040 pct=0.2854 peak=none
2026-09-23T03:42:32.866Z CTX label=laborer_worker#2 childId=f8c9047d-cbe4-4b15-a0f6-1d54ea3691ca tok=61370 base=14227 window=215040 pct=0.2854 peak=none
2026-09-23T03:42:33.867Z CTX label=laborer_worker#2 childId=f8c9047d-cbe4-4b15-a0f6-1d54ea3691ca tok=61370 base=14227 window=215040 pct=0.2854 peak=none
2026-09-23T03:42:34.867Z CTX label=laborer_worker#2 childId=f8c9047d-cbe4-4b15-a0f6-1d54ea3691ca tok=61370 base=14227 window=215040 pct=0.2854 peak=none
2026-09-23T03:42:35.869Z CTX label=laborer_worker#2 childId=f8c9047d-cbe4-4b15-a0f6-1d54ea3691ca tok=61370 base=14227 window=215040 pct=0.2854 peak=none
2026-09-23T03:42:36.870Z CTX label=laborer_worker#2 childId=f8c9047d-cbe4-4b15-a0f6-1d54ea3691ca tok=61577 base=14227 window=215040 pct=0.2864 peak=none
2026-09-23T03:42:37.871Z CTX label=laborer_worker#2 childId=f8c9047d-cbe4-4b15-a0f6-1d54ea3691ca tok=61608 base=14227 window=215040 pct=0.2865 peak=none
2026-09-23T03:42:38.872Z CTX label=laborer_worker#2 childId=f8c9047d-cbe4-4b15-a0f6-1d54ea3691ca tok=61713 base=14227 window=215040 pct=0.2870 peak=none
2026-09-23T03:42:39.873Z CTX label=laborer_worker#2 childId=f8c9047d-cbe4-4b15-a0f6-1d54ea3691ca tok=61813 base=14227 window=215040 pct=0.2874 peak=none
2026-09-23T03:42:40.873Z CTX label=laborer_worker#2 childId=f8c9047d-cbe4-4b15-a0f6-1d54ea3691ca tok=61936 base=14227 window=215040 pct=0.2880 peak=none
2026-09-23T03:42:41.874Z CTX label=laborer_worker#2 childId=f8c9047d-cbe4-4b15-a0f6-1d54ea3691ca tok=62024 base=14227 window=215040 pct=0.2884 peak=none
2026-09-23T03:42:42.876Z CTX label=laborer_worker#2 childId=f8c9047d-cbe4-4b15-a0f6-1d54ea3691ca tok=62125 base=14227 window=215040 pct=0.2889 peak=none
2026-09-23T03:42:43.875Z CTX label=laborer_worker#2 childId=f8c9047d-cbe4-4b15-a0f6-1d54ea3691ca tok=62215 base=14227 window=215040 pct=0.2893 peak=none
2026-09-23T03:42:44.876Z CTX label=laborer_worker#2 childId=f8c9047d-cbe4-4b15-a0f6-1d54ea3691ca tok=62312 base=14227 window=215040 pct=0.2898 peak=none
2026-09-23T03:42:45.878Z CTX label=laborer_worker#2 childId=f8c9047d-cbe4-4b15-a0f6-1d54ea3691ca tok=62398 base=14227 window=215040 pct=0.2902 peak=none
2026-09-23T03:42:46.879Z CTX label=laborer_worker#2 childId=f8c9047d-cbe4-4b15-a0f6-1d54ea3691ca tok=62490 base=14227 window=215040 pct=0.2906 peak=none
2026-09-23T03:42:47.879Z CTX label=laborer_worker#2 childId=f8c9047d-cbe4-4b15-a0f6-1d54ea3691ca tok=62591 base=14227 window=215040 pct=0.2911 peak=none
2026-09-23T03:42:48.879Z CTX label=laborer_worker#2 childId=f8c9047d-cbe4-4b15-a0f6-1d54ea3691ca tok=62895 base=14227 window=215040 pct=0.2925 peak=none
2026-09-23T03:42:49.882Z CTX label=laborer_worker#2 childId=f8c9047d-cbe4-4b15-a0f6-1d54ea3691ca tok=63146 base=14227 window=215040 pct=0.2936 peak=none
2026-09-23T03:42:50.883Z CTX label=laborer_worker#2 childId=f8c9047d-cbe4-4b15-a0f6-1d54ea3691ca tok=63169 base=14227 window=215040 pct=0.2938 peak=none
2026-09-23T03:42:51.882Z CTX label=laborer_worker#2 childId=f8c9047d-cbe4-4b15-a0f6-1d54ea3691ca tok=63256 base=14227 window=215040 pct=0.2942 peak=none
2026-09-23T03:42:52.883Z CTX label=laborer_worker#2 childId=f8c9047d-cbe4-4b15-a0f6-1d54ea3691ca tok=63317 base=14227 window=215040 pct=0.2944 peak=none
2026-09-23T03:42:53.883Z CTX label=laborer_worker#2 childId=f8c9047d-cbe4-4b15-a0f6-1d54ea3691ca tok=63387 base=14227 window=215040 pct=0.2948 peak=none
2026-09-23T03:42:54.886Z CTX label=laborer_worker#2 childId=f8c9047d-cbe4-4b15-a0f6-1d54ea3691ca tok=63461 base=14227 window=215040 pct=0.2951 peak=none
2026-09-23T03:42:55.885Z CTX label=laborer_worker#2 childId=f8c9047d-cbe4-4b15-a0f6-1d54ea3691ca tok=63540 base=14227 window=215040 pct=0.2955 peak=none
2026-09-23T03:42:56.888Z CTX label=laborer_worker#2 childId=f8c9047d-cbe4-4b15-a0f6-1d54ea3691ca tok=63621 base=14227 window=215040 pct=0.2959 peak=none
2026-09-23T03:42:57.889Z CTX label=laborer_worker#2 childId=f8c9047d-cbe4-4b15-a0f6-1d54ea3691ca tok=63693 base=14227 window=215040 pct=0.2962 peak=none
2026-09-23T03:42:58.890Z CTX label=laborer_worker#2 childId=f8c9047d-cbe4-4b15-a0f6-1d54ea3691ca tok=63764 base=14227 window=215040 pct=0.2965 peak=none
2026-09-23T03:42:59.891Z CTX label=laborer_worker#2 childId=f8c9047d-cbe4-4b15-a0f6-1d54ea3691ca tok=63880 base=14227 window=215040 pct=0.2971 peak=none
2026-09-23T03:43:00.892Z CTX label=laborer_worker#2 childId=f8c9047d-cbe4-4b15-a0f6-1d54ea3691ca tok=63880 base=14227 window=215040 pct=0.2971 peak=none
2026-09-23T03:43:01.893Z CTX label=laborer_worker#2 childId=f8c9047d-cbe4-4b15-a0f6-1d54ea3691ca tok=63880 base=14227 window=215040 pct=0.2971 peak=none
2026-09-23T03:43:02.894Z CTX label=laborer_worker#2 childId=f8c9047d-cbe4-4b15-a0f6-1d54ea3691ca tok=65066 base=14227 window=215040 pct=0.3026 peak=none
2026-09-23T03:43:03.897Z CTX label=laborer_worker#2 childId=f8c9047d-cbe4-4b15-a0f6-1d54ea3691ca tok=65078 base=14227 window=215040 pct=0.3026 peak=none
2026-09-23T03:43:04.895Z CTX label=laborer_worker#2 childId=f8c9047d-cbe4-4b15-a0f6-1d54ea3691ca tok=65155 base=14227 window=215040 pct=0.3030 peak=none
2026-09-23T03:43:05.896Z CTX label=laborer_worker#2 childId=f8c9047d-cbe4-4b15-a0f6-1d54ea3691ca tok=65247 base=14227 window=215040 pct=0.3034 peak=none
2026-09-23T03:43:06.897Z CTX label=laborer_worker#2 childId=f8c9047d-cbe4-4b15-a0f6-1d54ea3691ca tok=65339 base=14227 window=215040 pct=0.3038 peak=none
2026-09-23T03:43:07.897Z CTX label=laborer_worker#2 childId=f8c9047d-cbe4-4b15-a0f6-1d54ea3691ca tok=65412 base=14227 window=215040 pct=0.3042 peak=none
2026-09-23T03:43:08.899Z CTX label=laborer_worker#2 childId=f8c9047d-cbe4-4b15-a0f6-1d54ea3691ca tok=65507 base=14227 window=215040 pct=0.3046 peak=none
2026-09-23T03:43:09.901Z CTX label=laborer_worker#2 childId=f8c9047d-cbe4-4b15-a0f6-1d54ea3691ca tok=65598 base=14227 window=215040 pct=0.3051 peak=none
2026-09-23T03:43:10.902Z CTX label=laborer_worker#2 childId=f8c9047d-cbe4-4b15-a0f6-1d54ea3691ca tok=65701 base=14227 window=215040 pct=0.3055 peak=none
2026-09-23T03:43:11.901Z CTX label=laborer_worker#2 childId=f8c9047d-cbe4-4b15-a0f6-1d54ea3691ca tok=65784 base=14227 window=215040 pct=0.3059 peak=none
2026-09-23T03:43:12.903Z CTX label=laborer_worker#2 childId=f8c9047d-cbe4-4b15-a0f6-1d54ea3691ca tok=65868 base=14227 window=215040 pct=0.3063 peak=none
2026-09-23T03:43:13.903Z CTX label=laborer_worker#2 childId=f8c9047d-cbe4-4b15-a0f6-1d54ea3691ca tok=65955 base=14227 window=215040 pct=0.3067 peak=none
2026-09-23T03:43:14.904Z CTX label=laborer_worker#2 childId=f8c9047d-cbe4-4b15-a0f6-1d54ea3691ca tok=66036 base=14227 window=215040 pct=0.3071 peak=none
2026-09-23T03:43:15.903Z CTX label=laborer_worker#2 childId=f8c9047d-cbe4-4b15-a0f6-1d54ea3691ca tok=66130 base=14227 window=215040 pct=0.3075 peak=none
2026-09-23T03:43:16.906Z CTX label=laborer_worker#2 childId=f8c9047d-cbe4-4b15-a0f6-1d54ea3691ca tok=66186 base=14227 window=215040 pct=0.3078 peak=none
2026-09-23T03:43:17.905Z CTX label=laborer_worker#2 childId=f8c9047d-cbe4-4b15-a0f6-1d54ea3691ca tok=66186 base=14227 window=215040 pct=0.3078 peak=none
2026-09-23T03:43:18.907Z CTX label=laborer_worker#2 childId=f8c9047d-cbe4-4b15-a0f6-1d54ea3691ca tok=66186 base=14227 window=215040 pct=0.3078 peak=none
2026-09-23T03:43:19.908Z CTX label=laborer_worker#2 childId=f8c9047d-cbe4-4b15-a0f6-1d54ea3691ca tok=66186 base=14227 window=215040 pct=0.3078 peak=none
2026-09-23T03:43:20.908Z CTX label=laborer_worker#2 childId=f8c9047d-cbe4-4b15-a0f6-1d54ea3691ca tok=66186 base=14227 window=215040 pct=0.3078 peak=none
2026-09-23T03:43:21.909Z CTX label=laborer_worker#2 childId=f8c9047d-cbe4-4b15-a0f6-1d54ea3691ca tok=66186 base=14227 window=215040 pct=0.3078 peak=none
2026-09-23T03:43:22.910Z CTX label=laborer_worker#2 childId=f8c9047d-cbe4-4b15-a0f6-1d54ea3691ca tok=67241 base=14227 window=215040 pct=0.3127 peak=none
2026-09-23T03:43:23.912Z CTX label=laborer_worker#2 childId=f8c9047d-cbe4-4b15-a0f6-1d54ea3691ca tok=67304 base=14227 window=215040 pct=0.3130 peak=none
2026-09-23T03:43:24.911Z CTX label=laborer_worker#2 childId=f8c9047d-cbe4-4b15-a0f6-1d54ea3691ca tok=67373 base=14227 window=215040 pct=0.3133 peak=none
2026-09-23T03:43:25.912Z CTX label=laborer_worker#2 childId=f8c9047d-cbe4-4b15-a0f6-1d54ea3691ca tok=67449 base=14227 window=215040 pct=0.3137 peak=none
2026-09-23T03:43:26.913Z CTX label=laborer_worker#2 childId=f8c9047d-cbe4-4b15-a0f6-1d54ea3691ca tok=67525 base=14227 window=215040 pct=0.3140 peak=none
2026-09-23T03:43:27.913Z CTX label=laborer_worker#2 childId=f8c9047d-cbe4-4b15-a0f6-1d54ea3691ca tok=67598 base=14227 window=215040 pct=0.3144 peak=none
2026-09-23T03:43:28.914Z CTX label=laborer_worker#2 childId=f8c9047d-cbe4-4b15-a0f6-1d54ea3691ca tok=67671 base=14227 window=215040 pct=0.3147 peak=none
2026-09-23T03:43:29.916Z CTX label=laborer_worker#2 childId=f8c9047d-cbe4-4b15-a0f6-1d54ea3691ca tok=67740 base=14227 window=215040 pct=0.3150 peak=none
2026-09-23T03:43:30.916Z CTX label=laborer_worker#2 childId=f8c9047d-cbe4-4b15-a0f6-1d54ea3691ca tok=67820 base=14227 window=215040 pct=0.3154 peak=none
2026-09-23T03:43:31.917Z CTX label=laborer_worker#2 childId=f8c9047d-cbe4-4b15-a0f6-1d54ea3691ca tok=67891 base=14227 window=215040 pct=0.3157 peak=none
2026-09-23T03:43:32.917Z CTX label=laborer_worker#2 childId=f8c9047d-cbe4-4b15-a0f6-1d54ea3691ca tok=67962 base=14227 window=215040 pct=0.3160 peak=none
2026-09-23T03:43:33.918Z CTX label=laborer_worker#2 childId=f8c9047d-cbe4-4b15-a0f6-1d54ea3691ca tok=68037 base=14227 window=215040 pct=0.3164 peak=none
2026-09-23T03:43:34.918Z CTX label=laborer_worker#2 childId=f8c9047d-cbe4-4b15-a0f6-1d54ea3691ca tok=68118 base=14227 window=215040 pct=0.3168 peak=none
2026-09-23T03:43:35.919Z CTX label=laborer_worker#2 childId=f8c9047d-cbe4-4b15-a0f6-1d54ea3691ca tok=68202 base=14227 window=215040 pct=0.3172 peak=none
2026-09-23T03:43:36.921Z CTX label=laborer_worker#2 childId=f8c9047d-cbe4-4b15-a0f6-1d54ea3691ca tok=68262 base=14227 window=215040 pct=0.3174 peak=none
2026-09-23T03:43:37.921Z CTX label=laborer_worker#2 childId=f8c9047d-cbe4-4b15-a0f6-1d54ea3691ca tok=68321 base=14227 window=215040 pct=0.3177 peak=none
2026-09-23T03:43:38.920Z CTX label=laborer_worker#2 childId=f8c9047d-cbe4-4b15-a0f6-1d54ea3691ca tok=68400 base=14227 window=215040 pct=0.3181 peak=none
2026-09-23T03:43:39.922Z CTX label=laborer_worker#2 childId=f8c9047d-cbe4-4b15-a0f6-1d54ea3691ca tok=68460 base=14227 window=215040 pct=0.3184 peak=none
2026-09-23T03:43:40.931Z CTX label=laborer_worker#2 childId=f8c9047d-cbe4-4b15-a0f6-1d54ea3691ca tok=68536 base=14227 window=215040 pct=0.3187 peak=none
2026-09-23T03:43:41.932Z CTX label=laborer_worker#2 childId=f8c9047d-cbe4-4b15-a0f6-1d54ea3691ca tok=68630 base=14227 window=215040 pct=0.3191 peak=none
2026-09-23T03:43:42.933Z CTX label=laborer_worker#2 childId=f8c9047d-cbe4-4b15-a0f6-1d54ea3691ca tok=68706 base=14227 window=215040 pct=0.3195 peak=none
2026-09-23T03:43:43.933Z CTX label=laborer_worker#2 childId=f8c9047d-cbe4-4b15-a0f6-1d54ea3691ca tok=68812 base=14227 window=215040 pct=0.3200 peak=none
2026-09-23T03:43:44.935Z CTX label=laborer_worker#2 childId=f8c9047d-cbe4-4b15-a0f6-1d54ea3691ca tok=68906 base=14227 window=215040 pct=0.3204 peak=none
2026-09-23T03:43:45.935Z CTX label=laborer_worker#2 childId=f8c9047d-cbe4-4b15-a0f6-1d54ea3691ca tok=69013 base=14227 window=215040 pct=0.3209 peak=none
2026-09-23T03:43:46.935Z CTX label=laborer_worker#2 childId=f8c9047d-cbe4-4b15-a0f6-1d54ea3691ca tok=69117 base=14227 window=215040 pct=0.3214 peak=none
2026-09-23T03:43:47.937Z CTX label=laborer_worker#2 childId=f8c9047d-cbe4-4b15-a0f6-1d54ea3691ca tok=69215 base=14227 window=215040 pct=0.3219 peak=none
2026-09-23T03:43:48.938Z CTX label=laborer_worker#2 childId=f8c9047d-cbe4-4b15-a0f6-1d54ea3691ca tok=69332 base=14227 window=215040 pct=0.3224 peak=none
2026-09-23T03:43:49.939Z CTX label=laborer_worker#2 childId=f8c9047d-cbe4-4b15-a0f6-1d54ea3691ca tok=69429 base=14227 window=215040 pct=0.3229 peak=none
2026-09-23T03:43:50.939Z CTX label=laborer_worker#2 childId=f8c9047d-cbe4-4b15-a0f6-1d54ea3691ca tok=69533 base=14227 window=215040 pct=0.3233 peak=none
2026-09-23T03:43:51.940Z CTX label=laborer_worker#2 childId=f8c9047d-cbe4-4b15-a0f6-1d54ea3691ca tok=69620 base=14227 window=215040 pct=0.3238 peak=none
2026-09-23T03:43:52.941Z CTX label=laborer_worker#2 childId=f8c9047d-cbe4-4b15-a0f6-1d54ea3691ca tok=69682 base=14227 window=215040 pct=0.3240 peak=none
2026-09-23T03:43:53.942Z CTX label=laborer_worker#2 childId=f8c9047d-cbe4-4b15-a0f6-1d54ea3691ca tok=69743 base=14227 window=215040 pct=0.3243 peak=none
2026-09-23T03:43:54.943Z CTX label=laborer_worker#2 childId=f8c9047d-cbe4-4b15-a0f6-1d54ea3691ca tok=69809 base=14227 window=215040 pct=0.3246 peak=none
2026-09-23T03:43:55.944Z CTX label=laborer_worker#2 childId=f8c9047d-cbe4-4b15-a0f6-1d54ea3691ca tok=69951 base=14227 window=215040 pct=0.3253 peak=none
2026-09-23T03:43:56.945Z CTX label=laborer_worker#2 childId=f8c9047d-cbe4-4b15-a0f6-1d54ea3691ca tok=69951 base=14227 window=215040 pct=0.3253 peak=none
2026-09-23T03:43:57.946Z CTX label=laborer_worker#2 childId=f8c9047d-cbe4-4b15-a0f6-1d54ea3691ca tok=69951 base=14227 window=215040 pct=0.3253 peak=none
2026-09-23T03:43:58.948Z CTX label=laborer_worker#2 childId=f8c9047d-cbe4-4b15-a0f6-1d54ea3691ca tok=70956 base=14227 window=215040 pct=0.3300 peak=none
2026-09-23T03:43:59.949Z CTX label=laborer_worker#2 childId=f8c9047d-cbe4-4b15-a0f6-1d54ea3691ca tok=70967 base=14227 window=215040 pct=0.3300 peak=none
2026-09-23T03:44:00.948Z CTX label=laborer_worker#2 childId=f8c9047d-cbe4-4b15-a0f6-1d54ea3691ca tok=72326 base=14227 window=215040 pct=0.3363 peak=none
2026-09-23T03:44:01.950Z CTX label=laborer_worker#2 childId=f8c9047d-cbe4-4b15-a0f6-1d54ea3691ca tok=72326 base=14227 window=215040 pct=0.3363 peak=none
2026-09-23T03:44:02.951Z CTX label=laborer_worker#2 childId=f8c9047d-cbe4-4b15-a0f6-1d54ea3691ca tok=72326 base=14227 window=215040 pct=0.3363 peak=none
2026-09-23T03:44:03.957Z CTX label=laborer_worker#2 childId=f8c9047d-cbe4-4b15-a0f6-1d54ea3691ca tok=72326 base=14227 window=215040 pct=0.3363 peak=none
2026-09-23T03:44:04.957Z CTX label=laborer_worker#2 childId=f8c9047d-cbe4-4b15-a0f6-1d54ea3691ca tok=72326 base=14227 window=215040 pct=0.3363 peak=none
2026-09-23T03:44:05.959Z CTX label=laborer_worker#2 childId=f8c9047d-cbe4-4b15-a0f6-1d54ea3691ca tok=72326 base=14227 window=215040 pct=0.3363 peak=none
2026-09-23T03:44:06.960Z CTX label=laborer_worker#2 childId=f8c9047d-cbe4-4b15-a0f6-1d54ea3691ca tok=72326 base=14227 window=215040 pct=0.3363 peak=none
2026-09-23T03:44:07.961Z CTX label=laborer_worker#2 childId=f8c9047d-cbe4-4b15-a0f6-1d54ea3691ca tok=72326 base=14227 window=215040 pct=0.3363 peak=none
2026-09-23T03:44:08.960Z CTX label=laborer_worker#2 childId=f8c9047d-cbe4-4b15-a0f6-1d54ea3691ca tok=72326 base=14227 window=215040 pct=0.3363 peak=none
2026-09-23T03:44:09.961Z CTX label=laborer_worker#2 childId=f8c9047d-cbe4-4b15-a0f6-1d54ea3691ca tok=72326 base=14227 window=215040 pct=0.3363 peak=none
2026-09-23T03:44:10.962Z CTX label=laborer_worker#2 childId=f8c9047d-cbe4-4b15-a0f6-1d54ea3691ca tok=72326 base=14227 window=215040 pct=0.3363 peak=none
2026-09-23T03:44:11.964Z CTX label=laborer_worker#2 childId=f8c9047d-cbe4-4b15-a0f6-1d54ea3691ca tok=72326 base=14227 window=215040 pct=0.3363 peak=none
2026-09-23T03:44:12.965Z CTX label=laborer_worker#2 childId=f8c9047d-cbe4-4b15-a0f6-1d54ea3691ca tok=72326 base=14227 window=215040 pct=0.3363 peak=none
2026-09-23T03:44:13.967Z CTX label=laborer_worker#2 childId=f8c9047d-cbe4-4b15-a0f6-1d54ea3691ca tok=72326 base=14227 window=215040 pct=0.3363 peak=none
2026-09-23T03:44:14.968Z CTX label=laborer_worker#2 childId=f8c9047d-cbe4-4b15-a0f6-1d54ea3691ca tok=72326 base=14227 window=215040 pct=0.3363 peak=none
2026-09-23T03:44:15.969Z CTX label=laborer_worker#2 childId=f8c9047d-cbe4-4b15-a0f6-1d54ea3691ca tok=72326 base=14227 window=215040 pct=0.3363 peak=none
2026-09-23T03:44:16.969Z CTX label=laborer_worker#2 childId=f8c9047d-cbe4-4b15-a0f6-1d54ea3691ca tok=72326 base=14227 window=215040 pct=0.3363 peak=none
2026-09-23T03:44:17.969Z CTX label=laborer_worker#2 childId=f8c9047d-cbe4-4b15-a0f6-1d54ea3691ca tok=72326 base=14227 window=215040 pct=0.3363 peak=none
2026-09-23T03:44:18.968Z CTX label=laborer_worker#2 childId=f8c9047d-cbe4-4b15-a0f6-1d54ea3691ca tok=72326 base=14227 window=215040 pct=0.3363 peak=none
2026-09-23T03:44:19.971Z CTX label=laborer_worker#2 childId=f8c9047d-cbe4-4b15-a0f6-1d54ea3691ca tok=72326 base=14227 window=215040 pct=0.3363 peak=none
2026-09-23T03:44:20.976Z CTX label=laborer_worker#2 childId=f8c9047d-cbe4-4b15-a0f6-1d54ea3691ca tok=72326 base=14227 window=215040 pct=0.3363 peak=none
2026-09-23T03:44:21.976Z CTX label=laborer_worker#2 childId=f8c9047d-cbe4-4b15-a0f6-1d54ea3691ca tok=72326 base=14227 window=215040 pct=0.3363 peak=none
2026-09-23T03:44:22.976Z CTX label=laborer_worker#2 childId=f8c9047d-cbe4-4b15-a0f6-1d54ea3691ca tok=72326 base=14227 window=215040 pct=0.3363 peak=none
2026-09-23T03:44:23.977Z CTX label=laborer_worker#2 childId=f8c9047d-cbe4-4b15-a0f6-1d54ea3691ca tok=72326 base=14227 window=215040 pct=0.3363 peak=none
2026-09-23T03:44:24.979Z CTX label=laborer_worker#2 childId=f8c9047d-cbe4-4b15-a0f6-1d54ea3691ca tok=72326 base=14227 window=215040 pct=0.3363 peak=none
2026-09-23T03:44:25.979Z CTX label=laborer_worker#2 childId=f8c9047d-cbe4-4b15-a0f6-1d54ea3691ca tok=72326 base=14227 window=215040 pct=0.3363 peak=none
2026-09-23T03:44:26.979Z CTX label=laborer_worker#2 childId=f8c9047d-cbe4-4b15-a0f6-1d54ea3691ca tok=72326 base=14227 window=215040 pct=0.3363 peak=none
2026-09-23T03:44:27.981Z CTX label=laborer_worker#2 childId=f8c9047d-cbe4-4b15-a0f6-1d54ea3691ca tok=72326 base=14227 window=215040 pct=0.3363 peak=none
2026-09-23T03:44:28.982Z CTX label=laborer_worker#2 childId=f8c9047d-cbe4-4b15-a0f6-1d54ea3691ca tok=72508 base=14227 window=215040 pct=0.3372 peak=none
2026-09-23T03:44:29.982Z CTX label=laborer_worker#2 childId=f8c9047d-cbe4-4b15-a0f6-1d54ea3691ca tok=72541 base=14227 window=215040 pct=0.3373 peak=none
2026-09-23T03:44:30.984Z CTX label=laborer_worker#2 childId=f8c9047d-cbe4-4b15-a0f6-1d54ea3691ca tok=72616 base=14227 window=215040 pct=0.3377 peak=none
2026-09-23T03:44:31.985Z CTX label=laborer_worker#2 childId=f8c9047d-cbe4-4b15-a0f6-1d54ea3691ca tok=72722 base=14227 window=215040 pct=0.3382 peak=none
2026-09-23T03:44:32.986Z CTX label=laborer_worker#2 childId=f8c9047d-cbe4-4b15-a0f6-1d54ea3691ca tok=72814 base=14227 window=215040 pct=0.3386 peak=none
2026-09-23T03:44:33.986Z CTX label=laborer_worker#2 childId=f8c9047d-cbe4-4b15-a0f6-1d54ea3691ca tok=72886 base=14227 window=215040 pct=0.3389 peak=none
2026-09-23T03:44:34.986Z CTX label=laborer_worker#2 childId=f8c9047d-cbe4-4b15-a0f6-1d54ea3691ca tok=72977 base=14227 window=215040 pct=0.3394 peak=none
2026-09-23T03:44:35.991Z CTX label=laborer_worker#2 childId=f8c9047d-cbe4-4b15-a0f6-1d54ea3691ca tok=73072 base=14227 window=215040 pct=0.3398 peak=none
2026-09-23T03:44:36.991Z CTX label=laborer_worker#2 childId=f8c9047d-cbe4-4b15-a0f6-1d54ea3691ca tok=73155 base=14227 window=215040 pct=0.3402 peak=none
2026-09-23T03:44:37.993Z CTX label=laborer_worker#2 childId=f8c9047d-cbe4-4b15-a0f6-1d54ea3691ca tok=73235 base=14227 window=215040 pct=0.3406 peak=none
2026-09-23T03:44:38.994Z CTX label=laborer_worker#2 childId=f8c9047d-cbe4-4b15-a0f6-1d54ea3691ca tok=73725 base=14227 window=215040 pct=0.3428 peak=none
2026-09-23T03:44:39.995Z CTX label=laborer_worker#2 childId=f8c9047d-cbe4-4b15-a0f6-1d54ea3691ca tok=73725 base=14227 window=215040 pct=0.3428 peak=none
2026-09-23T03:44:40.995Z CTX label=laborer_worker#2 childId=f8c9047d-cbe4-4b15-a0f6-1d54ea3691ca tok=73815 base=14227 window=215040 pct=0.3433 peak=none
2026-09-23T03:44:41.995Z CTX label=laborer_worker#2 childId=f8c9047d-cbe4-4b15-a0f6-1d54ea3691ca tok=73886 base=14227 window=215040 pct=0.3436 peak=none
2026-09-23T03:44:42.996Z CTX label=laborer_worker#2 childId=f8c9047d-cbe4-4b15-a0f6-1d54ea3691ca tok=73959 base=14227 window=215040 pct=0.3439 peak=none
2026-09-23T03:44:43.996Z CTX label=laborer_worker#2 childId=f8c9047d-cbe4-4b15-a0f6-1d54ea3691ca tok=74042 base=14227 window=215040 pct=0.3443 peak=none
2026-09-23T03:44:44.997Z CTX label=laborer_worker#2 childId=f8c9047d-cbe4-4b15-a0f6-1d54ea3691ca tok=74120 base=14227 window=215040 pct=0.3447 peak=none
2026-09-23T03:44:45.998Z CTX label=laborer_worker#2 childId=f8c9047d-cbe4-4b15-a0f6-1d54ea3691ca tok=74192 base=14227 window=215040 pct=0.3450 peak=none
2026-09-23T03:44:47.000Z CTX label=laborer_worker#2 childId=f8c9047d-cbe4-4b15-a0f6-1d54ea3691ca tok=74292 base=14227 window=215040 pct=0.3455 peak=none
2026-09-23T03:44:48.000Z CTX label=laborer_worker#2 childId=f8c9047d-cbe4-4b15-a0f6-1d54ea3691ca tok=74380 base=14227 window=215040 pct=0.3459 peak=none
2026-09-23T03:44:49.002Z CTX label=laborer_worker#2 childId=f8c9047d-cbe4-4b15-a0f6-1d54ea3691ca tok=74461 base=14227 window=215040 pct=0.3463 peak=none
2026-09-23T03:44:50.002Z CTX label=laborer_worker#2 childId=f8c9047d-cbe4-4b15-a0f6-1d54ea3691ca tok=74543 base=14227 window=215040 pct=0.3466 peak=none
2026-09-23T03:44:51.002Z CTX label=laborer_worker#2 childId=f8c9047d-cbe4-4b15-a0f6-1d54ea3691ca tok=74607 base=14227 window=215040 pct=0.3469 peak=none
2026-09-23T03:44:52.002Z CTX label=laborer_worker#2 childId=f8c9047d-cbe4-4b15-a0f6-1d54ea3691ca tok=74680 base=14227 window=215040 pct=0.3473 peak=none
2026-09-23T03:44:53.004Z CTX label=laborer_worker#2 childId=f8c9047d-cbe4-4b15-a0f6-1d54ea3691ca tok=74774 base=14227 window=215040 pct=0.3477 peak=none
2026-09-23T03:44:54.003Z CTX label=laborer_worker#2 childId=f8c9047d-cbe4-4b15-a0f6-1d54ea3691ca tok=74847 base=14227 window=215040 pct=0.3481 peak=none
2026-09-23T03:44:55.003Z CTX label=laborer_worker#2 childId=f8c9047d-cbe4-4b15-a0f6-1d54ea3691ca tok=74933 base=14227 window=215040 pct=0.3485 peak=none
2026-09-23T03:44:56.003Z CTX label=laborer_worker#2 childId=f8c9047d-cbe4-4b15-a0f6-1d54ea3691ca tok=75001 base=14227 window=215040 pct=0.3488 peak=none
2026-09-23T03:44:57.004Z CTX label=laborer_worker#2 childId=f8c9047d-cbe4-4b15-a0f6-1d54ea3691ca tok=75082 base=14227 window=215040 pct=0.3492 peak=none
2026-09-23T03:44:58.003Z CTX label=laborer_worker#2 childId=f8c9047d-cbe4-4b15-a0f6-1d54ea3691ca tok=75195 base=14227 window=215040 pct=0.3497 peak=none
2026-09-23T03:44:59.003Z CTX label=laborer_worker#2 childId=f8c9047d-cbe4-4b15-a0f6-1d54ea3691ca tok=75237 base=14227 window=215040 pct=0.3499 peak=none
2026-09-23T03:45:00.003Z CTX label=laborer_worker#2 childId=f8c9047d-cbe4-4b15-a0f6-1d54ea3691ca tok=75922 base=14227 window=215040 pct=0.3531 peak=none
2026-09-23T03:45:01.003Z CTX label=laborer_worker#2 childId=f8c9047d-cbe4-4b15-a0f6-1d54ea3691ca tok=75922 base=14227 window=215040 pct=0.3531 peak=none
2026-09-23T03:45:02.005Z CTX label=laborer_worker#2 childId=f8c9047d-cbe4-4b15-a0f6-1d54ea3691ca tok=75922 base=14227 window=215040 pct=0.3531 peak=none
2026-09-23T03:45:03.005Z CTX label=laborer_worker#2 childId=f8c9047d-cbe4-4b15-a0f6-1d54ea3691ca tok=75967 base=14227 window=215040 pct=0.3533 peak=none
2026-09-23T03:45:04.005Z CTX label=laborer_worker#2 childId=f8c9047d-cbe4-4b15-a0f6-1d54ea3691ca tok=76044 base=14227 window=215040 pct=0.3536 peak=none
2026-09-23T03:45:05.004Z CTX label=laborer_worker#2 childId=f8c9047d-cbe4-4b15-a0f6-1d54ea3691ca tok=76121 base=14227 window=215040 pct=0.3540 peak=none
2026-09-23T03:45:06.004Z CTX label=laborer_worker#2 childId=f8c9047d-cbe4-4b15-a0f6-1d54ea3691ca tok=76206 base=14227 window=215040 pct=0.3544 peak=none
2026-09-23T03:45:07.005Z CTX label=laborer_worker#2 childId=f8c9047d-cbe4-4b15-a0f6-1d54ea3691ca tok=76306 base=14227 window=215040 pct=0.3548 peak=none
2026-09-23T03:45:08.005Z CTX label=laborer_worker#2 childId=f8c9047d-cbe4-4b15-a0f6-1d54ea3691ca tok=76375 base=14227 window=215040 pct=0.3552 peak=none
2026-09-23T03:45:09.005Z CTX label=laborer_worker#2 childId=f8c9047d-cbe4-4b15-a0f6-1d54ea3691ca tok=76468 base=14227 window=215040 pct=0.3556 peak=none
2026-09-23T03:45:10.006Z CTX label=laborer_worker#2 childId=f8c9047d-cbe4-4b15-a0f6-1d54ea3691ca tok=76578 base=14227 window=215040 pct=0.3561 peak=none
2026-09-23T03:45:11.006Z CTX label=laborer_worker#2 childId=f8c9047d-cbe4-4b15-a0f6-1d54ea3691ca tok=76665 base=14227 window=215040 pct=0.3565 peak=none
2026-09-23T03:45:12.006Z CTX label=laborer_worker#2 childId=f8c9047d-cbe4-4b15-a0f6-1d54ea3691ca tok=76753 base=14227 window=215040 pct=0.3569 peak=none
2026-09-23T03:45:13.006Z CTX label=laborer_worker#2 childId=f8c9047d-cbe4-4b15-a0f6-1d54ea3691ca tok=76828 base=14227 window=215040 pct=0.3573 peak=none
2026-09-23T03:45:14.006Z CTX label=laborer_worker#2 childId=f8c9047d-cbe4-4b15-a0f6-1d54ea3691ca tok=76905 base=14227 window=215040 pct=0.3576 peak=none
2026-09-23T03:45:15.006Z CTX label=laborer_worker#2 childId=f8c9047d-cbe4-4b15-a0f6-1d54ea3691ca tok=77000 base=14227 window=215040 pct=0.3581 peak=none
2026-09-23T03:45:16.008Z CTX label=laborer_worker#2 childId=f8c9047d-cbe4-4b15-a0f6-1d54ea3691ca tok=77110 base=14227 window=215040 pct=0.3586 peak=none
2026-09-23T03:45:17.008Z CTX label=laborer_worker#2 childId=f8c9047d-cbe4-4b15-a0f6-1d54ea3691ca tok=77169 base=14227 window=215040 pct=0.3589 peak=none
2026-09-23T03:45:18.008Z CTX label=laborer_worker#2 childId=f8c9047d-cbe4-4b15-a0f6-1d54ea3691ca tok=78803 base=14227 window=215040 pct=0.3665 peak=none
2026-09-23T03:45:19.010Z CTX label=laborer_worker#2 childId=f8c9047d-cbe4-4b15-a0f6-1d54ea3691ca tok=78803 base=14227 window=215040 pct=0.3665 peak=none
2026-09-23T03:45:20.010Z CTX label=laborer_worker#2 childId=f8c9047d-cbe4-4b15-a0f6-1d54ea3691ca tok=78803 base=14227 window=215040 pct=0.3665 peak=none
2026-09-23T03:45:21.013Z CTX label=laborer_worker#2 childId=f8c9047d-cbe4-4b15-a0f6-1d54ea3691ca tok=78866 base=14227 window=215040 pct=0.3668 peak=none
2026-09-23T03:45:22.014Z CTX label=laborer_worker#2 childId=f8c9047d-cbe4-4b15-a0f6-1d54ea3691ca tok=78977 base=14227 window=215040 pct=0.3673 peak=none
2026-09-23T03:45:23.015Z CTX label=laborer_worker#2 childId=f8c9047d-cbe4-4b15-a0f6-1d54ea3691ca tok=79085 base=14227 window=215040 pct=0.3678 peak=none
2026-09-23T03:45:24.016Z CTX label=laborer_worker#2 childId=f8c9047d-cbe4-4b15-a0f6-1d54ea3691ca tok=80532 base=14227 window=215040 pct=0.3745 peak=none
2026-09-23T03:45:25.018Z CTX label=laborer_worker#2 childId=f8c9047d-cbe4-4b15-a0f6-1d54ea3691ca tok=80532 base=14227 window=215040 pct=0.3745 peak=none
2026-09-23T03:45:26.020Z CTX label=laborer_worker#2 childId=f8c9047d-cbe4-4b15-a0f6-1d54ea3691ca tok=80532 base=14227 window=215040 pct=0.3745 peak=none
2026-09-23T03:45:27.020Z CTX label=laborer_worker#2 childId=f8c9047d-cbe4-4b15-a0f6-1d54ea3691ca tok=80554 base=14227 window=215040 pct=0.3746 peak=none
2026-09-23T03:45:28.020Z CTX label=laborer_worker#2 childId=f8c9047d-cbe4-4b15-a0f6-1d54ea3691ca tok=80662 base=14227 window=215040 pct=0.3751 peak=none
2026-09-23T03:45:29.021Z CTX label=laborer_worker#2 childId=f8c9047d-cbe4-4b15-a0f6-1d54ea3691ca tok=80769 base=14227 window=215040 pct=0.3756 peak=none
2026-09-23T03:45:30.022Z CTX label=laborer_worker#2 childId=f8c9047d-cbe4-4b15-a0f6-1d54ea3691ca tok=80867 base=14227 window=215040 pct=0.3761 peak=none
2026-09-23T03:45:31.022Z CTX label=laborer_worker#2 childId=f8c9047d-cbe4-4b15-a0f6-1d54ea3691ca tok=80942 base=14227 window=215040 pct=0.3764 peak=none
2026-09-23T03:45:32.021Z CTX label=laborer_worker#2 childId=f8c9047d-cbe4-4b15-a0f6-1d54ea3691ca tok=81016 base=14227 window=215040 pct=0.3767 peak=none
2026-09-23T03:45:33.022Z CTX label=laborer_worker#2 childId=f8c9047d-cbe4-4b15-a0f6-1d54ea3691ca tok=81105 base=14227 window=215040 pct=0.3772 peak=none
2026-09-23T03:45:34.023Z CTX label=laborer_worker#2 childId=f8c9047d-cbe4-4b15-a0f6-1d54ea3691ca tok=81187 base=14227 window=215040 pct=0.3775 peak=none
2026-09-23T03:45:35.025Z CTX label=laborer_worker#2 childId=f8c9047d-cbe4-4b15-a0f6-1d54ea3691ca tok=81280 base=14227 window=215040 pct=0.3780 peak=none
2026-09-23T03:45:36.026Z CTX label=laborer_worker#2 childId=f8c9047d-cbe4-4b15-a0f6-1d54ea3691ca tok=81375 base=14227 window=215040 pct=0.3784 peak=none
2026-09-23T03:45:37.027Z CTX label=laborer_worker#2 childId=f8c9047d-cbe4-4b15-a0f6-1d54ea3691ca tok=81454 base=14227 window=215040 pct=0.3788 peak=none
2026-09-23T03:45:38.027Z CTX label=laborer_worker#2 childId=f8c9047d-cbe4-4b15-a0f6-1d54ea3691ca tok=81515 base=14227 window=215040 pct=0.3791 peak=none
2026-09-23T03:45:39.028Z CTX label=laborer_worker#2 childId=f8c9047d-cbe4-4b15-a0f6-1d54ea3691ca tok=81593 base=14227 window=215040 pct=0.3794 peak=none
2026-09-23T03:45:40.028Z CTX label=laborer_worker#2 childId=f8c9047d-cbe4-4b15-a0f6-1d54ea3691ca tok=81666 base=14227 window=215040 pct=0.3798 peak=none
2026-09-23T03:45:41.028Z CTX label=laborer_worker#2 childId=f8c9047d-cbe4-4b15-a0f6-1d54ea3691ca tok=81729 base=14227 window=215040 pct=0.3801 peak=none
2026-09-23T03:45:42.028Z CTX label=laborer_worker#2 childId=f8c9047d-cbe4-4b15-a0f6-1d54ea3691ca tok=81804 base=14227 window=215040 pct=0.3804 peak=none
2026-09-23T03:45:43.028Z CTX label=laborer_worker#2 childId=f8c9047d-cbe4-4b15-a0f6-1d54ea3691ca tok=81866 base=14227 window=215040 pct=0.3807 peak=none
2026-09-23T03:45:44.028Z CTX label=laborer_worker#2 childId=f8c9047d-cbe4-4b15-a0f6-1d54ea3691ca tok=81944 base=14227 window=215040 pct=0.3811 peak=none
2026-09-23T03:45:45.029Z CTX label=laborer_worker#2 childId=f8c9047d-cbe4-4b15-a0f6-1d54ea3691ca tok=82019 base=14227 window=215040 pct=0.3814 peak=none
2026-09-23T03:45:46.030Z CTX label=laborer_worker#2 childId=f8c9047d-cbe4-4b15-a0f6-1d54ea3691ca tok=82111 base=14227 window=215040 pct=0.3818 peak=none
2026-09-23T03:45:47.030Z CTX label=laborer_worker#2 childId=f8c9047d-cbe4-4b15-a0f6-1d54ea3691ca tok=82193 base=14227 window=215040 pct=0.3822 peak=none
2026-09-23T03:45:48.031Z CTX label=laborer_worker#2 childId=f8c9047d-cbe4-4b15-a0f6-1d54ea3691ca tok=82254 base=14227 window=215040 pct=0.3825 peak=none
2026-09-23T03:45:49.032Z CTX label=laborer_worker#2 childId=f8c9047d-cbe4-4b15-a0f6-1d54ea3691ca tok=82302 base=14227 window=215040 pct=0.3827 peak=none
2026-09-23T03:45:50.032Z CTX label=laborer_worker#2 childId=f8c9047d-cbe4-4b15-a0f6-1d54ea3691ca tok=82387 base=14227 window=215040 pct=0.3831 peak=none
2026-09-23T03:45:51.034Z CTX label=laborer_worker#2 childId=f8c9047d-cbe4-4b15-a0f6-1d54ea3691ca tok=82459 base=14227 window=215040 pct=0.3835 peak=none
2026-09-23T03:45:52.035Z CTX label=laborer_worker#2 childId=f8c9047d-cbe4-4b15-a0f6-1d54ea3691ca tok=82545 base=14227 window=215040 pct=0.3839 peak=none
2026-09-23T03:45:53.035Z CTX label=laborer_worker#2 childId=f8c9047d-cbe4-4b15-a0f6-1d54ea3691ca tok=82545 base=14227 window=215040 pct=0.3839 peak=none
2026-09-23T03:45:54.037Z CTX label=laborer_worker#2 childId=f8c9047d-cbe4-4b15-a0f6-1d54ea3691ca tok=82545 base=14227 window=215040 pct=0.3839 peak=none
2026-09-23T03:45:55.037Z CTX label=laborer_worker#2 childId=f8c9047d-cbe4-4b15-a0f6-1d54ea3691ca tok=82545 base=14227 window=215040 pct=0.3839 peak=none
2026-09-23T03:45:56.038Z CTX label=laborer_worker#2 childId=f8c9047d-cbe4-4b15-a0f6-1d54ea3691ca tok=82545 base=14227 window=215040 pct=0.3839 peak=none
2026-09-23T03:45:57.038Z CTX label=laborer_worker#2 childId=f8c9047d-cbe4-4b15-a0f6-1d54ea3691ca tok=82545 base=14227 window=215040 pct=0.3839 peak=none
2026-09-23T03:45:58.040Z CTX label=laborer_worker#2 childId=f8c9047d-cbe4-4b15-a0f6-1d54ea3691ca tok=82545 base=14227 window=215040 pct=0.3839 peak=none
2026-09-23T03:45:59.040Z CTX label=laborer_worker#2 childId=f8c9047d-cbe4-4b15-a0f6-1d54ea3691ca tok=82545 base=14227 window=215040 pct=0.3839 peak=none
2026-09-23T03:46:00.041Z CTX label=laborer_worker#2 childId=f8c9047d-cbe4-4b15-a0f6-1d54ea3691ca tok=83271 base=14227 window=215040 pct=0.3872 peak=none
2026-09-23T03:46:01.042Z CTX label=laborer_worker#2 childId=f8c9047d-cbe4-4b15-a0f6-1d54ea3691ca tok=84447 base=14227 window=215040 pct=0.3927 peak=none
2026-09-23T03:46:02.044Z CTX label=laborer_worker#2 childId=f8c9047d-cbe4-4b15-a0f6-1d54ea3691ca tok=84468 base=14227 window=215040 pct=0.3928 peak=none
2026-09-23T03:46:03.044Z CTX label=laborer_worker#2 childId=f8c9047d-cbe4-4b15-a0f6-1d54ea3691ca tok=84551 base=14227 window=215040 pct=0.3932 peak=none
2026-09-23T03:46:04.045Z CTX label=laborer_worker#2 childId=f8c9047d-cbe4-4b15-a0f6-1d54ea3691ca tok=84636 base=14227 window=215040 pct=0.3936 peak=none
2026-09-23T03:46:05.045Z CTX label=laborer_worker#2 childId=f8c9047d-cbe4-4b15-a0f6-1d54ea3691ca tok=84705 base=14227 window=215040 pct=0.3939 peak=none
2026-09-23T03:46:06.046Z CTX label=laborer_worker#2 childId=f8c9047d-cbe4-4b15-a0f6-1d54ea3691ca tok=84796 base=14227 window=215040 pct=0.3943 peak=none
2026-09-23T03:46:07.047Z CTX label=laborer_worker#2 childId=f8c9047d-cbe4-4b15-a0f6-1d54ea3691ca tok=84869 base=14227 window=215040 pct=0.3947 peak=none
2026-09-23T03:46:08.049Z CTX label=laborer_worker#2 childId=f8c9047d-cbe4-4b15-a0f6-1d54ea3691ca tok=84948 base=14227 window=215040 pct=0.3950 peak=none
2026-09-23T03:46:09.049Z CTX label=laborer_worker#2 childId=f8c9047d-cbe4-4b15-a0f6-1d54ea3691ca tok=85015 base=14227 window=215040 pct=0.3953 peak=none
2026-09-23T03:46:10.049Z CTX label=laborer_worker#2 childId=f8c9047d-cbe4-4b15-a0f6-1d54ea3691ca tok=85108 base=14227 window=215040 pct=0.3958 peak=none
2026-09-23T03:46:11.050Z CTX label=laborer_worker#2 childId=f8c9047d-cbe4-4b15-a0f6-1d54ea3691ca tok=85167 base=14227 window=215040 pct=0.3961 peak=none
2026-09-23T03:46:12.050Z CTX label=laborer_worker#2 childId=f8c9047d-cbe4-4b15-a0f6-1d54ea3691ca tok=85248 base=14227 window=215040 pct=0.3964 peak=none
2026-09-23T03:46:13.052Z CTX label=laborer_worker#2 childId=f8c9047d-cbe4-4b15-a0f6-1d54ea3691ca tok=85327 base=14227 window=215040 pct=0.3968 peak=none
2026-09-23T03:46:14.052Z CTX label=laborer_worker#2 childId=f8c9047d-cbe4-4b15-a0f6-1d54ea3691ca tok=85416 base=14227 window=215040 pct=0.3972 peak=none
2026-09-23T03:46:15.052Z CTX label=laborer_worker#2 childId=f8c9047d-cbe4-4b15-a0f6-1d54ea3691ca tok=85489 base=14227 window=215040 pct=0.3975 peak=none
2026-09-23T03:46:16.054Z CTX label=laborer_worker#2 childId=f8c9047d-cbe4-4b15-a0f6-1d54ea3691ca tok=85590 base=14227 window=215040 pct=0.3980 peak=none
2026-09-23T03:46:17.056Z CTX label=laborer_worker#2 childId=f8c9047d-cbe4-4b15-a0f6-1d54ea3691ca tok=85657 base=14227 window=215040 pct=0.3983 peak=none
2026-09-23T03:46:18.057Z CTX label=laborer_worker#2 childId=f8c9047d-cbe4-4b15-a0f6-1d54ea3691ca tok=85743 base=14227 window=215040 pct=0.3987 peak=none
2026-09-23T03:46:19.058Z CTX label=laborer_worker#2 childId=f8c9047d-cbe4-4b15-a0f6-1d54ea3691ca tok=85823 base=14227 window=215040 pct=0.3991 peak=none
2026-09-23T03:46:20.058Z CTX label=laborer_worker#2 childId=f8c9047d-cbe4-4b15-a0f6-1d54ea3691ca tok=85879 base=14227 window=215040 pct=0.3994 peak=none
2026-09-23T03:46:21.060Z CTX label=laborer_worker#2 childId=f8c9047d-cbe4-4b15-a0f6-1d54ea3691ca tok=85957 base=14227 window=215040 pct=0.3997 peak=none
2026-09-23T03:46:22.061Z CTX label=laborer_worker#2 childId=f8c9047d-cbe4-4b15-a0f6-1d54ea3691ca tok=86048 base=14227 window=215040 pct=0.4001 peak=none
2026-09-23T03:46:23.061Z CTX label=laborer_worker#2 childId=f8c9047d-cbe4-4b15-a0f6-1d54ea3691ca tok=86125 base=14227 window=215040 pct=0.4005 peak=none
2026-09-23T03:46:24.063Z CTX label=laborer_worker#2 childId=f8c9047d-cbe4-4b15-a0f6-1d54ea3691ca tok=86205 base=14227 window=215040 pct=0.4009 peak=none
2026-09-23T03:46:25.065Z CTX label=laborer_worker#2 childId=f8c9047d-cbe4-4b15-a0f6-1d54ea3691ca tok=86315 base=14227 window=215040 pct=0.4014 peak=none
2026-09-23T03:46:26.065Z CTX label=laborer_worker#2 childId=f8c9047d-cbe4-4b15-a0f6-1d54ea3691ca tok=86368 base=14227 window=215040 pct=0.4016 peak=none
2026-09-23T03:46:27.067Z CTX label=laborer_worker#2 childId=f8c9047d-cbe4-4b15-a0f6-1d54ea3691ca tok=86427 base=14227 window=215040 pct=0.4019 peak=none
2026-09-23T03:46:28.067Z CTX label=laborer_worker#2 childId=f8c9047d-cbe4-4b15-a0f6-1d54ea3691ca tok=86504 base=14227 window=215040 pct=0.4023 peak=none
2026-09-23T03:46:29.067Z CTX label=laborer_worker#2 childId=f8c9047d-cbe4-4b15-a0f6-1d54ea3691ca tok=86585 base=14227 window=215040 pct=0.4026 peak=none
2026-09-23T03:46:30.070Z CTX label=laborer_worker#2 childId=f8c9047d-cbe4-4b15-a0f6-1d54ea3691ca tok=86660 base=14227 window=215040 pct=0.4030 peak=none
2026-09-23T03:46:31.069Z CTX label=laborer_worker#2 childId=f8c9047d-cbe4-4b15-a0f6-1d54ea3691ca tok=86760 base=14227 window=215040 pct=0.4035 peak=none
2026-09-23T03:46:32.070Z CTX label=laborer_worker#2 childId=f8c9047d-cbe4-4b15-a0f6-1d54ea3691ca tok=86879 base=14227 window=215040 pct=0.4040 peak=none
2026-09-23T03:46:33.071Z CTX label=laborer_worker#2 childId=f8c9047d-cbe4-4b15-a0f6-1d54ea3691ca tok=86907 base=14227 window=215040 pct=0.4041 peak=none
2026-09-23T03:46:34.071Z CTX label=laborer_worker#2 childId=f8c9047d-cbe4-4b15-a0f6-1d54ea3691ca tok=86907 base=14227 window=215040 pct=0.4041 peak=none
2026-09-23T03:46:35.072Z CTX label=laborer_worker#2 childId=f8c9047d-cbe4-4b15-a0f6-1d54ea3691ca tok=86907 base=14227 window=215040 pct=0.4041 peak=none
2026-09-23T03:46:36.072Z CTX label=laborer_worker#2 childId=f8c9047d-cbe4-4b15-a0f6-1d54ea3691ca tok=86907 base=14227 window=215040 pct=0.4041 peak=none
2026-09-23T03:46:37.073Z CTX label=laborer_worker#2 childId=f8c9047d-cbe4-4b15-a0f6-1d54ea3691ca tok=86907 base=14227 window=215040 pct=0.4041 peak=none
2026-09-23T03:46:38.073Z CTX label=laborer_worker#2 childId=f8c9047d-cbe4-4b15-a0f6-1d54ea3691ca tok=86907 base=14227 window=215040 pct=0.4041 peak=none
2026-09-23T03:46:39.075Z CTX label=laborer_worker#2 childId=f8c9047d-cbe4-4b15-a0f6-1d54ea3691ca tok=86907 base=14227 window=215040 pct=0.4041 peak=none
2026-09-23T03:46:40.076Z CTX label=laborer_worker#2 childId=f8c9047d-cbe4-4b15-a0f6-1d54ea3691ca tok=86907 base=14227 window=215040 pct=0.4041 peak=none
2026-09-23T03:46:41.077Z CTX label=laborer_worker#2 childId=f8c9047d-cbe4-4b15-a0f6-1d54ea3691ca tok=86907 base=14227 window=215040 pct=0.4041 peak=none
2026-09-23T03:46:42.078Z CTX label=laborer_worker#2 childId=f8c9047d-cbe4-4b15-a0f6-1d54ea3691ca tok=86907 base=14227 window=215040 pct=0.4041 peak=none
2026-09-23T03:46:43.078Z CTX label=laborer_worker#2 childId=f8c9047d-cbe4-4b15-a0f6-1d54ea3691ca tok=87845 base=14227 window=215040 pct=0.4085 peak=none
2026-09-23T03:46:44.078Z CTX label=laborer_worker#2 childId=f8c9047d-cbe4-4b15-a0f6-1d54ea3691ca tok=88513 base=14227 window=215040 pct=0.4116 peak=none
2026-09-23T03:46:45.080Z CTX label=laborer_worker#2 childId=f8c9047d-cbe4-4b15-a0f6-1d54ea3691ca tok=88513 base=14227 window=215040 pct=0.4116 peak=none
2026-09-23T03:46:46.092Z CTX label=laborer_worker#2 childId=f8c9047d-cbe4-4b15-a0f6-1d54ea3691ca tok=88513 base=14227 window=215040 pct=0.4116 peak=none
2026-09-23T03:46:47.082Z CTX label=laborer_worker#2 childId=f8c9047d-cbe4-4b15-a0f6-1d54ea3691ca tok=88513 base=14227 window=215040 pct=0.4116 peak=none
2026-09-23T03:46:48.083Z CTX label=laborer_worker#2 childId=f8c9047d-cbe4-4b15-a0f6-1d54ea3691ca tok=88513 base=14227 window=215040 pct=0.4116 peak=none
2026-09-23T03:46:49.085Z CTX label=laborer_worker#2 childId=f8c9047d-cbe4-4b15-a0f6-1d54ea3691ca tok=88513 base=14227 window=215040 pct=0.4116 peak=none
2026-09-23T03:46:50.085Z CTX label=laborer_worker#2 childId=f8c9047d-cbe4-4b15-a0f6-1d54ea3691ca tok=88548 base=14227 window=215040 pct=0.4118 peak=none
2026-09-23T03:46:51.086Z CTX label=laborer_worker#2 childId=f8c9047d-cbe4-4b15-a0f6-1d54ea3691ca tok=88689 base=14227 window=215040 pct=0.4124 peak=none
2026-09-23T03:46:52.086Z CTX label=laborer_worker#2 childId=f8c9047d-cbe4-4b15-a0f6-1d54ea3691ca tok=88838 base=14227 window=215040 pct=0.4131 peak=none
2026-09-23T03:46:53.085Z CTX label=laborer_worker#2 childId=f8c9047d-cbe4-4b15-a0f6-1d54ea3691ca tok=88961 base=14227 window=215040 pct=0.4137 peak=none
2026-09-23T03:46:54.086Z CTX label=laborer_worker#2 childId=f8c9047d-cbe4-4b15-a0f6-1d54ea3691ca tok=89087 base=14227 window=215040 pct=0.4143 peak=none
2026-09-23T03:46:55.087Z CTX label=laborer_worker#2 childId=f8c9047d-cbe4-4b15-a0f6-1d54ea3691ca tok=89230 base=14227 window=215040 pct=0.4149 peak=none
2026-09-23T03:46:55.103Z WF-END meta=gvs-solve childId=f8c9047d-cbe4-4b15-a0f6-1d54ea3691ca outcome=completed
2026-09-23T03:46:55.103Z END label=laborer_worker#2 childId=f8c9047d-cbe4-4b15-a0f6-1d54ea3691ca peak=none base=14227
2026-09-23T03:46:55.197Z START meta=gvs-solve label=check_worker#2 phase=solve childId=fd51d12a-df50-4fdc-b83f-25c830dcf033
2026-09-23T03:46:55.197Z GOT agent=true status=running label=check_worker#2 sess=fd51d12a-df50-4fdc-b83f-25c830dcf033
2026-09-23T03:46:55.197Z CHECK-INJECT grade=none
2026-09-23T03:48:48.019Z WF-END meta=gvs-solve childId=fd51d12a-df50-4fdc-b83f-25c830dcf033 outcome=completed
2026-09-23T03:48:48.114Z START meta=gvs-solve label=decision_manager#3 phase=solve childId=ca7c2a91-aa18-47a0-b4ae-6dff5bed2c3a
2026-09-23T03:48:48.114Z GOT agent=true status=running label=decision_manager#3 sess=ca7c2a91-aa18-47a0-b4ae-6dff5bed2c3a
2026-09-23T03:49:49.162Z WF-END meta=gvs-solve childId=ca7c2a91-aa18-47a0-b4ae-6dff5bed2c3a outcome=completed
2026-09-23T03:49:49.259Z START meta=gvs-solve label=laborer_worker#3 phase=solve childId=51b4387d-b223-41a6-87f6-8cfe29abab7f
2026-09-23T03:49:49.259Z GOT agent=true status=running label=laborer_worker#3 sess=51b4387d-b223-41a6-87f6-8cfe29abab7f
2026-09-23T03:49:49.260Z CTX label=laborer_worker#3 childId=51b4387d-b223-41a6-87f6-8cfe29abab7f tok=0 base=0 window=0 pct=0.0000 peak=none
2026-09-23T03:49:50.263Z CTX label=laborer_worker#3 childId=51b4387d-b223-41a6-87f6-8cfe29abab7f tok=14271 base=0 window=215040 pct=0.0664 peak=none
2026-09-23T03:49:50.263Z BASE label=laborer_worker#3 childId=51b4387d-b223-41a6-87f6-8cfe29abab7f base=14271 window=215040
2026-09-23T03:49:51.263Z CTX label=laborer_worker#3 childId=51b4387d-b223-41a6-87f6-8cfe29abab7f tok=14271 base=14271 window=215040 pct=0.0664 peak=none
2026-09-23T03:49:52.263Z CTX label=laborer_worker#3 childId=51b4387d-b223-41a6-87f6-8cfe29abab7f tok=14271 base=14271 window=215040 pct=0.0664 peak=none
2026-09-23T03:49:53.264Z CTX label=laborer_worker#3 childId=51b4387d-b223-41a6-87f6-8cfe29abab7f tok=14271 base=14271 window=215040 pct=0.0664 peak=none
2026-09-23T03:49:54.266Z CTX label=laborer_worker#3 childId=51b4387d-b223-41a6-87f6-8cfe29abab7f tok=14271 base=14271 window=215040 pct=0.0664 peak=none
2026-09-23T03:49:55.266Z CTX label=laborer_worker#3 childId=51b4387d-b223-41a6-87f6-8cfe29abab7f tok=17250 base=14271 window=215040 pct=0.0802 peak=none
2026-09-23T03:49:56.267Z CTX label=laborer_worker#3 childId=51b4387d-b223-41a6-87f6-8cfe29abab7f tok=17250 base=14271 window=215040 pct=0.0802 peak=none
2026-09-23T03:49:57.267Z CTX label=laborer_worker#3 childId=51b4387d-b223-41a6-87f6-8cfe29abab7f tok=17278 base=14271 window=215040 pct=0.0803 peak=none
2026-09-23T03:49:58.268Z CTX label=laborer_worker#3 childId=51b4387d-b223-41a6-87f6-8cfe29abab7f tok=19918 base=14271 window=215040 pct=0.0926 peak=none
2026-09-23T03:49:59.270Z CTX label=laborer_worker#3 childId=51b4387d-b223-41a6-87f6-8cfe29abab7f tok=19918 base=14271 window=215040 pct=0.0926 peak=none
2026-09-23T03:50:00.271Z CTX label=laborer_worker#3 childId=51b4387d-b223-41a6-87f6-8cfe29abab7f tok=19918 base=14271 window=215040 pct=0.0926 peak=none
2026-09-23T03:50:01.272Z CTX label=laborer_worker#3 childId=51b4387d-b223-41a6-87f6-8cfe29abab7f tok=19918 base=14271 window=215040 pct=0.0926 peak=none
2026-09-23T03:50:02.273Z CTX label=laborer_worker#3 childId=51b4387d-b223-41a6-87f6-8cfe29abab7f tok=20025 base=14271 window=215040 pct=0.0931 peak=none
2026-09-23T03:50:03.274Z CTX label=laborer_worker#3 childId=51b4387d-b223-41a6-87f6-8cfe29abab7f tok=20183 base=14271 window=215040 pct=0.0939 peak=none
2026-09-23T03:50:04.275Z CTX label=laborer_worker#3 childId=51b4387d-b223-41a6-87f6-8cfe29abab7f tok=20301 base=14271 window=215040 pct=0.0944 peak=none
2026-09-23T03:50:05.276Z CTX label=laborer_worker#3 childId=51b4387d-b223-41a6-87f6-8cfe29abab7f tok=23517 base=14271 window=215040 pct=0.1094 peak=none
2026-09-23T03:50:06.278Z CTX label=laborer_worker#3 childId=51b4387d-b223-41a6-87f6-8cfe29abab7f tok=23517 base=14271 window=215040 pct=0.1094 peak=none
2026-09-23T03:50:07.279Z CTX label=laborer_worker#3 childId=51b4387d-b223-41a6-87f6-8cfe29abab7f tok=23569 base=14271 window=215040 pct=0.1096 peak=none
2026-09-23T03:50:08.279Z CTX label=laborer_worker#3 childId=51b4387d-b223-41a6-87f6-8cfe29abab7f tok=25204 base=14271 window=215040 pct=0.1172 peak=none
2026-09-23T03:50:09.281Z CTX label=laborer_worker#3 childId=51b4387d-b223-41a6-87f6-8cfe29abab7f tok=25329 base=14271 window=215040 pct=0.1178 peak=none
2026-09-23T03:50:10.283Z CTX label=laborer_worker#3 childId=51b4387d-b223-41a6-87f6-8cfe29abab7f tok=25451 base=14271 window=215040 pct=0.1184 peak=none
2026-09-23T03:50:11.284Z CTX label=laborer_worker#3 childId=51b4387d-b223-41a6-87f6-8cfe29abab7f tok=25596 base=14271 window=215040 pct=0.1190 peak=none
2026-09-23T03:50:12.283Z CTX label=laborer_worker#3 childId=51b4387d-b223-41a6-87f6-8cfe29abab7f tok=26552 base=14271 window=215040 pct=0.1235 peak=none
2026-09-23T03:50:13.285Z CTX label=laborer_worker#3 childId=51b4387d-b223-41a6-87f6-8cfe29abab7f tok=26552 base=14271 window=215040 pct=0.1235 peak=none
2026-09-23T03:50:14.286Z CTX label=laborer_worker#3 childId=51b4387d-b223-41a6-87f6-8cfe29abab7f tok=26666 base=14271 window=215040 pct=0.1240 peak=none
2026-09-23T03:50:15.286Z CTX label=laborer_worker#3 childId=51b4387d-b223-41a6-87f6-8cfe29abab7f tok=26791 base=14271 window=215040 pct=0.1246 peak=none
2026-09-23T03:50:16.286Z CTX label=laborer_worker#3 childId=51b4387d-b223-41a6-87f6-8cfe29abab7f tok=27678 base=14271 window=215040 pct=0.1287 peak=none
2026-09-23T03:50:17.286Z CTX label=laborer_worker#3 childId=51b4387d-b223-41a6-87f6-8cfe29abab7f tok=27678 base=14271 window=215040 pct=0.1287 peak=none
2026-09-23T03:50:18.287Z CTX label=laborer_worker#3 childId=51b4387d-b223-41a6-87f6-8cfe29abab7f tok=27701 base=14271 window=215040 pct=0.1288 peak=none
2026-09-23T03:50:19.286Z CTX label=laborer_worker#3 childId=51b4387d-b223-41a6-87f6-8cfe29abab7f tok=27814 base=14271 window=215040 pct=0.1293 peak=none
2026-09-23T03:50:20.287Z CTX label=laborer_worker#3 childId=51b4387d-b223-41a6-87f6-8cfe29abab7f tok=27931 base=14271 window=215040 pct=0.1299 peak=none
2026-09-23T03:50:21.288Z CTX label=laborer_worker#3 childId=51b4387d-b223-41a6-87f6-8cfe29abab7f tok=30633 base=14271 window=215040 pct=0.1425 peak=none
2026-09-23T03:50:22.288Z CTX label=laborer_worker#3 childId=51b4387d-b223-41a6-87f6-8cfe29abab7f tok=30633 base=14271 window=215040 pct=0.1425 peak=none
2026-09-23T03:50:23.289Z CTX label=laborer_worker#3 childId=51b4387d-b223-41a6-87f6-8cfe29abab7f tok=30724 base=14271 window=215040 pct=0.1429 peak=none
2026-09-23T03:50:24.290Z CTX label=laborer_worker#3 childId=51b4387d-b223-41a6-87f6-8cfe29abab7f tok=30862 base=14271 window=215040 pct=0.1435 peak=none
2026-09-23T03:50:25.291Z CTX label=laborer_worker#3 childId=51b4387d-b223-41a6-87f6-8cfe29abab7f tok=31002 base=14271 window=215040 pct=0.1442 peak=none
2026-09-23T03:50:26.291Z CTX label=laborer_worker#3 childId=51b4387d-b223-41a6-87f6-8cfe29abab7f tok=31124 base=14271 window=215040 pct=0.1447 peak=none
2026-09-23T03:50:27.293Z CTX label=laborer_worker#3 childId=51b4387d-b223-41a6-87f6-8cfe29abab7f tok=31216 base=14271 window=215040 pct=0.1452 peak=none
2026-09-23T03:50:28.294Z CTX label=laborer_worker#3 childId=51b4387d-b223-41a6-87f6-8cfe29abab7f tok=31342 base=14271 window=215040 pct=0.1457 peak=none
2026-09-23T03:50:29.296Z CTX label=laborer_worker#3 childId=51b4387d-b223-41a6-87f6-8cfe29abab7f tok=31438 base=14271 window=215040 pct=0.1462 peak=none
2026-09-23T03:50:30.297Z CTX label=laborer_worker#3 childId=51b4387d-b223-41a6-87f6-8cfe29abab7f tok=31544 base=14271 window=215040 pct=0.1467 peak=none
2026-09-23T03:50:31.298Z CTX label=laborer_worker#3 childId=51b4387d-b223-41a6-87f6-8cfe29abab7f tok=31656 base=14271 window=215040 pct=0.1472 peak=none
2026-09-23T03:50:32.297Z CTX label=laborer_worker#3 childId=51b4387d-b223-41a6-87f6-8cfe29abab7f tok=31964 base=14271 window=215040 pct=0.1486 peak=none
2026-09-23T03:50:33.298Z CTX label=laborer_worker#3 childId=51b4387d-b223-41a6-87f6-8cfe29abab7f tok=31976 base=14271 window=215040 pct=0.1487 peak=none
2026-09-23T03:50:34.300Z CTX label=laborer_worker#3 childId=51b4387d-b223-41a6-87f6-8cfe29abab7f tok=32678 base=14271 window=215040 pct=0.1520 peak=none
2026-09-23T03:50:35.300Z CTX label=laborer_worker#3 childId=51b4387d-b223-41a6-87f6-8cfe29abab7f tok=32707 base=14271 window=215040 pct=0.1521 peak=none
2026-09-23T03:50:36.300Z CTX label=laborer_worker#3 childId=51b4387d-b223-41a6-87f6-8cfe29abab7f tok=32813 base=14271 window=215040 pct=0.1526 peak=none
2026-09-23T03:50:37.302Z CTX label=laborer_worker#3 childId=51b4387d-b223-41a6-87f6-8cfe29abab7f tok=32872 base=14271 window=215040 pct=0.1529 peak=none
2026-09-23T03:50:38.302Z CTX label=laborer_worker#3 childId=51b4387d-b223-41a6-87f6-8cfe29abab7f tok=33529 base=14271 window=215040 pct=0.1559 peak=none
2026-09-23T03:50:39.303Z CTX label=laborer_worker#3 childId=51b4387d-b223-41a6-87f6-8cfe29abab7f tok=33529 base=14271 window=215040 pct=0.1559 peak=none
2026-09-23T03:50:40.304Z CTX label=laborer_worker#3 childId=51b4387d-b223-41a6-87f6-8cfe29abab7f tok=33597 base=14271 window=215040 pct=0.1562 peak=none
2026-09-23T03:50:41.304Z CTX label=laborer_worker#3 childId=51b4387d-b223-41a6-87f6-8cfe29abab7f tok=33697 base=14271 window=215040 pct=0.1567 peak=none
2026-09-23T03:50:42.306Z CTX label=laborer_worker#3 childId=51b4387d-b223-41a6-87f6-8cfe29abab7f tok=34205 base=14271 window=215040 pct=0.1591 peak=none
2026-09-23T03:50:43.306Z CTX label=laborer_worker#3 childId=51b4387d-b223-41a6-87f6-8cfe29abab7f tok=34240 base=14271 window=215040 pct=0.1592 peak=none
2026-09-23T03:50:44.308Z CTX label=laborer_worker#3 childId=51b4387d-b223-41a6-87f6-8cfe29abab7f tok=34336 base=14271 window=215040 pct=0.1597 peak=none
2026-09-23T03:50:45.309Z CTX label=laborer_worker#3 childId=51b4387d-b223-41a6-87f6-8cfe29abab7f tok=34416 base=14271 window=215040 pct=0.1600 peak=none
2026-09-23T03:50:46.309Z CTX label=laborer_worker#3 childId=51b4387d-b223-41a6-87f6-8cfe29abab7f tok=34533 base=14271 window=215040 pct=0.1606 peak=none
2026-09-23T03:50:47.311Z CTX label=laborer_worker#3 childId=51b4387d-b223-41a6-87f6-8cfe29abab7f tok=34681 base=14271 window=215040 pct=0.1613 peak=none
2026-09-23T03:50:48.311Z CTX label=laborer_worker#3 childId=51b4387d-b223-41a6-87f6-8cfe29abab7f tok=34791 base=14271 window=215040 pct=0.1618 peak=none
2026-09-23T03:50:49.313Z CTX label=laborer_worker#3 childId=51b4387d-b223-41a6-87f6-8cfe29abab7f tok=34916 base=14271 window=215040 pct=0.1624 peak=none
2026-09-23T03:50:50.313Z CTX label=laborer_worker#3 childId=51b4387d-b223-41a6-87f6-8cfe29abab7f tok=35018 base=14271 window=215040 pct=0.1628 peak=none
2026-09-23T03:50:51.315Z CTX label=laborer_worker#3 childId=51b4387d-b223-41a6-87f6-8cfe29abab7f tok=35116 base=14271 window=215040 pct=0.1633 peak=none
2026-09-23T03:50:52.316Z CTX label=laborer_worker#3 childId=51b4387d-b223-41a6-87f6-8cfe29abab7f tok=35144 base=14271 window=215040 pct=0.1634 peak=none
2026-09-23T03:50:53.317Z CTX label=laborer_worker#3 childId=51b4387d-b223-41a6-87f6-8cfe29abab7f tok=35144 base=14271 window=215040 pct=0.1634 peak=none
2026-09-23T03:50:54.317Z CTX label=laborer_worker#3 childId=51b4387d-b223-41a6-87f6-8cfe29abab7f tok=35144 base=14271 window=215040 pct=0.1634 peak=none
2026-09-23T03:50:55.318Z CTX label=laborer_worker#3 childId=51b4387d-b223-41a6-87f6-8cfe29abab7f tok=35144 base=14271 window=215040 pct=0.1634 peak=none
2026-09-23T03:50:56.319Z CTX label=laborer_worker#3 childId=51b4387d-b223-41a6-87f6-8cfe29abab7f tok=35144 base=14271 window=215040 pct=0.1634 peak=none
2026-09-23T03:50:57.320Z CTX label=laborer_worker#3 childId=51b4387d-b223-41a6-87f6-8cfe29abab7f tok=35144 base=14271 window=215040 pct=0.1634 peak=none
2026-09-23T03:50:58.320Z CTX label=laborer_worker#3 childId=51b4387d-b223-41a6-87f6-8cfe29abab7f tok=35144 base=14271 window=215040 pct=0.1634 peak=none
2026-09-23T03:50:59.322Z CTX label=laborer_worker#3 childId=51b4387d-b223-41a6-87f6-8cfe29abab7f tok=36025 base=14271 window=215040 pct=0.1675 peak=none
2026-09-23T03:51:00.322Z CTX label=laborer_worker#3 childId=51b4387d-b223-41a6-87f6-8cfe29abab7f tok=36134 base=14271 window=215040 pct=0.1680 peak=none
2026-09-23T03:51:01.320Z CTX label=laborer_worker#3 childId=51b4387d-b223-41a6-87f6-8cfe29abab7f tok=36807 base=14271 window=215040 pct=0.1712 peak=none
2026-09-23T03:51:02.322Z CTX label=laborer_worker#3 childId=51b4387d-b223-41a6-87f6-8cfe29abab7f tok=36867 base=14271 window=215040 pct=0.1714 peak=none
2026-09-23T03:51:03.323Z CTX label=laborer_worker#3 childId=51b4387d-b223-41a6-87f6-8cfe29abab7f tok=36963 base=14271 window=215040 pct=0.1719 peak=none
2026-09-23T03:51:04.325Z CTX label=laborer_worker#3 childId=51b4387d-b223-41a6-87f6-8cfe29abab7f tok=37136 base=14271 window=215040 pct=0.1727 peak=none
2026-09-23T03:51:05.327Z CTX label=laborer_worker#3 childId=51b4387d-b223-41a6-87f6-8cfe29abab7f tok=37335 base=14271 window=215040 pct=0.1736 peak=none
2026-09-23T03:51:06.327Z CTX label=laborer_worker#3 childId=51b4387d-b223-41a6-87f6-8cfe29abab7f tok=37489 base=14271 window=215040 pct=0.1743 peak=none
2026-09-23T03:51:07.129Z WF-END meta=gvs-solve childId=51b4387d-b223-41a6-87f6-8cfe29abab7f outcome=completed
2026-09-23T03:51:07.129Z END label=laborer_worker#3 childId=51b4387d-b223-41a6-87f6-8cfe29abab7f peak=none base=14271
2026-09-23T03:51:07.228Z START meta=gvs-solve label=check_worker#3 phase=solve childId=1873b41f-2828-4160-b5eb-aa43ab934913
2026-09-23T03:51:07.228Z GOT agent=true status=running label=check_worker#3 sess=1873b41f-2828-4160-b5eb-aa43ab934913
2026-09-23T03:51:07.228Z CHECK-INJECT grade=none
2026-09-23T03:51:31.858Z WF-END meta=gvs-solve childId=1873b41f-2828-4160-b5eb-aa43ab934913 outcome=cancelled
2026-09-23T03:54:44.392Z BIND thresh={"soft":0.5,"firm":0.6,"hard":0.7}
2026-09-23T03:58:09.556Z WF-START name=gvs-solve id=2a472c59-bf46-442b-ad8d-9bfa7fec64fc
2026-09-23T04:04:49.488Z WATCH label=laborer_worker childId=d888ce30-681b-46f3-8925-05420da0506e kind=laborer
2026-09-23T04:04:50.492Z BASE label=laborer_worker childId=d888ce30-681b-46f3-8925-05420da0506e base=16853 window=215040
2026-09-23T04:12:18.482Z END label=laborer_worker peak=none grade=none outcome=completed base=16853
2026-09-23T04:12:18.654Z CHECK skip label=check_worker grade=none
2026-09-23T04:17:19.284Z WATCH label=laborer_worker#2 childId=4e68e6d5-fe2a-416c-a50e-93ca20ef8aae kind=laborer
2026-09-23T04:17:20.287Z BASE label=laborer_worker#2 childId=4e68e6d5-fe2a-416c-a50e-93ca20ef8aae base=16926 window=215040
2026-09-23T04:23:35.443Z END label=laborer_worker#2 peak=none grade=none outcome=completed base=16926
2026-09-23T04:23:35.547Z CHECK skip label=check_worker#2 grade=none
2026-09-23T04:27:39.098Z WATCH label=laborer_worker#3 childId=a2ba3d53-c692-4135-916a-87ec8389d461 kind=laborer
2026-09-23T04:27:40.101Z BASE label=laborer_worker#3 childId=a2ba3d53-c692-4135-916a-87ec8389d461 base=16634 window=215040
2026-09-23T04:34:10.416Z ACT soft label=laborer_worker#3 tok=109795 t=107520
2026-09-23T04:37:39.585Z ACT firm label=laborer_worker#3 tok=129068 t=129024
2026-09-23T04:38:17.961Z END label=laborer_worker#3 peak=firm grade=moderate outcome=completed base=16634
2026-09-23T04:38:18.064Z CHECK inject label=check_worker#3 from=laborer_worker#3 grade=moderate peak=firm
2026-09-23T04:40:28.530Z WATCH label=laborer_worker#4 childId=4fa4ea77-7ea6-4a3f-95e7-5bb2eba7ae88 kind=laborer
2026-09-23T04:40:29.534Z BASE label=laborer_worker#4 childId=4fa4ea77-7ea6-4a3f-95e7-5bb2eba7ae88 base=16737 window=215040
2026-09-23T04:49:00.902Z ACT soft label=laborer_worker#4 tok=108275 t=107520
2026-09-23T04:51:15.258Z END label=laborer_worker#4 peak=soft grade=light outcome=completed base=16737
2026-09-23T04:51:15.361Z CHECK inject label=check_worker#4 from=laborer_worker#4 grade=light peak=soft
2026-09-23T04:58:09.437Z WATCH label=laborer_worker#5 childId=5c7ac815-66c4-42f2-b581-5ff9c0a97957 kind=laborer
2026-09-23T04:58:10.440Z BASE label=laborer_worker#5 childId=5c7ac815-66c4-42f2-b581-5ff9c0a97957 base=16786 window=215040
2026-09-23T05:02:13.125Z END label=laborer_worker#5 peak=none grade=none outcome=completed base=16786
2026-09-23T05:02:13.218Z CHECK skip label=check_worker#5 grade=none
2026-09-23T05:06:57.424Z WATCH label=laborer_worker#6 childId=7d59ad77-71d5-43a9-b528-aeb82fe149c5 kind=laborer
2026-09-23T05:06:58.425Z BASE label=laborer_worker#6 childId=7d59ad77-71d5-43a9-b528-aeb82fe149c5 base=16761 window=215040
2026-09-23T05:12:36.921Z END label=laborer_worker#6 peak=none grade=none outcome=completed base=16761
2026-09-23T05:12:37.030Z CHECK skip label=check_worker#6 grade=none
2026-09-23T11:24:00.512Z WF-START name=gvs-solve id=717095ba-a7f9-42cd-9a78-3e8609171f02
2026-09-23T11:28:36.336Z WATCH label=laborer_worker childId=92827c16-0eb1-498b-a92d-b03108667c1f kind=laborer
2026-09-23T11:28:37.338Z BASE label=laborer_worker childId=92827c16-0eb1-498b-a92d-b03108667c1f base=14591 window=215040
2026-09-23T11:33:43.305Z END label=laborer_worker peak=none grade=none outcome=completed base=14591
2026-09-23T11:33:43.369Z CHECK skip label=check_worker grade=none
2026-09-23T12:12:51.792Z WF-START name=gvs-solve id=892b4dd8-07ce-460b-9aaa-77d5f16505b0
2026-09-23T12:17:41.477Z WATCH label=laborer_worker childId=013c15c3-e2c1-4dd5-9b97-619e9630bed1 kind=laborer
2026-09-23T12:17:42.481Z BASE label=laborer_worker childId=013c15c3-e2c1-4dd5-9b97-619e9630bed1 base=14615 window=215040
2026-09-23T12:20:26.093Z END label=laborer_worker peak=none grade=none outcome=completed base=14615
2026-09-23T12:20:26.153Z CHECK skip label=check_worker grade=none
2026-09-23T12:23:58.113Z WATCH label=laborer_worker#2 childId=0a32a1f3-f36a-46e1-8a5b-e8c3a6623dc0 kind=laborer
2026-09-23T12:23:59.115Z BASE label=laborer_worker#2 childId=0a32a1f3-f36a-46e1-8a5b-e8c3a6623dc0 base=14642 window=215040
2026-09-23T12:26:23.142Z END label=laborer_worker#2 peak=none grade=none outcome=completed base=14642
2026-09-23T12:26:23.201Z CHECK skip label=check_worker#2 grade=none
2026-09-23T12:29:54.226Z WATCH label=laborer_worker#3 childId=76c7b256-8007-4b45-a5c8-a4c041b1cb12 kind=laborer
2026-09-23T12:29:55.228Z BASE label=laborer_worker#3 childId=76c7b256-8007-4b45-a5c8-a4c041b1cb12 base=14730 window=215040
2026-09-23T12:31:20.244Z END label=laborer_worker#3 peak=none grade=none outcome=completed base=14730
2026-09-23T12:31:20.299Z CHECK skip label=check_worker#3 grade=none
2026-09-23T13:21:31.635Z BIND thresh={"soft":0.5,"firm":0.6,"hard":0.7}
2026-09-23T14:12:30.706Z BIND thresh={"soft":0.5,"firm":0.6,"hard":0.7}
2026-09-23T14:15:57.004Z WF-START name=gvs-solve id=4896314e-2f9b-4794-b190-1f41229fcd92
2026-09-23T14:18:07.031Z WATCH label=laborer_worker childId=7871dc0c-fc71-4463-aef3-5c850c04dc53 kind=laborer
2026-09-23T14:18:08.034Z BASE label=laborer_worker childId=7871dc0c-fc71-4463-aef3-5c850c04dc53 base=14237 window=215040
2026-09-23T14:21:51.015Z END label=laborer_worker peak=none grade=none outcome=completed base=14237
2026-09-23T14:21:51.080Z CHECK skip label=check_worker grade=none
2026-09-23T14:23:51.694Z WATCH label=laborer_worker#2 childId=766ce81a-754e-4b85-ae43-5292a1f4f2e8 kind=laborer
2026-09-23T14:23:52.697Z BASE label=laborer_worker#2 childId=766ce81a-754e-4b85-ae43-5292a1f4f2e8 base=14188 window=215040
2026-09-23T14:48:39.638Z ACT soft label=laborer_worker#2 tok=107593 t=107520
2026-09-23T14:54:39.961Z ACT firm label=laborer_worker#2 tok=129754 t=129024
2026-09-23T14:55:26.621Z END label=laborer_worker#2 peak=firm grade=moderate outcome=completed base=14188
2026-09-23T14:55:26.680Z CHECK inject label=check_worker#2 from=laborer_worker#2 grade=moderate peak=firm
2026-09-23T14:59:09.910Z WATCH label=laborer_worker#3 childId=e7137ec3-e1a5-4edc-a6cd-2a9ac96d88c9 kind=laborer
2026-09-23T14:59:10.914Z BASE label=laborer_worker#3 childId=e7137ec3-e1a5-4edc-a6cd-2a9ac96d88c9 base=14222 window=215040
2026-09-23T15:11:56.509Z ACT soft label=laborer_worker#3 tok=107959 t=107520
2026-09-23T15:38:42.374Z ACT firm label=laborer_worker#3 tok=129051 t=129024
2026-09-23T15:39:44.257Z END label=laborer_worker#3 peak=firm grade=moderate outcome=completed base=14222
2026-09-23T15:39:44.317Z CHECK inject label=check_worker#3 from=laborer_worker#3 grade=moderate peak=firm
2026-09-23T15:44:12.763Z WATCH label=laborer_worker#4 childId=22dd891e-dc21-4f94-ab3a-4621055a94ba kind=laborer
2026-09-23T15:44:13.767Z BASE label=laborer_worker#4 childId=22dd891e-dc21-4f94-ab3a-4621055a94ba base=14196 window=215040
2026-09-23T15:51:21.671Z END label=laborer_worker#4 peak=none grade=none outcome=completed base=14196
2026-09-23T15:51:21.737Z CHECK skip label=check_worker#4 grade=none
2026-09-23T15:56:04.365Z WATCH label=laborer_worker#5 childId=43bc040a-80c2-42fc-afdf-5bc35ecdec1e kind=laborer
2026-09-23T15:56:05.369Z BASE label=laborer_worker#5 childId=43bc040a-80c2-42fc-afdf-5bc35ecdec1e base=14249 window=215040
2026-09-23T16:05:25.596Z END label=laborer_worker#5 peak=none grade=none outcome=completed base=14249
2026-09-23T16:05:25.675Z CHECK skip label=check_worker#5 grade=none
2026-09-23T16:14:52.885Z WATCH label=laborer_worker#6 childId=95f051be-ad42-4cfa-b917-2056c5ae52fb kind=laborer
2026-09-23T16:14:53.888Z BASE label=laborer_worker#6 childId=95f051be-ad42-4cfa-b917-2056c5ae52fb base=14147 window=215040
2026-09-23T16:24:33.349Z ACT soft label=laborer_worker#6 tok=108244 t=107520
2026-09-23T16:27:56.583Z ACT firm label=laborer_worker#6 tok=129024 t=129024
2026-09-23T16:28:38.703Z END label=laborer_worker#6 peak=firm grade=moderate outcome=completed base=14147
2026-09-23T16:28:38.760Z CHECK inject label=check_worker#6 from=laborer_worker#6 grade=moderate peak=firm
2026-09-23T16:39:10.530Z WATCH label=laborer_worker#7 childId=4aeba07c-3d76-4a99-bd59-5029e2cefd9e kind=laborer
2026-09-23T16:39:11.535Z BASE label=laborer_worker#7 childId=4aeba07c-3d76-4a99-bd59-5029e2cefd9e base=14193 window=215040
2026-09-23T16:41:45.426Z END label=laborer_worker#7 peak=none grade=none outcome=completed base=14193
2026-09-23T16:41:45.485Z CHECK skip label=check_worker#7 grade=none
2026-09-23T16:45:17.000Z WATCH label=laborer_worker#8 childId=6a23e459-b1f7-48dd-a7a4-a91cdbd0e1fb kind=laborer
2026-09-23T16:45:18.002Z BASE label=laborer_worker#8 childId=6a23e459-b1f7-48dd-a7a4-a91cdbd0e1fb base=14310 window=215040
2026-09-23T16:50:32.621Z END label=laborer_worker#8 peak=none grade=none outcome=completed base=14310
2026-09-23T16:50:32.676Z CHECK skip label=check_worker#8 grade=none
2026-09-24T01:37:12.108Z BIND thresh={"soft":0.5,"firm":0.6,"hard":0.7}
2026-09-24T01:47:21.780Z BIND thresh={"soft":0.5,"firm":0.6,"hard":0.7}
2026-09-24T01:47:54.726Z PAUSE parent=session-3ab6c386-1454-49f0-b896-9e0fb405db9f
2026-09-24T01:47:54.728Z SWALLOW parent cancel (goal pause) parent=session-3ab6c386-1454-49f0-b896-9e0fb405db9f
2026-09-24T01:47:54.729Z PAUSE parent=session-3ab6c386-1454-49f0-b896-9e0fb405db9f
2026-09-24T01:47:56.984Z RESUME parent=session-3ab6c386-1454-49f0-b896-9e0fb405db9f
2026-09-24T01:47:58.908Z PAUSE parent=session-3ab6c386-1454-49f0-b896-9e0fb405db9f
2026-09-24T01:47:58.908Z SWALLOW parent cancel (goal pause) parent=session-3ab6c386-1454-49f0-b896-9e0fb405db9f
2026-09-24T01:47:58.909Z PAUSE parent=session-3ab6c386-1454-49f0-b896-9e0fb405db9f
2026-09-24T01:48:00.810Z RESUME parent=session-3ab6c386-1454-49f0-b896-9e0fb405db9f
2026-09-24T01:52:46.343Z BIND thresh={"soft":0.5,"firm":0.6,"hard":0.7}
2026-09-24T01:53:33.860Z WF-START name=gvs-solve id=f9ac8105-6d8a-434c-9d17-b297b1d25b62
2026-09-24T01:55:49.543Z PAUSE parent=session-b216c084-19b1-4388-a6b1-81904b5a4ad5 cancelParent=false
2026-09-24T01:55:49.546Z PARENT cancel after park parent=session-b216c084-19b1-4388-a6b1-81904b5a4ad5
2026-09-24T01:55:49.547Z FREEZE workflow cancel reason=workflow signal aborted
2026-09-24T01:55:49.547Z FREEZE workflow cancel reason=parent step aborted
2026-09-24T01:55:49.547Z PAUSE parent=session-b216c084-19b1-4388-a6b1-81904b5a4ad5 cancelParent=true
2026-09-24T01:55:49.548Z PAUSE parent=session-b216c084-19b1-4388-a6b1-81904b5a4ad5 cancelParent=false
2026-09-24T01:55:49.548Z PARENT cancel after park parent=session-b216c084-19b1-4388-a6b1-81904b5a4ad5
2026-09-24T01:55:51.149Z WF-END ignored while paused id=f9ac8105-6d8a-434c-9d17-b297b1d25b62
2026-09-24T01:55:51.149Z FREEZE workflow dispose
2026-09-24T01:56:03.814Z RESUME parent=session-b216c084-19b1-4388-a6b1-81904b5a4ad5
2026-09-24T01:56:05.130Z PAUSE parent=session-b216c084-19b1-4388-a6b1-81904b5a4ad5 cancelParent=false
2026-09-24T01:56:05.132Z PARENT cancel after park parent=session-b216c084-19b1-4388-a6b1-81904b5a4ad5
2026-09-24T01:56:05.132Z PAUSE parent=session-b216c084-19b1-4388-a6b1-81904b5a4ad5 cancelParent=true
2026-09-24T01:56:05.134Z PAUSE parent=session-b216c084-19b1-4388-a6b1-81904b5a4ad5 cancelParent=false
2026-09-24T01:56:05.135Z PARENT cancel after park parent=session-b216c084-19b1-4388-a6b1-81904b5a4ad5
2026-09-24T01:59:08.959Z BIND thresh={"soft":0.5,"firm":0.6,"hard":0.7}
2026-09-24T01:59:35.013Z PAUSE wfLive=false parent=session-2efc624d-8e01-4829-ae1b-3e1f8296e131
2026-09-24T01:59:37.129Z RESUME wfLive=false parent=session-2efc624d-8e01-4829-ae1b-3e1f8296e131
2026-09-24T02:00:21.479Z WF-START name=gvs-solve id=ad4f0ec8-b5cd-494b-bf51-c71c92cc79a1
2026-09-24T02:00:21.479Z WF-START id=ad4f0ec8-b5cd-494b-bf51-c71c92cc79a1
2026-09-24T02:04:53.391Z BIND thresh={"soft":0.5,"firm":0.6,"hard":0.7}
2026-09-24T02:05:34.732Z PAUSE wfLive=false parent=session-86b68b89-a81b-4555-87c0-d13667298b44
2026-09-24T02:05:36.297Z RESUME wfLive=false parent=session-86b68b89-a81b-4555-87c0-d13667298b44
2026-09-24T02:06:00.592Z WF-START name=gvs-solve id=e0e3299b-acb1-4208-9d66-3a39376c1182
2026-09-24T02:06:00.592Z WF-START id=e0e3299b-acb1-4208-9d66-3a39376c1182
2026-09-24T02:06:07.260Z SWALLOW parent cancel (in workflow) parent=session-86b68b89-a81b-4555-87c0-d13667298b44
2026-09-24T02:06:07.261Z PAUSE wfLive=true parent=session-86b68b89-a81b-4555-87c0-d13667298b44
2026-09-24T02:06:10.519Z WF-END ignored while paused id=e0e3299b-acb1-4208-9d66-3a39376c1182
2026-09-24T02:06:11.564Z SWALLOW parent cancel (in workflow) parent=session-86b68b89-a81b-4555-87c0-d13667298b44
2026-09-24T02:36:35.190Z BIND thresh={"soft":0.5,"firm":0.6,"hard":0.7}
